1789863413,program-aware-scheduling-epp-5f557887db-z4wrc,583m,43Mi
1789863413,program-aware-vllm-decode-9c9b54cb6-f9qsh,108m,23455Mi
1789863413,program-aware-vllm-decode-9c9b54cb6-gkzmr,109m,23484Mi
1789863413,program-aware-vllm-decode-9c9b54cb6-kccxc,109m,23481Mi
1789863413,program-aware-vllm-decode-9c9b54cb6-mngw2,105m,23493Mi
1789863413,weka-bench-epp-thunder-c192-v4ctl-rxc5q,426m,52Mi
1789863445,program-aware-scheduling-epp-5f557887db-z4wrc,589m,43Mi
1789863445,program-aware-vllm-decode-9c9b54cb6-f9qsh,109m,23456Mi
1789863445,program-aware-vllm-decode-9c9b54cb6-gkzmr,110m,23486Mi
1789863445,program-aware-vllm-decode-9c9b54cb6-kccxc,108m,23481Mi
1789863445,program-aware-vllm-decode-9c9b54cb6-mngw2,108m,23493Mi
1789863445,weka-bench-epp-thunder-c192-v4ctl-rxc5q,1212m,164Mi
1789863477,program-aware-scheduling-epp-5f557887db-z4wrc,584m,45Mi
1789863477,program-aware-vllm-decode-9c9b54cb6-f9qsh,110m,23456Mi
1789863477,program-aware-vllm-decode-9c9b54cb6-gkzmr,120m,23486Mi
1789863477,program-aware-vllm-decode-9c9b54cb6-kccxc,121m,23481Mi
1789863477,program-aware-vllm-decode-9c9b54cb6-mngw2,109m,23493Mi
1789863477,weka-bench-epp-thunder-c192-v4ctl-rxc5q,927m,1061Mi
1789863509,program-aware-scheduling-epp-5f557887db-z4wrc,580m,45Mi
1789863509,program-aware-vllm-decode-9c9b54cb6-f9qsh,105m,23455Mi
1789863509,program-aware-vllm-decode-9c9b54cb6-gkzmr,114m,23485Mi
1789863509,program-aware-vllm-decode-9c9b54cb6-kccxc,110m,23481Mi
1789863509,program-aware-vllm-decode-9c9b54cb6-mngw2,111m,23492Mi
1789863509,weka-bench-epp-thunder-c192-v4ctl-rxc5q,5260m,4156Mi
1789863541,program-aware-scheduling-epp-5f557887db-z4wrc,574m,46Mi
1789863541,program-aware-vllm-decode-9c9b54cb6-f9qsh,106m,23455Mi
1789863541,program-aware-vllm-decode-9c9b54cb6-gkzmr,109m,23485Mi
1789863541,program-aware-vllm-decode-9c9b54cb6-kccxc,111m,23481Mi
1789863541,program-aware-vllm-decode-9c9b54cb6-mngw2,107m,23492Mi
1789863541,weka-bench-epp-thunder-c192-v4ctl-rxc5q,8041m,5558Mi
1789863573,program-aware-scheduling-epp-5f557887db-z4wrc,578m,45Mi
1789863573,program-aware-vllm-decode-9c9b54cb6-f9qsh,111m,23455Mi
1789863573,program-aware-vllm-decode-9c9b54cb6-gkzmr,112m,23485Mi
1789863573,program-aware-vllm-decode-9c9b54cb6-kccxc,112m,23481Mi
1789863573,program-aware-vllm-decode-9c9b54cb6-mngw2,272m,23439Mi
1789863573,weka-bench-epp-thunder-c192-v4ctl-rxc5q,8019m,6696Mi
1789863605,program-aware-scheduling-epp-5f557887db-z4wrc,776m,305Mi
1789863605,program-aware-vllm-decode-9c9b54cb6-f9qsh,2747m,23411Mi
1789863605,program-aware-vllm-decode-9c9b54cb6-gkzmr,2945m,23450Mi
1789863605,program-aware-vllm-decode-9c9b54cb6-kccxc,2724m,23446Mi
1789863605,program-aware-vllm-decode-9c9b54cb6-mngw2,3220m,23438Mi
1789863605,weka-bench-epp-thunder-c192-v4ctl-rxc5q,13621m,7402Mi
1789863637,program-aware-scheduling-epp-5f557887db-z4wrc,851m,440Mi
1789863637,program-aware-vllm-decode-9c9b54cb6-f9qsh,3370m,23503Mi
1789863637,program-aware-vllm-decode-9c9b54cb6-gkzmr,3192m,23470Mi
1789863637,program-aware-vllm-decode-9c9b54cb6-kccxc,3167m,23461Mi
1789863637,program-aware-vllm-decode-9c9b54cb6-mngw2,3189m,23513Mi
1789863637,weka-bench-epp-thunder-c192-v4ctl-rxc5q,5415m,7671Mi
1789863669,program-aware-scheduling-epp-5f557887db-z4wrc,1362m,463Mi
1789863669,program-aware-vllm-decode-9c9b54cb6-f9qsh,3105m,23544Mi
1789863669,program-aware-vllm-decode-9c9b54cb6-gkzmr,2598m,23503Mi
1789863669,program-aware-vllm-decode-9c9b54cb6-kccxc,2655m,23495Mi
1789863669,program-aware-vllm-decode-9c9b54cb6-mngw2,2148m,23514Mi
1789863669,weka-bench-epp-thunder-c192-v4ctl-rxc5q,3198m,7757Mi
1789863701,program-aware-scheduling-epp-5f557887db-z4wrc,1224m,495Mi
1789863701,program-aware-vllm-decode-9c9b54cb6-f9qsh,2837m,23542Mi
1789863701,program-aware-vllm-decode-9c9b54cb6-gkzmr,2864m,23508Mi
1789863701,program-aware-vllm-decode-9c9b54cb6-kccxc,2713m,23516Mi
1789863701,program-aware-vllm-decode-9c9b54cb6-mngw2,2721m,23531Mi
1789863701,weka-bench-epp-thunder-c192-v4ctl-rxc5q,3054m,7876Mi
1789863732,program-aware-scheduling-epp-5f557887db-z4wrc,1179m,498Mi
1789863732,program-aware-vllm-decode-9c9b54cb6-f9qsh,2928m,23538Mi
1789863732,program-aware-vllm-decode-9c9b54cb6-gkzmr,3101m,23508Mi
1789863732,program-aware-vllm-decode-9c9b54cb6-kccxc,2569m,23517Mi
1789863732,program-aware-vllm-decode-9c9b54cb6-mngw2,2928m,23529Mi
1789863732,weka-bench-epp-thunder-c192-v4ctl-rxc5q,3043m,7925Mi
1789863764,program-aware-scheduling-epp-5f557887db-z4wrc,1195m,499Mi
1789863764,program-aware-vllm-decode-9c9b54cb6-f9qsh,2959m,23527Mi
1789863764,program-aware-vllm-decode-9c9b54cb6-gkzmr,2816m,23509Mi
1789863764,program-aware-vllm-decode-9c9b54cb6-kccxc,2811m,23517Mi
1789863764,program-aware-vllm-decode-9c9b54cb6-mngw2,2619m,23531Mi
1789863764,weka-bench-epp-thunder-c192-v4ctl-rxc5q,3156m,8003Mi
1789863796,program-aware-scheduling-epp-5f557887db-z4wrc,1178m,507Mi
1789863796,program-aware-vllm-decode-9c9b54cb6-f9qsh,2604m,23530Mi
1789863796,program-aware-vllm-decode-9c9b54cb6-gkzmr,2756m,23514Mi
1789863796,program-aware-vllm-decode-9c9b54cb6-kccxc,2830m,23517Mi
1789863796,program-aware-vllm-decode-9c9b54cb6-mngw2,2726m,23533Mi
1789863796,weka-bench-epp-thunder-c192-v4ctl-rxc5q,3105m,8038Mi
1789863828,program-aware-scheduling-epp-5f557887db-z4wrc,1138m,524Mi
1789863828,program-aware-vllm-decode-9c9b54cb6-f9qsh,3006m,23529Mi
1789863828,program-aware-vllm-decode-9c9b54cb6-gkzmr,3025m,23513Mi
1789863828,program-aware-vllm-decode-9c9b54cb6-kccxc,2681m,23518Mi
1789863828,program-aware-vllm-decode-9c9b54cb6-mngw2,2757m,23533Mi
1789863828,weka-bench-epp-thunder-c192-v4ctl-rxc5q,3290m,8106Mi
1789863860,program-aware-scheduling-epp-5f557887db-z4wrc,1269m,530Mi
1789863860,program-aware-vllm-decode-9c9b54cb6-f9qsh,2397m,23529Mi
1789863860,program-aware-vllm-decode-9c9b54cb6-gkzmr,2513m,23513Mi
1789863860,program-aware-vllm-decode-9c9b54cb6-kccxc,2476m,23517Mi
1789863860,program-aware-vllm-decode-9c9b54cb6-mngw2,2665m,23536Mi
1789863860,weka-bench-epp-thunder-c192-v4ctl-rxc5q,3182m,8157Mi
1789863892,program-aware-scheduling-epp-5f557887db-z4wrc,1241m,534Mi
1789863892,program-aware-vllm-decode-9c9b54cb6-f9qsh,2869m,23529Mi
1789863892,program-aware-vllm-decode-9c9b54cb6-gkzmr,2983m,23514Mi
1789863892,program-aware-vllm-decode-9c9b54cb6-kccxc,2505m,23518Mi
1789863892,program-aware-vllm-decode-9c9b54cb6-mngw2,2576m,23536Mi
1789863892,weka-bench-epp-thunder-c192-v4ctl-rxc5q,3470m,8229Mi
1789863924,program-aware-scheduling-epp-5f557887db-z4wrc,1287m,536Mi
1789863924,program-aware-vllm-decode-9c9b54cb6-f9qsh,2544m,23528Mi
1789863924,program-aware-vllm-decode-9c9b54cb6-gkzmr,2660m,23516Mi
1789863924,program-aware-vllm-decode-9c9b54cb6-kccxc,2482m,23518Mi
1789863924,program-aware-vllm-decode-9c9b54cb6-mngw2,2618m,23536Mi
1789863924,weka-bench-epp-thunder-c192-v4ctl-rxc5q,3386m,8297Mi
1789863956,program-aware-scheduling-epp-5f557887db-z4wrc,1276m,545Mi
1789863956,program-aware-vllm-decode-9c9b54cb6-f9qsh,2684m,23528Mi
1789863956,program-aware-vllm-decode-9c9b54cb6-gkzmr,2510m,23518Mi
1789863956,program-aware-vllm-decode-9c9b54cb6-kccxc,2698m,23517Mi
1789863956,program-aware-vllm-decode-9c9b54cb6-mngw2,2584m,23537Mi
1789863956,weka-bench-epp-thunder-c192-v4ctl-rxc5q,3349m,8349Mi
1789863988,program-aware-scheduling-epp-5f557887db-z4wrc,1284m,553Mi
1789863988,program-aware-vllm-decode-9c9b54cb6-f9qsh,2767m,23529Mi
1789863988,program-aware-vllm-decode-9c9b54cb6-gkzmr,2859m,23516Mi
1789863988,program-aware-vllm-decode-9c9b54cb6-kccxc,2413m,23518Mi
1789863988,program-aware-vllm-decode-9c9b54cb6-mngw2,2542m,23535Mi
1789863988,weka-bench-epp-thunder-c192-v4ctl-rxc5q,3471m,8404Mi
1789864020,program-aware-scheduling-epp-5f557887db-z4wrc,1368m,565Mi
1789864020,program-aware-vllm-decode-9c9b54cb6-f9qsh,2503m,23528Mi
1789864020,program-aware-vllm-decode-9c9b54cb6-gkzmr,2566m,23517Mi
1789864020,program-aware-vllm-decode-9c9b54cb6-kccxc,2779m,23518Mi
1789864020,program-aware-vllm-decode-9c9b54cb6-mngw2,2728m,23535Mi
1789864020,weka-bench-epp-thunder-c192-v4ctl-rxc5q,3473m,8480Mi
1789864052,program-aware-scheduling-epp-5f557887db-z4wrc,1218m,569Mi
1789864052,program-aware-vllm-decode-9c9b54cb6-f9qsh,2719m,23528Mi
1789864052,program-aware-vllm-decode-9c9b54cb6-gkzmr,2599m,23516Mi
1789864052,program-aware-vllm-decode-9c9b54cb6-kccxc,2697m,23518Mi
1789864052,program-aware-vllm-decode-9c9b54cb6-mngw2,2745m,23535Mi
1789864052,weka-bench-epp-thunder-c192-v4ctl-rxc5q,3389m,8530Mi
1789864083,program-aware-scheduling-epp-5f557887db-z4wrc,1311m,579Mi
1789864083,program-aware-vllm-decode-9c9b54cb6-f9qsh,2346m,23528Mi
1789864083,program-aware-vllm-decode-9c9b54cb6-gkzmr,2566m,23517Mi
1789864083,program-aware-vllm-decode-9c9b54cb6-kccxc,2935m,23516Mi
1789864083,program-aware-vllm-decode-9c9b54cb6-mngw2,2704m,23537Mi
1789864083,weka-bench-epp-thunder-c192-v4ctl-rxc5q,3552m,8570Mi
1789864115,program-aware-scheduling-epp-5f557887db-z4wrc,1363m,582Mi
1789864115,program-aware-vllm-decode-9c9b54cb6-f9qsh,2553m,23528Mi
1789864115,program-aware-vllm-decode-9c9b54cb6-gkzmr,2465m,23516Mi
1789864115,program-aware-vllm-decode-9c9b54cb6-kccxc,2745m,23517Mi
1789864115,program-aware-vllm-decode-9c9b54cb6-mngw2,2322m,23536Mi
1789864115,weka-bench-epp-thunder-c192-v4ctl-rxc5q,3744m,8647Mi
1789864147,program-aware-scheduling-epp-5f557887db-z4wrc,1351m,581Mi
1789864147,program-aware-vllm-decode-9c9b54cb6-f9qsh,2586m,23529Mi
1789864147,program-aware-vllm-decode-9c9b54cb6-gkzmr,3034m,23516Mi
1789864147,program-aware-vllm-decode-9c9b54cb6-kccxc,2308m,23517Mi
1789864147,program-aware-vllm-decode-9c9b54cb6-mngw2,2326m,23537Mi
1789864147,weka-bench-epp-thunder-c192-v4ctl-rxc5q,3774m,8717Mi
1789864179,program-aware-scheduling-epp-5f557887db-z4wrc,1364m,590Mi
1789864179,program-aware-vllm-decode-9c9b54cb6-f9qsh,2561m,23529Mi
1789864179,program-aware-vllm-decode-9c9b54cb6-gkzmr,2509m,23516Mi
1789864179,program-aware-vllm-decode-9c9b54cb6-kccxc,2739m,23517Mi
1789864179,program-aware-vllm-decode-9c9b54cb6-mngw2,2354m,23537Mi
1789864179,weka-bench-epp-thunder-c192-v4ctl-rxc5q,3699m,8783Mi
1789864211,program-aware-scheduling-epp-5f557887db-z4wrc,1198m,602Mi
1789864211,program-aware-vllm-decode-9c9b54cb6-f9qsh,3167m,23527Mi
1789864211,program-aware-vllm-decode-9c9b54cb6-gkzmr,2620m,23518Mi
1789864211,program-aware-vllm-decode-9c9b54cb6-kccxc,2589m,23517Mi
1789864211,program-aware-vllm-decode-9c9b54cb6-mngw2,2387m,23537Mi
1789864211,weka-bench-epp-thunder-c192-v4ctl-rxc5q,3482m,8888Mi
1789864243,program-aware-scheduling-epp-5f557887db-z4wrc,1395m,604Mi
1789864243,program-aware-vllm-decode-9c9b54cb6-f9qsh,2475m,23528Mi
1789864243,program-aware-vllm-decode-9c9b54cb6-gkzmr,2667m,23516Mi
1789864243,program-aware-vllm-decode-9c9b54cb6-kccxc,2316m,23516Mi
1789864243,program-aware-vllm-decode-9c9b54cb6-mngw2,2516m,23537Mi
1789864243,weka-bench-epp-thunder-c192-v4ctl-rxc5q,3571m,8966Mi
1789864275,program-aware-scheduling-epp-5f557887db-z4wrc,1477m,611Mi
1789864275,program-aware-vllm-decode-9c9b54cb6-f9qsh,2571m,23529Mi
1789864275,program-aware-vllm-decode-9c9b54cb6-gkzmr,2446m,23517Mi
1789864275,program-aware-vllm-decode-9c9b54cb6-kccxc,2460m,23516Mi
1789864275,program-aware-vllm-decode-9c9b54cb6-mngw2,2525m,23535Mi
1789864275,weka-bench-epp-thunder-c192-v4ctl-rxc5q,3846m,9006Mi
1789864307,program-aware-scheduling-epp-5f557887db-z4wrc,1298m,615Mi
1789864307,program-aware-vllm-decode-9c9b54cb6-f9qsh,2679m,23528Mi
1789864307,program-aware-vllm-decode-9c9b54cb6-gkzmr,2660m,23517Mi
1789864307,program-aware-vllm-decode-9c9b54cb6-kccxc,2678m,23517Mi
1789864307,program-aware-vllm-decode-9c9b54cb6-mngw2,2659m,23535Mi
1789864307,weka-bench-epp-thunder-c192-v4ctl-rxc5q,3398m,9070Mi
1789864339,program-aware-scheduling-epp-5f557887db-z4wrc,1327m,616Mi
1789864339,program-aware-vllm-decode-9c9b54cb6-f9qsh,2646m,23528Mi
1789864339,program-aware-vllm-decode-9c9b54cb6-gkzmr,2564m,23517Mi
1789864339,program-aware-vllm-decode-9c9b54cb6-kccxc,2405m,23517Mi
1789864339,program-aware-vllm-decode-9c9b54cb6-mngw2,2567m,23537Mi
1789864339,weka-bench-epp-thunder-c192-v4ctl-rxc5q,3591m,9131Mi
1789864371,program-aware-scheduling-epp-5f557887db-z4wrc,1375m,627Mi
1789864371,program-aware-vllm-decode-9c9b54cb6-f9qsh,2576m,23527Mi
1789864371,program-aware-vllm-decode-9c9b54cb6-gkzmr,3034m,23517Mi
1789864371,program-aware-vllm-decode-9c9b54cb6-kccxc,2331m,23517Mi
1789864371,program-aware-vllm-decode-9c9b54cb6-mngw2,2203m,23536Mi
1789864371,weka-bench-epp-thunder-c192-v4ctl-rxc5q,3554m,9217Mi
1789864403,program-aware-scheduling-epp-5f557887db-z4wrc,1334m,626Mi
1789864403,program-aware-vllm-decode-9c9b54cb6-f9qsh,2394m,23528Mi
1789864403,program-aware-vllm-decode-9c9b54cb6-gkzmr,2718m,23517Mi
1789864403,program-aware-vllm-decode-9c9b54cb6-kccxc,2732m,23516Mi
1789864403,program-aware-vllm-decode-9c9b54cb6-mngw2,2376m,23536Mi
1789864403,weka-bench-epp-thunder-c192-v4ctl-rxc5q,3350m,9270Mi
1789864435,program-aware-scheduling-epp-5f557887db-z4wrc,1370m,625Mi
1789864435,program-aware-vllm-decode-9c9b54cb6-f9qsh,2923m,23529Mi
1789864435,program-aware-vllm-decode-9c9b54cb6-gkzmr,2685m,23516Mi
1789864435,program-aware-vllm-decode-9c9b54cb6-kccxc,2834m,23516Mi
1789864435,program-aware-vllm-decode-9c9b54cb6-mngw2,2662m,23536Mi
1789864435,weka-bench-epp-thunder-c192-v4ctl-rxc5q,3053m,9289Mi
1789864467,program-aware-scheduling-epp-5f557887db-z4wrc,1499m,633Mi
1789864467,program-aware-vllm-decode-9c9b54cb6-f9qsh,2608m,23528Mi
1789864467,program-aware-vllm-decode-9c9b54cb6-gkzmr,2419m,23518Mi
1789864467,program-aware-vllm-decode-9c9b54cb6-kccxc,2334m,23517Mi
1789864467,program-aware-vllm-decode-9c9b54cb6-mngw2,2565m,23536Mi
1789864467,weka-bench-epp-thunder-c192-v4ctl-rxc5q,3568m,9372Mi
1789864499,program-aware-scheduling-epp-5f557887db-z4wrc,1376m,631Mi
1789864499,program-aware-vllm-decode-9c9b54cb6-f9qsh,2274m,23529Mi
1789864499,program-aware-vllm-decode-9c9b54cb6-gkzmr,2722m,23517Mi
1789864499,program-aware-vllm-decode-9c9b54cb6-kccxc,2616m,23517Mi
1789864499,program-aware-vllm-decode-9c9b54cb6-mngw2,2706m,23536Mi
1789864499,weka-bench-epp-thunder-c192-v4ctl-rxc5q,3493m,9417Mi
1789864531,program-aware-scheduling-epp-5f557887db-z4wrc,1241m,631Mi
1789864531,program-aware-vllm-decode-9c9b54cb6-f9qsh,2334m,23529Mi
1789864531,program-aware-vllm-decode-9c9b54cb6-gkzmr,2915m,23517Mi
1789864531,program-aware-vllm-decode-9c9b54cb6-kccxc,2697m,23517Mi
1789864531,program-aware-vllm-decode-9c9b54cb6-mngw2,2755m,23536Mi
1789864531,weka-bench-epp-thunder-c192-v4ctl-rxc5q,3252m,9456Mi
1789864563,program-aware-scheduling-epp-5f557887db-z4wrc,1319m,633Mi
1789864563,program-aware-vllm-decode-9c9b54cb6-f9qsh,2685m,23529Mi
1789864563,program-aware-vllm-decode-9c9b54cb6-gkzmr,2726m,23517Mi
1789864563,program-aware-vllm-decode-9c9b54cb6-kccxc,2555m,23518Mi
1789864563,program-aware-vllm-decode-9c9b54cb6-mngw2,2395m,23537Mi
1789864563,weka-bench-epp-thunder-c192-v4ctl-rxc5q,3411m,9521Mi
1789864594,program-aware-scheduling-epp-5f557887db-z4wrc,1477m,639Mi
1789864594,program-aware-vllm-decode-9c9b54cb6-f9qsh,2696m,23529Mi
1789864594,program-aware-vllm-decode-9c9b54cb6-gkzmr,2444m,23517Mi
1789864594,program-aware-vllm-decode-9c9b54cb6-kccxc,2645m,23518Mi
1789864594,program-aware-vllm-decode-9c9b54cb6-mngw2,2409m,23537Mi
1789864594,weka-bench-epp-thunder-c192-v4ctl-rxc5q,3349m,9572Mi
1789864626,program-aware-scheduling-epp-5f557887db-z4wrc,1402m,639Mi
1789864626,program-aware-vllm-decode-9c9b54cb6-f9qsh,2390m,23529Mi
1789864626,program-aware-vllm-decode-9c9b54cb6-gkzmr,2637m,23518Mi
1789864626,program-aware-vllm-decode-9c9b54cb6-kccxc,2569m,23518Mi
1789864626,program-aware-vllm-decode-9c9b54cb6-mngw2,2807m,23536Mi
1789864626,weka-bench-epp-thunder-c192-v4ctl-rxc5q,3633m,9608Mi
1789864658,program-aware-scheduling-epp-5f557887db-z4wrc,1315m,645Mi
1789864658,program-aware-vllm-decode-9c9b54cb6-f9qsh,2239m,23529Mi
1789864658,program-aware-vllm-decode-9c9b54cb6-gkzmr,2529m,23517Mi
1789864658,program-aware-vllm-decode-9c9b54cb6-kccxc,2728m,23519Mi
1789864658,program-aware-vllm-decode-9c9b54cb6-mngw2,2881m,23537Mi
1789864658,weka-bench-epp-thunder-c192-v4ctl-rxc5q,3329m,9665Mi
1789864691,program-aware-scheduling-epp-5f557887db-z4wrc,1434m,663Mi
1789864691,program-aware-vllm-decode-9c9b54cb6-f9qsh,2251m,23529Mi
1789864691,program-aware-vllm-decode-9c9b54cb6-gkzmr,2320m,23518Mi
1789864691,program-aware-vllm-decode-9c9b54cb6-kccxc,2475m,23519Mi
1789864691,program-aware-vllm-decode-9c9b54cb6-mngw2,2531m,23536Mi
1789864691,weka-bench-epp-thunder-c192-v4ctl-rxc5q,3912m,9777Mi
1789864723,program-aware-scheduling-epp-5f557887db-z4wrc,1365m,665Mi
1789864723,program-aware-vllm-decode-9c9b54cb6-f9qsh,2532m,23530Mi
1789864723,program-aware-vllm-decode-9c9b54cb6-gkzmr,2582m,23517Mi
1789864723,program-aware-vllm-decode-9c9b54cb6-kccxc,2146m,23519Mi
1789864723,program-aware-vllm-decode-9c9b54cb6-mngw2,2282m,23536Mi
1789864723,weka-bench-epp-thunder-c192-v4ctl-rxc5q,3653m,9830Mi
1789864755,program-aware-scheduling-epp-5f557887db-z4wrc,1479m,663Mi
1789864755,program-aware-vllm-decode-9c9b54cb6-f9qsh,2604m,23529Mi
1789864755,program-aware-vllm-decode-9c9b54cb6-gkzmr,2409m,23517Mi
1789864755,program-aware-vllm-decode-9c9b54cb6-kccxc,2517m,23520Mi
1789864755,program-aware-vllm-decode-9c9b54cb6-mngw2,2345m,23536Mi
1789864755,weka-bench-epp-thunder-c192-v4ctl-rxc5q,3746m,9886Mi
1789864787,program-aware-scheduling-epp-5f557887db-z4wrc,1472m,664Mi
1789864787,program-aware-vllm-decode-9c9b54cb6-f9qsh,2586m,23529Mi
1789864787,program-aware-vllm-decode-9c9b54cb6-gkzmr,2786m,23517Mi
1789864787,program-aware-vllm-decode-9c9b54cb6-kccxc,2613m,23522Mi
1789864787,program-aware-vllm-decode-9c9b54cb6-mngw2,2685m,23536Mi
1789864787,weka-bench-epp-thunder-c192-v4ctl-rxc5q,3541m,9927Mi
1789864818,program-aware-scheduling-epp-5f557887db-z4wrc,1394m,664Mi
1789864818,program-aware-vllm-decode-9c9b54cb6-f9qsh,2316m,23529Mi
1789864818,program-aware-vllm-decode-9c9b54cb6-gkzmr,2790m,23517Mi
1789864818,program-aware-vllm-decode-9c9b54cb6-kccxc,2641m,23521Mi
1789864818,program-aware-vllm-decode-9c9b54cb6-mngw2,2452m,23537Mi
1789864818,weka-bench-epp-thunder-c192-v4ctl-rxc5q,3562m,9991Mi
1789864850,program-aware-scheduling-epp-5f557887db-z4wrc,1406m,664Mi
1789864850,program-aware-vllm-decode-9c9b54cb6-f9qsh,2492m,23529Mi
1789864850,program-aware-vllm-decode-9c9b54cb6-gkzmr,2949m,23518Mi
1789864850,program-aware-vllm-decode-9c9b54cb6-kccxc,2829m,23521Mi
1789864850,program-aware-vllm-decode-9c9b54cb6-mngw2,2392m,23537Mi
1789864850,weka-bench-epp-thunder-c192-v4ctl-rxc5q,3496m,10056Mi
1789864882,program-aware-scheduling-epp-5f557887db-z4wrc,1394m,670Mi
1789864882,program-aware-vllm-decode-9c9b54cb6-f9qsh,2873m,23529Mi
1789864882,program-aware-vllm-decode-9c9b54cb6-gkzmr,2701m,23517Mi
1789864882,program-aware-vllm-decode-9c9b54cb6-kccxc,2895m,23523Mi
1789864882,program-aware-vllm-decode-9c9b54cb6-mngw2,2642m,23535Mi
1789864882,weka-bench-epp-thunder-c192-v4ctl-rxc5q,3157m,10074Mi
1789864914,program-aware-scheduling-epp-5f557887db-z4wrc,1287m,675Mi
1789864914,program-aware-vllm-decode-9c9b54cb6-f9qsh,2543m,23529Mi
1789864914,program-aware-vllm-decode-9c9b54cb6-gkzmr,2888m,23517Mi
1789864914,program-aware-vllm-decode-9c9b54cb6-kccxc,2626m,23523Mi
1789864914,program-aware-vllm-decode-9c9b54cb6-mngw2,2522m,23536Mi
1789864914,weka-bench-epp-thunder-c192-v4ctl-rxc5q,3331m,10131Mi
1789864946,program-aware-scheduling-epp-5f557887db-z4wrc,1296m,679Mi
1789864946,program-aware-vllm-decode-9c9b54cb6-f9qsh,2597m,23528Mi
1789864946,program-aware-vllm-decode-9c9b54cb6-gkzmr,2831m,23517Mi
1789864946,program-aware-vllm-decode-9c9b54cb6-kccxc,2779m,23523Mi
1789864946,program-aware-vllm-decode-9c9b54cb6-mngw2,2262m,23535Mi
1789864946,weka-bench-epp-thunder-c192-v4ctl-rxc5q,3491m,10176Mi
1789864978,program-aware-scheduling-epp-5f557887db-z4wrc,1310m,686Mi
1789864978,program-aware-vllm-decode-9c9b54cb6-f9qsh,2656m,23529Mi
1789864978,program-aware-vllm-decode-9c9b54cb6-gkzmr,2662m,23517Mi
1789864978,program-aware-vllm-decode-9c9b54cb6-kccxc,2809m,23523Mi
1789864978,program-aware-vllm-decode-9c9b54cb6-mngw2,2509m,23536Mi
1789864978,weka-bench-epp-thunder-c192-v4ctl-rxc5q,3476m,10239Mi
1789865010,program-aware-scheduling-epp-5f557887db-z4wrc,1227m,686Mi
1789865010,program-aware-vllm-decode-9c9b54cb6-f9qsh,2385m,23529Mi
1789865010,program-aware-vllm-decode-9c9b54cb6-gkzmr,2679m,23517Mi
1789865010,program-aware-vllm-decode-9c9b54cb6-kccxc,2766m,23523Mi
1789865010,program-aware-vllm-decode-9c9b54cb6-mngw2,2862m,23536Mi
1789865010,weka-bench-epp-thunder-c192-v4ctl-rxc5q,3333m,10296Mi
1789865042,program-aware-scheduling-epp-5f557887db-z4wrc,1274m,688Mi
1789865042,program-aware-vllm-decode-9c9b54cb6-f9qsh,2553m,23530Mi
1789865042,program-aware-vllm-decode-9c9b54cb6-gkzmr,2701m,23516Mi
1789865042,program-aware-vllm-decode-9c9b54cb6-kccxc,2701m,23523Mi
1789865042,program-aware-vllm-decode-9c9b54cb6-mngw2,2673m,23536Mi
1789865042,weka-bench-epp-thunder-c192-v4ctl-rxc5q,3464m,10343Mi
1789865074,program-aware-scheduling-epp-5f557887db-z4wrc,1318m,692Mi
1789865074,program-aware-vllm-decode-9c9b54cb6-f9qsh,2366m,23531Mi
1789865074,program-aware-vllm-decode-9c9b54cb6-gkzmr,2341m,23517Mi
1789865074,program-aware-vllm-decode-9c9b54cb6-kccxc,2884m,23523Mi
1789865074,program-aware-vllm-decode-9c9b54cb6-mngw2,2400m,23536Mi
1789865074,weka-bench-epp-thunder-c192-v4ctl-rxc5q,3409m,10399Mi
1789865106,program-aware-scheduling-epp-5f557887db-z4wrc,1372m,693Mi
1789865106,program-aware-vllm-decode-9c9b54cb6-f9qsh,2372m,23531Mi
1789865106,program-aware-vllm-decode-9c9b54cb6-gkzmr,2484m,23517Mi
1789865106,program-aware-vllm-decode-9c9b54cb6-kccxc,2483m,23522Mi
1789865106,program-aware-vllm-decode-9c9b54cb6-mngw2,2649m,23536Mi
1789865106,weka-bench-epp-thunder-c192-v4ctl-rxc5q,3626m,10451Mi
1789865138,program-aware-scheduling-epp-5f557887db-z4wrc,1462m,694Mi
1789865138,program-aware-vllm-decode-9c9b54cb6-f9qsh,2809m,23531Mi
1789865138,program-aware-vllm-decode-9c9b54cb6-gkzmr,2499m,23517Mi
1789865138,program-aware-vllm-decode-9c9b54cb6-kccxc,2359m,23524Mi
1789865138,program-aware-vllm-decode-9c9b54cb6-mngw2,2595m,23535Mi
1789865138,weka-bench-epp-thunder-c192-v4ctl-rxc5q,3700m,10501Mi
1789865170,program-aware-scheduling-epp-5f557887db-z4wrc,1486m,695Mi
1789865170,program-aware-vllm-decode-9c9b54cb6-f9qsh,2626m,23530Mi
1789865170,program-aware-vllm-decode-9c9b54cb6-gkzmr,2356m,23517Mi
1789865170,program-aware-vllm-decode-9c9b54cb6-kccxc,2505m,23522Mi
1789865170,program-aware-vllm-decode-9c9b54cb6-mngw2,2532m,23536Mi
1789865170,weka-bench-epp-thunder-c192-v4ctl-rxc5q,3890m,10581Mi
1789865202,program-aware-scheduling-epp-5f557887db-z4wrc,1425m,697Mi
1789865202,program-aware-vllm-decode-9c9b54cb6-f9qsh,2763m,23531Mi
1789865202,program-aware-vllm-decode-9c9b54cb6-gkzmr,2171m,23517Mi
1789865202,program-aware-vllm-decode-9c9b54cb6-kccxc,2614m,23522Mi
1789865202,program-aware-vllm-decode-9c9b54cb6-mngw2,2610m,23536Mi
1789865202,weka-bench-epp-thunder-c192-v4ctl-rxc5q,3659m,10645Mi
1789865234,program-aware-scheduling-epp-5f557887db-z4wrc,1375m,699Mi
1789865234,program-aware-vllm-decode-9c9b54cb6-f9qsh,2682m,23531Mi
1789865234,program-aware-vllm-decode-9c9b54cb6-gkzmr,2783m,23517Mi
1789865234,program-aware-vllm-decode-9c9b54cb6-kccxc,2559m,23523Mi
1789865234,program-aware-vllm-decode-9c9b54cb6-mngw2,2558m,23536Mi
1789865234,weka-bench-epp-thunder-c192-v4ctl-rxc5q,3498m,10684Mi
1789865266,program-aware-scheduling-epp-5f557887db-z4wrc,1340m,706Mi
1789865266,program-aware-vllm-decode-9c9b54cb6-f9qsh,2788m,23531Mi
1789865266,program-aware-vllm-decode-9c9b54cb6-gkzmr,2530m,23517Mi
1789865266,program-aware-vllm-decode-9c9b54cb6-kccxc,2146m,23522Mi
1789865266,program-aware-vllm-decode-9c9b54cb6-mngw2,2550m,23536Mi
1789865266,weka-bench-epp-thunder-c192-v4ctl-rxc5q,3502m,10731Mi
1789865297,program-aware-scheduling-epp-5f557887db-z4wrc,1322m,706Mi
1789865297,program-aware-vllm-decode-9c9b54cb6-f9qsh,2655m,23530Mi
1789865297,program-aware-vllm-decode-9c9b54cb6-gkzmr,2522m,23517Mi
1789865297,program-aware-vllm-decode-9c9b54cb6-kccxc,2792m,23522Mi
1789865297,program-aware-vllm-decode-9c9b54cb6-mngw2,2941m,23535Mi
1789865297,weka-bench-epp-thunder-c192-v4ctl-rxc5q,3420m,10772Mi
1789865329,program-aware-scheduling-epp-5f557887db-z4wrc,1297m,707Mi
1789865329,program-aware-vllm-decode-9c9b54cb6-f9qsh,2558m,23530Mi
1789865329,program-aware-vllm-decode-9c9b54cb6-gkzmr,2607m,23516Mi
1789865329,program-aware-vllm-decode-9c9b54cb6-kccxc,2700m,23522Mi
1789865329,program-aware-vllm-decode-9c9b54cb6-mngw2,2362m,23537Mi
1789865329,weka-bench-epp-thunder-c192-v4ctl-rxc5q,3703m,10816Mi
1789865361,program-aware-scheduling-epp-5f557887db-z4wrc,1277m,711Mi
1789865361,program-aware-vllm-decode-9c9b54cb6-f9qsh,2907m,23531Mi
1789865361,program-aware-vllm-decode-9c9b54cb6-gkzmr,2549m,23517Mi
1789865361,program-aware-vllm-decode-9c9b54cb6-kccxc,2621m,23522Mi
1789865361,program-aware-vllm-decode-9c9b54cb6-mngw2,2753m,23536Mi
1789865361,weka-bench-epp-thunder-c192-v4ctl-rxc5q,3608m,10874Mi
1789865393,program-aware-scheduling-epp-5f557887db-z4wrc,1186m,684Mi
1789865393,program-aware-vllm-decode-9c9b54cb6-f9qsh,2795m,23530Mi
1789865393,program-aware-vllm-decode-9c9b54cb6-gkzmr,2273m,23517Mi
1789865393,program-aware-vllm-decode-9c9b54cb6-kccxc,2520m,23522Mi
1789865393,program-aware-vllm-decode-9c9b54cb6-mngw2,2717m,23536Mi
1789865393,weka-bench-epp-thunder-c192-v4ctl-rxc5q,1990m,10899Mi
1789865425,program-aware-scheduling-epp-5f557887db-z4wrc,1126m,584Mi
1789865425,program-aware-vllm-decode-9c9b54cb6-f9qsh,2879m,23530Mi
1789865425,program-aware-vllm-decode-9c9b54cb6-gkzmr,2535m,23517Mi
1789865425,program-aware-vllm-decode-9c9b54cb6-kccxc,2882m,23522Mi
1789865425,program-aware-vllm-decode-9c9b54cb6-mngw2,2502m,23536Mi
1789865425,weka-bench-epp-thunder-c192-v4ctl-rxc5q,1573m,10911Mi
1789865457,program-aware-scheduling-epp-5f557887db-z4wrc,1050m,491Mi
1789865457,program-aware-vllm-decode-9c9b54cb6-f9qsh,2570m,23531Mi
1789865457,program-aware-vllm-decode-9c9b54cb6-gkzmr,2520m,23515Mi
1789865457,program-aware-vllm-decode-9c9b54cb6-kccxc,2728m,23522Mi
1789865457,program-aware-vllm-decode-9c9b54cb6-mngw2,2983m,23536Mi
1789865457,weka-bench-epp-thunder-c192-v4ctl-rxc5q,1602m,10927Mi
1789865489,program-aware-scheduling-epp-5f557887db-z4wrc,952m,447Mi
1789865489,program-aware-vllm-decode-9c9b54cb6-f9qsh,2842m,23532Mi
1789865489,program-aware-vllm-decode-9c9b54cb6-gkzmr,2198m,23517Mi
1789865489,program-aware-vllm-decode-9c9b54cb6-kccxc,2786m,23523Mi
1789865489,program-aware-vllm-decode-9c9b54cb6-mngw2,2311m,23535Mi
1789865489,weka-bench-epp-thunder-c192-v4ctl-rxc5q,1725m,10953Mi
1789865521,program-aware-scheduling-epp-5f557887db-z4wrc,1068m,135Mi
1789865521,program-aware-vllm-decode-9c9b54cb6-f9qsh,505m,23473Mi
1789865521,program-aware-vllm-decode-9c9b54cb6-gkzmr,388m,23496Mi
1789865521,program-aware-vllm-decode-9c9b54cb6-kccxc,953m,23493Mi
1789865521,program-aware-vllm-decode-9c9b54cb6-mngw2,323m,23493Mi
1789865521,weka-bench-epp-thunder-c192-v4ctl-rxc5q,2553m,4656Mi
1789865553,program-aware-scheduling-epp-5f557887db-z4wrc,779m,134Mi
1789865553,program-aware-vllm-decode-9c9b54cb6-f9qsh,107m,23473Mi
1789865553,program-aware-vllm-decode-9c9b54cb6-gkzmr,115m,23496Mi
1789865553,program-aware-vllm-decode-9c9b54cb6-kccxc,112m,23493Mi
1789865553,program-aware-vllm-decode-9c9b54cb6-mngw2,110m,23492Mi
1789865553,weka-bench-epp-thunder-c192-v4ctl-rxc5q,1649m,4660Mi
1789865585,program-aware-scheduling-epp-5f557887db-z4wrc,738m,136Mi
1789865585,program-aware-vllm-decode-9c9b54cb6-f9qsh,109m,23473Mi
1789865585,program-aware-vllm-decode-9c9b54cb6-gkzmr,111m,23496Mi
1789865585,program-aware-vllm-decode-9c9b54cb6-kccxc,115m,23493Mi
1789865585,program-aware-vllm-decode-9c9b54cb6-mngw2,106m,23492Mi
1789865585,weka-bench-epp-thunder-c192-v4ctl-rxc5q,1671m,4664Mi
1789865617,program-aware-scheduling-epp-5f557887db-z4wrc,777m,135Mi
1789865617,program-aware-vllm-decode-9c9b54cb6-f9qsh,111m,23474Mi
1789865617,program-aware-vllm-decode-9c9b54cb6-gkzmr,110m,23496Mi
1789865617,program-aware-vllm-decode-9c9b54cb6-kccxc,112m,23493Mi
1789865617,program-aware-vllm-decode-9c9b54cb6-mngw2,107m,23493Mi
1789865617,weka-bench-epp-thunder-c192-v4ctl-rxc5q,1661m,4669Mi
1789865648,program-aware-scheduling-epp-5f557887db-z4wrc,727m,137Mi
1789865648,program-aware-vllm-decode-9c9b54cb6-f9qsh,107m,23473Mi
1789865648,program-aware-vllm-decode-9c9b54cb6-gkzmr,109m,23496Mi
1789865648,program-aware-vllm-decode-9c9b54cb6-kccxc,111m,23493Mi
1789865648,program-aware-vllm-decode-9c9b54cb6-mngw2,109m,23493Mi
1789865648,weka-bench-epp-thunder-c192-v4ctl-rxc5q,1699m,4672Mi
1789865680,program-aware-scheduling-epp-5f557887db-z4wrc,734m,138Mi
1789865680,program-aware-vllm-decode-9c9b54cb6-f9qsh,108m,23474Mi
1789865680,program-aware-vllm-decode-9c9b54cb6-gkzmr,108m,23496Mi
1789865680,program-aware-vllm-decode-9c9b54cb6-kccxc,115m,23493Mi
1789865680,program-aware-vllm-decode-9c9b54cb6-mngw2,108m,23493Mi
1789865680,weka-bench-epp-thunder-c192-v4ctl-rxc5q,1678m,4662Mi
1789865712,program-aware-scheduling-epp-5f557887db-z4wrc,722m,133Mi
1789865712,program-aware-vllm-decode-9c9b54cb6-f9qsh,108m,23473Mi
1789865712,program-aware-vllm-decode-9c9b54cb6-gkzmr,106m,23496Mi
1789865712,program-aware-vllm-decode-9c9b54cb6-kccxc,110m,23493Mi
1789865712,program-aware-vllm-decode-9c9b54cb6-mngw2,106m,23492Mi
1789865712,weka-bench-epp-thunder-c192-v4ctl-rxc5q,1643m,4664Mi
1789865744,program-aware-scheduling-epp-5f557887db-z4wrc,722m,129Mi
1789865744,program-aware-vllm-decode-9c9b54cb6-f9qsh,109m,23474Mi
1789865744,program-aware-vllm-decode-9c9b54cb6-gkzmr,109m,23496Mi
1789865744,program-aware-vllm-decode-9c9b54cb6-kccxc,108m,23493Mi
1789865744,program-aware-vllm-decode-9c9b54cb6-mngw2,106m,23493Mi
1789865744,weka-bench-epp-thunder-c192-v4ctl-rxc5q,1683m,4665Mi
1789865776,program-aware-scheduling-epp-5f557887db-z4wrc,696m,127Mi
1789865776,program-aware-vllm-decode-9c9b54cb6-f9qsh,108m,23473Mi
1789865776,program-aware-vllm-decode-9c9b54cb6-gkzmr,107m,23496Mi
1789865776,program-aware-vllm-decode-9c9b54cb6-kccxc,109m,23493Mi
1789865776,program-aware-vllm-decode-9c9b54cb6-mngw2,107m,23493Mi
1789865776,weka-bench-epp-thunder-c192-v4ctl-rxc5q,1598m,4668Mi
1789865808,program-aware-scheduling-epp-5f557887db-z4wrc,701m,127Mi
1789865808,program-aware-vllm-decode-9c9b54cb6-f9qsh,108m,23474Mi
1789865808,program-aware-vllm-decode-9c9b54cb6-gkzmr,106m,23496Mi
1789865808,program-aware-vllm-decode-9c9b54cb6-kccxc,108m,23493Mi
1789865808,program-aware-vllm-decode-9c9b54cb6-mngw2,106m,23493Mi
1789865808,weka-bench-epp-thunder-c192-v4ctl-rxc5q,1702m,4671Mi
1789865840,program-aware-scheduling-epp-5f557887db-z4wrc,719m,128Mi
1789865840,program-aware-vllm-decode-9c9b54cb6-f9qsh,108m,23473Mi
1789865840,program-aware-vllm-decode-9c9b54cb6-gkzmr,107m,23496Mi
1789865840,program-aware-vllm-decode-9c9b54cb6-kccxc,108m,23493Mi
1789865840,program-aware-vllm-decode-9c9b54cb6-mngw2,105m,23493Mi
1789865840,weka-bench-epp-thunder-c192-v4ctl-rxc5q,1582m,4674Mi
1789865872,program-aware-scheduling-epp-5f557887db-z4wrc,701m,128Mi
1789865872,program-aware-vllm-decode-9c9b54cb6-f9qsh,109m,23474Mi
1789865872,program-aware-vllm-decode-9c9b54cb6-gkzmr,108m,23496Mi
1789865872,program-aware-vllm-decode-9c9b54cb6-kccxc,109m,23493Mi
1789865872,program-aware-vllm-decode-9c9b54cb6-mngw2,107m,23493Mi
1789865872,weka-bench-epp-thunder-c192-v4ctl-rxc5q,1679m,4676Mi
1789865904,program-aware-scheduling-epp-5f557887db-z4wrc,737m,129Mi
1789865904,program-aware-vllm-decode-9c9b54cb6-f9qsh,107m,23474Mi
1789865904,program-aware-vllm-decode-9c9b54cb6-gkzmr,111m,23495Mi
1789865904,program-aware-vllm-decode-9c9b54cb6-kccxc,108m,23493Mi
1789865904,program-aware-vllm-decode-9c9b54cb6-mngw2,107m,23493Mi
1789865904,weka-bench-epp-thunder-c192-v4ctl-rxc5q,1613m,4665Mi
1789865936,program-aware-scheduling-epp-5f557887db-z4wrc,702m,127Mi
1789865936,program-aware-vllm-decode-9c9b54cb6-f9qsh,109m,23473Mi
1789865936,program-aware-vllm-decode-9c9b54cb6-gkzmr,108m,23496Mi
1789865936,program-aware-vllm-decode-9c9b54cb6-kccxc,104m,23493Mi
1789865936,program-aware-vllm-decode-9c9b54cb6-mngw2,108m,23493Mi
1789865936,weka-bench-epp-thunder-c192-v4ctl-rxc5q,1640m,4694Mi
1789865968,program-aware-scheduling-epp-5f557887db-z4wrc,800m,130Mi
1789865968,program-aware-vllm-decode-9c9b54cb6-f9qsh,107m,23474Mi
1789865968,program-aware-vllm-decode-9c9b54cb6-gkzmr,108m,23495Mi
1789865968,program-aware-vllm-decode-9c9b54cb6-kccxc,107m,23493Mi
1789865968,program-aware-vllm-decode-9c9b54cb6-mngw2,105m,23493Mi
1789865968,weka-bench-epp-thunder-c192-v4ctl-rxc5q,1610m,4682Mi
1789865999,program-aware-scheduling-epp-5f557887db-z4wrc,754m,127Mi
1789865999,program-aware-vllm-decode-9c9b54cb6-f9qsh,108m,23473Mi
1789865999,program-aware-vllm-decode-9c9b54cb6-gkzmr,110m,23495Mi
1789865999,program-aware-vllm-decode-9c9b54cb6-kccxc,113m,23493Mi
1789865999,program-aware-vllm-decode-9c9b54cb6-mngw2,109m,23493Mi
1789865999,weka-bench-epp-thunder-c192-v4ctl-rxc5q,1622m,4715Mi
1789866031,program-aware-scheduling-epp-5f557887db-z4wrc,735m,129Mi
1789866031,program-aware-vllm-decode-9c9b54cb6-f9qsh,107m,23474Mi
1789866031,program-aware-vllm-decode-9c9b54cb6-gkzmr,110m,23496Mi
1789866031,program-aware-vllm-decode-9c9b54cb6-kccxc,113m,23493Mi
1789866031,program-aware-vllm-decode-9c9b54cb6-mngw2,110m,23493Mi
1789866031,weka-bench-epp-thunder-c192-v4ctl-rxc5q,1601m,4703Mi
1789866063,program-aware-scheduling-epp-5f557887db-z4wrc,741m,125Mi
1789866063,program-aware-vllm-decode-9c9b54cb6-f9qsh,108m,23474Mi
1789866063,program-aware-vllm-decode-9c9b54cb6-gkzmr,109m,23495Mi
1789866063,program-aware-vllm-decode-9c9b54cb6-kccxc,112m,23493Mi
1789866063,program-aware-vllm-decode-9c9b54cb6-mngw2,112m,23492Mi
1789866063,weka-bench-epp-thunder-c192-v4ctl-rxc5q,1663m,4709Mi
