ts,programs_running,programs_idle,programs_marked,programs_paused,holds_reasoning,holds_paused,holds_new,releases_reasoning,releases_paused,releases_new,pauses_total,resumes_total,rebinds_total,starvation_promotions_total,origin_waits_total,urgent_promotions_total,origin_wait_moves_total,pod_utilization,fc_queue_size,fc_queue_wait_sum,fc_queue_wait_count
1790028610.5,0.0,0.0,0.0,0.0,,,,,,,0.0,0.0,0.0,0.0,0.0,0.0,0.0,0.0,,,
1790028612.7,0.0,0.0,0.0,0.0,,,,,,,0.0,0.0,0.0,0.0,0.0,0.0,0.0,0.0,,,
1790028614.7,0.0,0.0,0.0,0.0,,,,,,,0.0,0.0,0.0,0.0,0.0,0.0,0.0,0.0,,,
1790028616.8,0.0,0.0,0.0,0.0,,,,,,,0.0,0.0,0.0,0.0,0.0,0.0,0.0,0.0,,,
1790028618.9,0.0,0.0,0.0,0.0,,,,,,,0.0,0.0,0.0,0.0,0.0,0.0,0.0,0.0,,,
1790028620.9,0.0,0.0,0.0,0.0,,,,,,,0.0,0.0,0.0,0.0,0.0,0.0,0.0,0.0,,,
1790028623.0,0.0,0.0,0.0,0.0,,,,,,,0.0,0.0,0.0,0.0,0.0,0.0,0.0,0.0,,,
1790028625.0,0.0,0.0,0.0,0.0,,,,,,,0.0,0.0,0.0,0.0,0.0,0.0,0.0,0.0,,,
1790028627.1,0.0,0.0,0.0,0.0,,,,,,,0.0,0.0,0.0,0.0,0.0,0.0,0.0,0.0,,,
1790028629.2,0.0,0.0,0.0,0.0,,,,,,,0.0,0.0,0.0,0.0,0.0,0.0,0.0,0.0,,,
1790028631.3,0.0,0.0,0.0,0.0,,,,,,,0.0,0.0,0.0,0.0,0.0,0.0,0.0,0.0,,,
1790028633.3,0.0,0.0,0.0,0.0,,,,,,,0.0,0.0,0.0,0.0,0.0,0.0,0.0,0.0,,,
1790028635.4,0.0,0.0,0.0,0.0,,,,,,,0.0,0.0,0.0,0.0,0.0,0.0,0.0,0.0,,,
1790028637.5,0.0,0.0,0.0,0.0,,,,,,,0.0,0.0,0.0,0.0,0.0,0.0,0.0,0.0,,,
1790028639.5,0.0,0.0,0.0,0.0,,,,,,,0.0,0.0,0.0,0.0,0.0,0.0,0.0,0.0,,,
1790028641.6,0.0,0.0,0.0,0.0,,,,,,,0.0,0.0,0.0,0.0,0.0,0.0,0.0,0.0,,,
1790028643.7,0.0,0.0,0.0,0.0,,,,,,,0.0,0.0,0.0,0.0,0.0,0.0,0.0,0.0,,,
1790028645.7,0.0,0.0,0.0,0.0,,,,,,,0.0,0.0,0.0,0.0,0.0,0.0,0.0,0.0,,,
1790028647.8,0.0,0.0,0.0,0.0,,,,,,,0.0,0.0,0.0,0.0,0.0,0.0,0.0,0.0,,,
1790028649.9,0.0,0.0,0.0,0.0,,,,,,,0.0,0.0,0.0,0.0,0.0,0.0,0.0,0.0,,,
1790028651.9,0.0,0.0,0.0,0.0,,,,,,,0.0,0.0,0.0,0.0,0.0,0.0,0.0,0.0,,,
1790028654.0,0.0,0.0,0.0,0.0,,,,,,,0.0,0.0,0.0,0.0,0.0,0.0,0.0,0.0,,,
1790028656.1,0.0,0.0,0.0,0.0,,,,,,,0.0,0.0,0.0,0.0,0.0,0.0,0.0,0.0,,,
1790028658.1,0.0,0.0,0.0,0.0,,,,,,,0.0,0.0,0.0,0.0,0.0,0.0,0.0,0.0,,,
1790028660.2,0.0,0.0,0.0,0.0,,,,,,,0.0,0.0,0.0,0.0,0.0,0.0,0.0,0.0,,,
1790028662.3,0.0,0.0,0.0,0.0,,,,,,,0.0,0.0,0.0,0.0,0.0,0.0,0.0,0.0,,,
1790028664.3,0.0,0.0,0.0,0.0,,,,,,,0.0,0.0,0.0,0.0,0.0,0.0,0.0,0.0,,,
1790028666.4,0.0,0.0,0.0,0.0,,,,,,,0.0,0.0,0.0,0.0,0.0,0.0,0.0,0.0,,,
1790028668.5,0.0,0.0,0.0,0.0,,,,,,,0.0,0.0,0.0,0.0,0.0,0.0,0.0,0.0,,,
1790028670.6,0.0,0.0,0.0,0.0,,,,,,,0.0,0.0,0.0,0.0,0.0,0.0,0.0,0.0,,,
1790028672.6,0.0,0.0,0.0,0.0,,,,,,,0.0,0.0,0.0,0.0,0.0,0.0,0.0,0.0,,,
1790028674.7,0.0,0.0,0.0,0.0,,,,,,,0.0,0.0,0.0,0.0,0.0,0.0,0.0,0.0,,,
1790028676.8,0.0,0.0,0.0,0.0,,,,,,,0.0,0.0,0.0,0.0,0.0,0.0,0.0,0.0,,,
1790028678.9,0.0,0.0,0.0,0.0,,,,,,,0.0,0.0,0.0,0.0,0.0,0.0,0.0,0.0,,,
1790028681.0,0.0,0.0,0.0,0.0,,,,,,,0.0,0.0,0.0,0.0,0.0,0.0,0.0,0.0,,,
1790028683.1,0.0,0.0,0.0,0.0,,,,,,,0.0,0.0,0.0,0.0,0.0,0.0,0.0,0.0,,,
1790028685.2,0.0,0.0,0.0,0.0,,,,,,,0.0,0.0,0.0,0.0,0.0,0.0,0.0,0.0,,,
1790028687.2,0.0,0.0,0.0,0.0,,,,,,,0.0,0.0,0.0,0.0,0.0,0.0,0.0,0.0,,,
1790028689.3,0.0,0.0,0.0,0.0,,,,,,,0.0,0.0,0.0,0.0,0.0,0.0,0.0,0.0,,,
1790028691.4,0.0,0.0,0.0,0.0,,,,,,,0.0,0.0,0.0,0.0,0.0,0.0,0.0,0.0,,,
1790028693.4,0.0,0.0,0.0,0.0,,,,,,,0.0,0.0,0.0,0.0,0.0,0.0,0.0,0.0,,,
1790028695.5,0.0,0.0,0.0,0.0,,,,,,,0.0,0.0,0.0,0.0,0.0,0.0,0.0,0.0,,,
1790028697.6,0.0,0.0,0.0,0.0,,,,,,,0.0,0.0,0.0,0.0,0.0,0.0,0.0,0.0,,,
1790028699.6,0.0,0.0,0.0,0.0,,,,,,,0.0,0.0,0.0,0.0,0.0,0.0,0.0,0.0,,,
1790028701.7,0.0,0.0,0.0,0.0,,,,,,,0.0,0.0,0.0,0.0,0.0,0.0,0.0,0.0,,,
1790028703.8,0.0,0.0,0.0,0.0,,,,,,,0.0,0.0,0.0,0.0,0.0,0.0,0.0,0.0,,,
1790028705.9,0.0,0.0,0.0,0.0,,,,,,,0.0,0.0,0.0,0.0,0.0,0.0,0.0,0.0,,,
1790028708.0,0.0,0.0,0.0,0.0,,,,,,,0.0,0.0,0.0,0.0,0.0,0.0,0.0,0.0,,,
1790028710.0,0.0,0.0,0.0,0.0,,,,,,,0.0,0.0,0.0,0.0,0.0,0.0,0.0,0.0,,,
1790028712.1,0.0,0.0,0.0,0.0,,,,,,,0.0,0.0,0.0,0.0,0.0,0.0,0.0,0.0,,,
1790028714.2,0.0,0.0,0.0,0.0,,,,,,,0.0,0.0,0.0,0.0,0.0,0.0,0.0,0.0,,,
1790028716.3,0.0,0.0,0.0,0.0,,,,,,,0.0,0.0,0.0,0.0,0.0,0.0,0.0,0.0,,,
1790028718.3,0.0,0.0,0.0,0.0,,,,,,,0.0,0.0,0.0,0.0,0.0,0.0,0.0,0.0,,,
1790028720.4,0.0,0.0,0.0,0.0,,,,,,,0.0,0.0,0.0,0.0,0.0,0.0,0.0,0.0,,,
1790028722.5,0.0,0.0,0.0,0.0,,,,,,,0.0,0.0,0.0,0.0,0.0,0.0,0.0,0.0,,,
1790028724.5,0.0,0.0,0.0,0.0,,,,,,,0.0,0.0,0.0,0.0,0.0,0.0,0.0,0.0,,,
1790028726.6,0.0,0.0,0.0,0.0,,,,,,,0.0,0.0,0.0,0.0,0.0,0.0,0.0,0.0,,,
1790028728.7,0.0,0.0,0.0,0.0,,,,,,,0.0,0.0,0.0,0.0,0.0,0.0,0.0,0.0,,,
1790028730.7,0.0,0.0,0.0,0.0,,,,,,,0.0,0.0,0.0,0.0,0.0,0.0,0.0,0.0,,,
1790028732.8,0.0,0.0,0.0,0.0,,,,,,,0.0,0.0,0.0,0.0,0.0,0.0,0.0,0.0,,,
1790028734.9,0.0,0.0,0.0,0.0,,,,,,,0.0,0.0,0.0,0.0,0.0,0.0,0.0,0.0,,,
1790028736.9,0.0,0.0,0.0,0.0,,,,,,,0.0,0.0,0.0,0.0,0.0,0.0,0.0,0.0,,,
1790028739.0,0.0,0.0,0.0,0.0,,,,,,,0.0,0.0,0.0,0.0,0.0,0.0,0.0,0.0,,,
1790028741.1,0.0,0.0,0.0,0.0,,,,,,,0.0,0.0,0.0,0.0,0.0,0.0,0.0,0.0,,,
1790028743.2,0.0,0.0,0.0,0.0,,,,,,,0.0,0.0,0.0,0.0,0.0,0.0,0.0,0.0,,,
1790028745.2,0.0,0.0,0.0,0.0,,,,,,,0.0,0.0,0.0,0.0,0.0,0.0,0.0,0.0,,,
1790028747.3,27.0,0.0,0.0,0.0,,,,10.0,,27.0,0.0,0.0,0.0,0.0,0.0,0.0,0.0,0.06266629117047527,,0.010374224,74.0
1790028750.0,39.0,3.0,0.0,0.0,,,,13.0,,42.0,0.0,0.0,0.0,0.0,0.0,0.0,0.0,0.06389380610091908,,0.01632696,110.0
1790028753.0,55.0,0.0,0.0,0.0,,,,38.0,,55.0,0.0,0.0,0.0,0.0,0.0,0.0,0.0,0.33967519579444266,,0.028474226,186.0
1790028756.5,75.0,0.0,0.0,0.0,,,,38.0,,75.0,0.0,0.0,0.0,0.0,0.0,0.0,0.0,0.3397198977219898,,0.035298338,226.0
1790028760.2,99.0,2.0,0.0,0.0,,,,62.0,,101.0,0.0,0.0,0.0,0.0,0.0,0.0,0.0,0.3545658548796624,,0.052730086,325.0
1790028764.0,112.0,1.0,0.0,0.0,,,,87.0,,113.0,0.0,0.0,0.0,0.0,0.0,0.0,0.0,0.35459267603619066,,0.066851606,400.0
1790028768.3,124.0,0.0,0.0,0.0,,,,99.0,,124.0,0.0,0.0,0.0,0.0,0.0,0.0,0.0,0.39375469370239247,,0.076774888,446.0
1790028772.8,126.0,0.0,0.0,0.0,,,,108.0,,126.0,0.0,0.0,0.0,0.0,0.0,0.0,0.0,0.39384409755748667,,0.081455724,468.0
1790028777.4,127.0,0.0,0.0,0.0,,,,109.0,,127.0,0.0,0.0,0.0,0.0,0.0,0.0,0.0,0.39418696134177306,,0.082155162,472.0
1790028782.1,127.0,1.0,0.0,0.0,,,,116.0,,128.0,0.0,0.0,0.0,0.0,0.0,0.0,0.0,0.42287308228730824,,0.085789864,488.0
1790028786.8,119.0,9.0,0.0,0.0,,,,121.0,,128.0,0.0,0.0,0.0,0.0,0.0,0.0,0.0,0.44515073489968887,,0.087907784,498.0
1790028791.6,116.0,12.0,0.0,0.0,,,,141.0,,128.0,0.0,0.0,0.0,0.0,0.0,0.0,0.0,0.47198127883274327,,0.095817326,538.0
1790028796.5,124.0,4.0,0.0,0.0,,,,166.0,,128.0,0.0,0.0,0.0,0.0,0.0,0.0,0.0,0.4723290598290598,,0.105733462,588.0
1790028801.4,118.0,10.0,0.0,0.0,,,,186.0,,128.0,0.0,0.0,0.0,0.0,0.0,0.0,0.0,0.4838152201122912,,0.114872146,628.0
1790028806.4,123.0,5.0,0.0,0.0,,,,213.0,,128.0,0.0,0.0,0.0,0.0,0.0,0.0,0.0,0.47795077423738513,,0.126974982,682.0
1790028811.4,121.0,7.0,0.0,0.0,,,,236.0,,128.0,0.0,0.0,0.0,0.0,0.0,0.0,0.0,0.4676787183063334,,0.137467646,728.0
1790028816.5,122.0,6.0,0.0,0.0,,,,260.0,,128.0,0.0,0.0,0.0,0.0,0.0,0.0,0.0,0.47789892000143047,,0.148193606,776.0
1790028821.6,122.0,6.0,0.0,0.0,,,,284.0,,128.0,0.0,0.0,0.0,0.0,0.0,0.0,0.0,0.49169616993884774,,0.158840366,824.0
1790028826.7,121.0,7.0,0.0,0.0,,,,306.0,,128.0,0.0,0.0,0.0,0.0,0.0,0.0,0.0,0.49684985516575475,,0.16798489,868.0
1790028831.7,123.0,5.0,0.0,0.0,,,,330.0,,128.0,0.0,0.0,0.0,0.0,0.0,0.0,0.0,0.5110860780316847,,0.178508406,916.0
1790028836.7,120.0,8.0,0.0,0.0,,,,352.0,,128.0,0.0,0.0,0.0,0.0,0.0,0.0,0.0,0.5148388048492651,,0.187663598,960.0
1790028841.7,73.0,7.0,48.0,0.0,,,,377.0,,128.0,0.0,0.0,0.0,0.0,0.0,0.0,0.0,0.52162232235454,,0.197555332,1010.0
1790028846.7,78.0,4.0,44.0,2.0,,,,397.0,2.0,128.0,4.0,2.0,0.0,0.0,1.0,0.0,0.0,0.539119550835032,2.0,0.477875726,1054.0
1790028852.0,77.0,7.0,42.0,2.0,,1.0,,415.0,4.0,128.0,6.0,4.0,0.0,0.0,2.0,0.0,0.0,0.5482034295318814,,3.96139164,1094.0
1790028857.0,79.0,7.0,39.0,3.0,,1.0,,431.0,6.0,128.0,9.0,6.0,0.0,0.0,2.0,0.0,0.0,0.5565953223903015,,3.96834855,1130.0
1790028862.1,86.0,5.0,34.0,3.0,,1.0,,450.0,11.0,128.0,14.0,11.0,0.0,0.0,4.0,0.0,0.0,0.5609251510925151,4.0,6.209776252,1178.0
1790028867.2,87.0,7.0,31.0,3.0,,2.0,,467.0,14.0,128.0,17.0,14.0,0.0,0.0,7.0,0.0,0.0,0.5700421092157494,2.0,11.778941086,1218.0
1790028872.3,91.0,6.0,28.0,3.0,,3.0,,484.0,17.0,128.0,20.0,17.0,0.0,0.0,9.0,0.0,0.0,0.574945910667668,6.0,16.924664348,1258.0
1790028877.5,100.0,5.0,22.0,1.0,,6.0,,503.0,25.0,128.0,26.0,25.0,0.0,0.0,12.0,0.0,0.0,0.6141061402567679,2.0,41.117410562,1312.0
1790028882.7,100.0,5.0,22.0,1.0,,6.0,,509.0,25.0,128.0,26.0,25.0,0.0,0.0,12.0,0.0,0.0,0.61472481493402,2.0,41.120284944,1324.0
1790028887.8,105.0,4.0,18.0,1.0,,7.0,,520.0,29.0,128.0,30.0,29.0,1.0,0.0,14.0,0.0,1.0,0.6872478811286342,,58.930747336,1354.0
1790028892.9,106.0,5.0,14.0,3.0,,7.0,,537.0,31.0,128.0,34.0,31.0,1.0,0.0,15.0,0.0,1.0,0.687283642670672,,59.05527752,1392.0
1790028898.0,82.0,4.0,40.0,2.0,,7.0,,551.0,39.0,128.0,41.0,39.0,1.0,0.0,16.0,0.0,1.0,0.6881164395808748,4.0,59.077565776,1436.0
1790028903.1,86.0,5.0,34.0,3.0,,11.0,,562.0,44.0,128.0,47.0,44.0,1.0,0.0,21.0,0.0,1.0,0.7098603511783428,,73.216217462,1468.0
1790028908.2,93.0,7.0,26.0,2.0,,11.0,,583.0,53.0,128.0,55.0,53.0,1.0,0.0,22.0,0.0,1.0,0.7117592890605443,,73.46708991999999,1528.0
1790028913.4,99.0,6.0,21.0,2.0,,11.0,,606.0,58.0,128.0,60.0,58.0,1.0,0.0,23.0,0.0,1.0,0.714894682258699,,73.538912656,1584.0
1790028918.5,104.0,3.0,19.0,2.0,,12.0,,619.0,62.0,128.0,64.0,62.0,1.0,0.0,24.0,0.0,1.0,0.7186697600400529,,75.617126204,1618.0
1790028923.6,106.0,4.0,17.0,1.0,,14.0,,636.0,66.0,128.0,67.0,66.0,1.0,0.0,27.0,0.0,1.0,0.7216844580338304,2.0,85.864504168,1660.0
1790028928.6,79.0,4.0,43.0,2.0,,16.0,,652.0,70.0,128.0,72.0,70.0,1.0,0.0,30.0,0.0,1.0,0.7261238064585345,2.0,93.072008156,1700.0
1790028933.8,82.0,6.0,38.0,2.0,,18.0,,665.0,75.0,128.0,77.0,75.0,1.0,0.0,35.0,0.0,1.0,0.736949719271895,2.0,102.00953214,1736.0
1790028939.0,90.0,3.0,33.0,2.0,,20.0,,681.0,80.0,128.0,82.0,80.0,1.0,0.0,38.0,0.0,1.0,0.7393837392268354,,112.268272244,1778.0
1790028944.2,92.0,8.0,25.0,3.0,,20.0,,697.0,88.0,128.0,91.0,88.0,1.0,0.0,41.0,0.0,1.0,0.7408553266816865,2.0,112.988328536,1826.0
1790028949.2,100.0,5.0,21.0,2.0,,23.0,,714.0,93.0,128.0,95.0,93.0,1.0,0.0,46.0,0.0,1.0,0.7442388155777278,4.0,129.65164042199999,1870.0
1790028954.4,102.0,4.0,19.0,3.0,,24.0,,732.0,95.0,128.0,98.0,95.0,1.0,0.0,47.0,0.0,1.0,0.7532493831133998,2.0,134.99616097999998,1910.0
1790028959.5,89.0,2.0,34.0,3.0,,26.0,,746.0,105.0,128.0,108.0,105.0,2.0,0.0,52.0,0.0,2.0,0.8106980653005758,,156.234155696,1958.0
1790028964.6,95.0,3.0,27.0,3.0,,26.0,,755.0,112.0,128.0,115.0,112.0,2.0,0.0,52.0,0.0,2.0,0.8140636734255982,,156.241481322,1989.0
1790028969.7,99.0,4.0,22.0,3.0,,30.0,,769.0,117.0,128.0,120.0,117.0,2.0,0.0,57.0,0.0,2.0,0.8727501519865537,2.0,175.036783848,2028.0
1790028975.1,101.0,5.0,21.0,1.0,,32.0,,785.0,120.0,128.0,121.0,120.0,3.0,0.0,60.0,0.0,3.0,0.9118621034939026,2.0,195.88422116,2066.0
1790028981.1,80.0,3.0,42.0,3.0,,33.0,,802.0,123.0,128.0,126.0,123.0,3.0,0.0,62.0,0.0,3.0,0.9177877910095483,2.0,212.340014586,2106.0
1790028986.3,87.0,2.0,37.0,3.0,,34.0,,813.0,128.0,129.0,131.0,128.0,3.0,0.0,65.0,0.0,3.0,0.9193402889532597,4.0,220.00975553199999,2140.0
1790028991.4,94.0,2.0,28.0,5.0,,36.0,,826.0,135.0,129.0,140.0,135.0,3.0,0.0,69.0,0.0,3.0,0.9229012445016629,,240.968622202,2180.0
1790028996.8,96.0,2.0,27.0,4.0,,38.0,,832.0,137.0,129.0,141.0,137.0,3.0,0.0,71.0,0.0,3.0,0.9412715016271501,6.0,250.002758484,2196.0
1790029002.0,96.0,6.0,23.0,4.0,,43.0,,848.0,142.0,129.0,146.0,142.0,3.0,0.0,76.0,0.0,3.0,0.8926277581089297,,279.664168598,2238.0
1790029007.1,81.0,3.0,40.0,5.0,,43.0,,862.0,143.0,129.0,148.0,143.0,3.0,0.0,77.0,0.0,3.0,0.9737934949755034,6.0,279.787306776,2268.0
1790029012.6,86.0,4.0,36.0,3.0,,50.0,,875.0,150.0,129.0,153.0,150.0,5.0,0.0,84.0,0.0,5.0,1.0101223044737688,4.0,334.238378406,2308.0
1790029017.7,62.0,2.0,58.0,7.0,,53.0,,881.0,157.0,129.0,164.0,157.0,5.0,0.0,90.0,0.0,5.0,0.9939607695883846,,356.741766242,2334.0
1790029022.8,69.0,4.0,50.0,6.0,,54.0,,891.0,167.0,129.0,173.0,167.0,5.0,0.0,92.0,0.0,5.0,1.006810338661803,2.0,361.982248184,2374.0
1790029028.1,76.0,3.0,43.0,7.0,,56.0,,903.0,174.0,129.0,181.0,174.0,5.0,0.0,94.0,0.0,5.0,0.9403524299967815,4.0,373.163004912,2412.0
1790029033.2,69.0,1.0,54.0,5.0,,58.0,,913.0,180.0,129.0,185.0,180.0,6.0,0.0,98.0,0.0,6.0,0.9135500482780817,6.0,393.76569661,2444.0
1790029038.3,47.0,1.0,77.0,4.0,,58.0,,919.0,188.0,129.0,192.0,188.0,6.0,0.0,103.0,0.0,6.0,0.8788014519186067,6.0,398.885102152,2472.0
1790029043.5,53.0,3.0,67.0,6.0,,61.0,,928.0,196.0,129.0,202.0,196.0,7.0,0.0,108.0,0.0,7.0,0.9536221971891428,6.0,435.29830811200003,2506.0
1790029048.6,63.0,0.0,60.0,6.0,,66.0,,935.0,203.0,129.0,209.0,203.0,8.0,0.0,113.0,0.0,8.0,0.9912446804706219,6.0,472.417488628,2534.0
1790029053.8,70.0,2.0,54.0,3.0,,70.0,,941.0,214.0,129.0,217.0,214.0,8.0,0.0,117.0,0.0,8.0,0.991351965096735,,493.127393176,2568.0
1790029059.0,77.0,0.0,47.0,5.0,,72.0,,948.0,220.0,129.0,225.0,220.0,8.0,0.0,119.0,0.0,8.0,0.9934422272288381,6.0,502.67434567,2594.0
1790029064.1,51.0,1.0,71.0,6.0,,75.0,,951.0,225.0,129.0,231.0,225.0,8.0,0.0,121.0,0.0,9.0,0.9983183134856775,4.0,535.0094502000001,2610.0
1790029069.2,60.0,2.0,61.0,6.0,,78.0,,956.0,235.0,129.0,241.0,235.0,9.0,0.0,127.0,0.0,9.0,0.9991216071236991,2.0,553.9604969760001,2640.0
1790029074.4,65.0,0.0,57.0,7.0,,81.0,,961.0,240.0,129.0,247.0,240.0,9.0,0.0,131.0,0.0,9.0,0.9555381218038121,12.0,582.083647306,2660.0
1790029079.5,70.0,4.0,52.0,3.0,,87.0,,972.0,250.0,129.0,253.0,250.0,11.0,0.0,138.0,0.0,11.0,1.0045640668025606,,638.793069962,2702.0
1790029084.8,60.0,6.0,59.0,4.0,,87.0,,984.0,254.0,129.0,258.0,254.0,11.0,0.0,138.0,0.0,11.0,0.9813467796731395,4.0,638.800342622,2734.0
1790029090.1,68.0,1.0,55.0,5.0,,88.0,,997.0,259.0,129.0,264.0,259.0,12.0,0.0,139.0,0.0,12.0,0.9832171083217108,6.0,654.808894872,2770.0
1790029095.2,69.0,2.0,52.0,6.0,,91.0,,1002.0,262.0,129.0,268.0,262.0,13.0,0.0,142.0,0.0,13.0,1.0130051317812825,8.0,698.538169866,2786.0
1790029100.5,25.0,0.0,96.0,8.0,,97.0,,1009.0,271.0,129.0,279.0,271.0,13.0,0.0,146.0,0.0,13.0,1.0149916854414762,2.0,751.28251762,2818.0
1790029105.7,34.0,0.0,86.0,9.0,,101.0,,1012.0,280.0,129.0,289.0,280.0,13.0,0.0,150.0,0.0,13.0,0.9815081536315846,10.0,778.068188354,2842.0
1790029110.8,38.0,0.0,81.0,10.0,,104.0,,1018.0,284.0,129.0,294.0,284.0,13.0,0.0,153.0,0.0,13.0,0.9751926653077281,14.0,797.549040658,2862.0
1790029115.9,29.0,0.0,91.0,9.0,,110.0,,1025.0,292.0,129.0,301.0,292.0,16.0,0.0,160.0,0.0,16.0,0.9896519507921182,8.0,870.8831057140001,2892.0
1790029121.0,13.0,0.0,109.0,7.0,,116.0,,1027.0,301.0,129.0,308.0,301.0,16.0,0.0,167.0,0.0,16.0,0.997806476415263,12.0,931.501821984,2914.0
1790029126.2,19.0,0.0,100.0,10.0,,123.0,,1030.0,308.0,129.0,318.0,308.0,16.0,0.0,173.0,0.0,16.0,0.9979405821979044,13.0,992.919825402,2934.0
1790029131.4,30.0,1.0,88.0,10.0,,128.0,,1032.0,320.0,129.0,330.0,320.0,16.0,0.0,177.0,0.0,16.0,0.9980210456674892,14.0,1020.807484598,2962.0
1790029136.6,26.0,0.0,94.0,9.0,,134.0,,1035.0,329.0,129.0,338.0,329.0,18.0,0.0,182.0,0.0,17.0,0.9825050066158852,12.0,1100.990686994,2986.0
1790029141.7,32.0,1.0,87.0,9.0,,139.0,,1037.0,336.0,129.0,345.0,336.0,18.0,0.0,186.0,0.0,17.0,0.9825675893144512,12.0,1146.965020438,3004.0
1790029146.8,26.0,1.0,93.0,9.0,,146.0,,1039.0,345.0,129.0,354.0,345.0,20.0,0.0,193.0,0.0,19.0,0.9807585023066194,12.0,1210.971842362,3026.0
1790029151.8,22.0,0.0,97.0,10.0,,151.0,,1042.0,352.0,129.0,362.0,352.0,20.0,0.0,200.0,0.0,19.0,0.9688432035189357,12.0,1249.199035916,3046.0
1790029156.8,18.0,0.0,102.0,9.0,,152.0,,1045.0,356.0,129.0,365.0,356.0,21.0,0.0,201.0,0.0,20.0,1.0059976576189966,14.0,1266.892025096,3056.0
1790029162.1,11.0,0.0,107.0,11.0,,156.0,,1047.0,362.0,129.0,373.0,362.0,24.0,0.0,205.0,0.0,23.0,0.9948449737152666,18.0,1355.4170046460001,3072.0
1790029167.3,9.0,0.0,109.0,11.0,,161.0,,1049.0,369.0,129.0,380.0,369.0,25.0,0.0,207.0,0.0,23.0,0.9981998533776777,18.0,1488.3995307100001,3090.0
1790029172.3,18.0,0.0,101.0,10.0,,168.0,,1049.0,378.0,129.0,388.0,378.0,28.0,0.0,214.0,0.0,26.0,0.9982803168472625,14.0,1569.957215078,3108.0
1790029177.4,9.0,0.0,109.0,11.0,,173.0,,1052.0,384.0,129.0,395.0,384.0,29.0,0.0,219.0,0.0,27.0,1.0452557844294246,16.0,1621.624237536,3126.0
1790029182.6,9.0,0.0,109.0,11.0,,181.0,,1055.0,392.0,129.0,403.0,392.0,31.0,0.0,227.0,0.0,29.0,0.9941722097056825,18.0,1728.081878076,3148.0
1790029187.6,12.0,0.0,106.0,11.0,,185.0,,1055.0,398.0,129.0,409.0,398.0,32.0,0.0,231.0,0.0,30.0,0.9749517219182491,14.0,1775.925917768,3160.0
1790029192.9,18.0,0.0,97.0,14.0,,190.0,,1055.0,404.0,129.0,418.0,404.0,32.0,0.0,237.0,0.0,30.0,0.9750590065443622,16.0,1829.7945151640001,3172.0
1790029198.0,26.0,1.0,91.0,11.0,,195.0,,1057.0,413.0,129.0,424.0,413.0,32.0,0.0,241.0,0.0,30.0,0.9881446017952294,16.0,1862.142840534,3194.0
1790029203.1,20.0,2.0,94.0,13.0,,198.0,,1062.0,418.0,129.0,431.0,418.0,33.0,0.0,244.0,0.0,31.0,0.9888209419590173,20.0,1895.031343674,3214.0
1790029208.2,28.0,0.0,88.0,13.0,,203.0,,1064.0,426.0,129.0,439.0,426.0,34.0,0.0,249.0,0.0,32.0,1.0107888102134963,18.0,1957.5242048080001,3234.0
1790029213.4,17.0,0.0,100.0,12.0,,210.0,,1068.0,434.0,129.0,446.0,434.0,34.0,0.0,256.0,0.0,32.0,0.9807678897114044,20.0,2025.547741908,3258.0
1790029218.6,26.0,2.0,90.0,11.0,,217.0,,1072.0,445.0,129.0,456.0,445.0,34.0,0.0,265.0,0.0,32.0,0.9974010299324106,20.0,2073.03883613,3288.0
1790029224.0,31.0,1.0,84.0,13.0,,220.0,,1080.0,450.0,129.0,463.0,450.0,35.0,0.0,268.0,0.0,33.0,1.011702070593284,18.0,2116.496160586,3314.0
1790029229.2,28.0,1.0,89.0,11.0,,227.0,,1086.0,459.0,129.0,469.0,459.0,38.0,0.0,276.0,0.0,35.0,1.0094473053678075,17.0,2292.267028832,3342.0
1790029234.3,17.0,2.0,99.0,11.0,,232.0,,1086.0,464.0,129.0,475.0,464.0,38.0,0.0,281.0,0.0,35.0,0.9857897042520474,16.0,2348.345367324,3356.0
1790029239.4,26.0,3.0,89.0,11.0,,236.0,,1089.0,474.0,129.0,485.0,474.0,40.0,0.0,285.0,0.0,36.0,0.9858791081071416,16.0,2516.9416619040003,3380.0
1790029244.5,26.0,1.0,88.0,14.0,,237.0,,1092.0,480.0,129.0,494.0,480.0,41.0,0.0,286.0,0.0,37.0,0.9860042735042736,20.0,2537.043188332,3398.0
1790029249.6,21.0,0.0,95.0,13.0,,243.0,,1095.0,487.0,129.0,500.0,487.0,43.0,0.0,292.0,0.0,38.0,1.0197578049565497,22.0,2605.949663042,3418.0
1790029254.7,8.0,0.0,108.0,13.0,,243.0,,1096.0,490.0,129.0,503.0,490.0,43.0,0.0,292.0,0.0,38.0,0.9908119658119658,22.0,2605.951784682,3426.0
1790029259.9,13.0,1.0,102.0,13.0,,248.0,,1096.0,500.0,129.0,513.0,500.0,46.0,0.0,297.0,0.0,41.0,0.9947452884168365,22.0,2672.777632368,3446.0
1790029265.1,21.0,2.0,92.0,14.0,,256.0,,1097.0,509.0,129.0,523.0,509.0,50.0,0.0,303.0,0.0,43.0,0.9561970282158566,18.0,3049.737701798,3466.0
1790029270.1,23.0,0.0,92.0,14.0,,256.0,,1097.0,511.0,129.0,525.0,511.0,50.0,0.0,304.0,0.0,43.0,0.9977134964059651,28.0,3051.57028182,3470.0
1790029275.1,26.0,1.0,89.0,13.0,,259.0,,1102.0,515.0,129.0,528.0,515.0,52.0,0.0,307.0,0.0,45.0,0.9885531774130101,26.0,3093.375451794,3488.0
1790029280.2,31.0,1.0,84.0,13.0,,265.0,,1107.0,527.0,129.0,540.0,527.0,56.0,0.0,314.0,0.0,49.0,0.9936250581125058,22.0,3191.3139329640003,3522.0
1790029285.3,34.0,3.0,79.0,13.0,,269.0,,1109.0,533.0,129.0,546.0,533.0,59.0,0.0,319.0,0.0,52.0,0.9944735006973501,22.0,3312.51247117,3538.0
1790029290.4,31.0,0.0,82.0,16.0,,273.0,,1116.0,540.0,129.0,556.0,540.0,59.0,0.0,325.0,0.0,52.0,1.0189053391982261,26.0,3365.037581642,3566.0
1790029295.5,37.0,1.0,77.0,14.0,,277.0,,1117.0,547.0,129.0,561.0,547.0,61.0,0.0,329.0,0.0,54.0,1.0190394449808675,22.0,3410.188420422,3582.0
1790029300.5,39.0,3.0,74.0,13.0,,280.0,,1118.0,553.0,129.0,566.0,552.0,62.0,0.0,331.0,0.0,55.0,1.0194149411722633,22.0,3478.4383378400003,3596.0
1790029305.7,21.0,0.0,93.0,15.0,,283.0,,1122.0,559.0,129.0,574.0,559.0,64.0,0.0,336.0,0.0,57.0,0.9811661838858492,26.0,3515.833158372,3616.0
1790029310.7,30.0,0.0,84.0,15.0,,288.0,,1125.0,569.0,129.0,584.0,569.0,66.0,0.0,341.0,0.0,59.0,0.9993728319565139,24.0,3592.03250021,3642.0
1790029315.8,37.0,0.0,78.0,14.0,,292.0,,1127.0,577.0,129.0,591.0,577.0,67.0,0.0,345.0,0.0,60.0,0.9919062689983192,26.0,3635.9669798600003,3662.0
1790029320.8,40.0,1.0,72.0,16.0,,296.0,,1129.0,582.0,129.0,598.0,582.0,69.0,0.0,348.0,0.0,61.0,0.988227747380467,24.0,3750.617591632,3676.0
1790029325.9,25.0,0.0,89.0,15.0,1.0,303.0,,1134.0,590.0,129.0,605.0,590.0,70.0,0.0,354.0,0.0,62.0,0.9739043557558202,18.0,3880.459904926,3702.0
1790029331.0,18.0,1.0,95.0,15.0,1.0,306.0,,1137.0,595.0,129.0,610.0,595.0,71.0,0.0,357.0,0.0,63.0,1.0266289382398168,24.0,3924.5324392360003,3718.0
1790029336.1,21.0,1.0,91.0,16.0,1.0,309.0,,1139.0,599.0,129.0,615.0,599.0,71.0,0.0,360.0,0.0,63.0,0.9819690305045954,28.0,3948.0779750300003,3730.0
1790029341.2,10.0,0.0,102.0,17.0,1.0,313.0,,1141.0,603.0,129.0,620.0,603.0,71.0,0.0,363.0,0.0,63.0,0.9826663805743303,30.0,3988.8744464300003,3742.0
1790029347.0,19.0,1.0,94.0,15.0,1.0,321.0,,1141.0,614.0,129.0,629.0,614.0,74.0,0.0,373.0,0.0,66.0,0.9672558380717377,22.0,4116.124541408,3764.0
1790029352.1,14.0,0.0,100.0,15.0,1.0,324.0,,1143.0,618.0,129.0,633.0,618.0,75.0,0.0,376.0,0.0,67.0,1.0140855773700963,28.0,4181.081629974,3776.0
1790029357.2,13.0,1.0,102.0,13.0,1.0,330.0,,1145.0,625.0,129.0,638.0,625.0,75.0,0.0,383.0,0.0,67.0,0.96465373886922,24.0,4243.054580612,3794.0
1790029362.4,17.0,0.0,97.0,15.0,1.0,334.0,,1146.0,629.0,129.0,644.0,629.0,76.0,0.0,387.0,0.0,68.0,0.9770066695275901,26.0,4284.689255026,3804.0
1790029367.6,26.0,1.0,89.0,13.0,1.0,342.0,,1149.0,639.0,129.0,652.0,639.0,77.0,0.0,395.0,0.0,69.0,0.9874749669205736,22.0,4370.492262572,3830.0
1790029372.8,33.0,1.0,81.0,14.0,1.0,347.0,,1151.0,648.0,129.0,662.0,648.0,77.0,0.0,399.0,0.0,69.0,0.9799690662661374,20.0,4477.748926514,3852.0
1790029377.9,26.0,0.0,84.0,19.0,2.0,352.0,,1155.0,654.0,129.0,673.0,654.0,80.0,0.0,404.0,0.0,72.0,0.968855720058649,24.0,5124.335688112,3872.0
1790029383.1,21.0,1.0,90.0,17.0,2.0,355.0,,1156.0,658.0,129.0,675.0,658.0,81.0,0.0,407.0,0.0,73.0,1.0095970568250903,27.0,5158.929597036,3882.0
1790029388.1,28.0,0.0,85.0,16.0,2.0,361.0,,1159.0,665.0,129.0,681.0,665.0,85.0,0.0,413.0,0.0,77.0,0.9971824375067053,30.0,5243.67939903,3902.0
1790029393.2,21.0,0.0,93.0,15.0,2.0,369.0,,1163.0,673.0,129.0,688.0,673.0,87.0,0.0,421.0,0.0,79.0,1.0042368486929156,22.0,5367.61596547,3926.0
1790029398.6,21.0,1.0,91.0,16.0,2.0,374.0,,1165.0,679.0,129.0,695.0,679.0,88.0,0.0,426.0,0.0,80.0,0.979447841790938,28.0,5402.925878664,3942.0
1790029403.7,28.0,1.0,86.0,14.0,2.0,379.0,,1167.0,688.0,129.0,702.0,688.0,88.0,0.0,432.0,0.0,80.0,1.0037607731645388,26.0,5457.133213236,3964.0
1790029408.9,37.0,0.0,77.0,15.0,2.0,386.0,,1172.0,697.0,129.0,712.0,697.0,91.0,0.0,440.0,0.0,83.0,0.9961855845224046,16.0,5665.740174752,3992.0
1790029414.0,40.0,0.0,74.0,15.0,2.0,387.0,,1178.0,701.0,129.0,716.0,701.0,91.0,0.0,441.0,0.0,83.0,0.9834535815184351,28.0,5673.934083672,4012.0
1790029419.3,43.0,2.0,69.0,15.0,2.0,392.0,,1182.0,706.0,129.0,721.0,706.0,94.0,0.0,446.0,0.0,86.0,1.0105460787469156,24.0,5760.234165214,4030.0
1790029424.6,33.0,0.0,80.0,16.0,2.0,397.0,,1184.0,713.0,129.0,729.0,713.0,96.0,0.0,451.0,0.0,87.0,0.9969875371025999,24.0,5839.568582324,4048.0
1790029429.7,28.0,0.0,85.0,16.0,2.0,404.0,,1186.0,720.0,129.0,736.0,720.0,97.0,0.0,457.0,0.0,88.0,0.9965087794585703,24.0,5912.1099010240005,4066.0
1790029434.8,34.0,1.0,77.0,17.0,2.0,409.0,,1190.0,728.0,129.0,745.0,728.0,99.0,0.0,460.0,0.0,90.0,0.9893090870078318,22.0,5958.80255427,4090.0
1790029440.0,40.0,1.0,72.0,16.0,2.0,415.0,,1192.0,735.0,129.0,751.0,735.0,100.0,0.0,464.0,0.0,91.0,0.9774751457282838,24.0,6031.538021642,4108.0
1790029445.1,51.0,0.0,61.0,17.0,2.0,421.0,,1194.0,746.0,129.0,763.0,746.0,100.0,0.0,472.0,0.0,91.0,0.9718279512212566,28.0,6071.682927394,4134.0
1790029450.3,55.0,5.0,56.0,14.0,2.0,425.0,,1201.0,755.0,130.0,769.0,755.0,101.0,0.0,478.0,0.0,92.0,1.0268059578729034,20.0,6111.834761766,4169.0
1790029455.6,15.0,0.0,99.0,16.0,2.0,426.0,,1207.0,759.0,130.0,775.0,759.0,101.0,0.0,479.0,0.0,92.0,0.9973089439616636,26.0,6101.853499012,4068.0
1790029460.9,23.0,0.0,87.0,20.0,2.0,432.0,,1210.0,768.0,130.0,788.0,768.0,101.0,0.0,485.0,0.0,92.0,0.9802399599470729,26.0,6156.880871798,4092.0
1790029466.0,10.0,1.0,101.0,18.0,2.0,436.0,,1214.0,773.0,130.0,791.0,773.0,101.0,0.0,489.0,0.0,92.0,1.0096453349068413,26.0,6191.086469448001,4110.0
1790029471.1,16.0,1.0,95.0,18.0,2.0,439.0,,1218.0,779.0,130.0,797.0,779.0,102.0,0.0,492.0,0.0,93.0,0.9789516503951651,30.0,6222.271968148,4130.0
1790029476.2,24.0,0.0,89.0,17.0,2.0,445.0,,1220.0,791.0,130.0,808.0,791.0,103.0,0.0,498.0,0.0,94.0,0.9996861924686192,24.0,6292.60932736,4158.0
1790029481.5,31.0,0.0,82.0,17.0,2.0,449.0,,1222.0,798.0,130.0,815.0,798.0,105.0,0.0,502.0,0.0,96.0,0.9999186424918642,26.0,6407.123579212001,4176.0
1790029486.6,23.0,1.0,89.0,17.0,2.0,452.0,,1225.0,804.0,130.0,821.0,804.0,105.0,0.0,506.0,0.0,96.0,0.9778019168186532,28.0,6528.042274798,4194.0
1790029491.7,17.0,0.0,96.0,17.0,2.0,457.0,,1226.0,812.0,130.0,829.0,812.0,106.0,0.0,511.0,0.0,97.0,0.9732494725172549,26.0,6587.470324936,4212.0
1790029497.1,22.0,1.0,92.0,15.0,2.0,462.0,,1228.0,818.0,130.0,833.0,818.0,107.0,0.0,515.0,0.0,98.0,1.006899295497622,24.0,6625.038238634,4228.0
1790029502.1,18.0,1.0,94.0,17.0,2.0,464.0,,1232.0,823.0,130.0,840.0,823.0,108.0,0.0,517.0,0.0,98.0,1.008796892321997,25.0,6658.190246172,4246.0
1790029507.2,24.0,3.0,87.0,16.0,2.0,471.0,,1234.0,833.0,130.0,849.0,833.0,108.0,0.0,523.0,0.0,98.0,0.9925924435861674,19.0,6973.197313112,4272.0
1790029512.3,27.0,2.0,85.0,16.0,2.0,472.0,,1237.0,838.0,130.0,854.0,838.0,109.0,0.0,526.0,0.0,99.0,1.0175021456925222,22.0,7002.969997842,4286.0
1790029517.7,16.0,1.0,98.0,15.0,2.0,475.0,,1242.0,843.0,130.0,858.0,843.0,111.0,0.0,529.0,0.0,101.0,1.0284728927511355,26.0,7048.203474006,4306.0
1790029523.0,14.0,0.0,99.0,17.0,2.0,479.0,,1245.0,850.0,130.0,867.0,850.0,113.0,0.0,535.0,0.0,103.0,1.0105402674963344,22.0,7104.220543128,4326.0
1790029528.1,18.0,0.0,95.0,17.0,2.0,483.0,,1247.0,855.0,130.0,872.0,855.0,115.0,0.0,539.0,0.0,105.0,1.0048309373100168,26.0,7183.53091077,4340.0
1790029533.2,10.0,0.0,104.0,16.0,2.0,488.0,,1247.0,860.0,130.0,876.0,860.0,116.0,0.0,544.0,0.0,106.0,0.9927506884096843,24.0,7243.9787072300005,4350.0
1790029538.4,17.0,0.0,96.0,17.0,2.0,492.0,,1247.0,867.0,130.0,884.0,867.0,117.0,0.0,548.0,0.0,107.0,0.9928490326502879,28.0,7288.969145254,4364.0
1790029543.6,25.0,0.0,88.0,17.0,2.0,496.0,,1249.0,875.0,130.0,892.0,875.0,118.0,0.0,554.0,0.0,108.0,0.9630860422701427,24.0,7341.4412714400005,4384.0
1790029548.8,21.0,2.0,91.0,16.0,2.0,501.0,,1252.0,881.0,130.0,897.0,881.0,119.0,0.0,559.0,0.0,109.0,0.9791090011801309,24.0,7412.734053952,4402.0
1790029554.0,23.0,1.0,89.0,17.0,2.0,508.0,,1256.0,891.0,130.0,908.0,891.0,120.0,0.0,567.0,0.0,110.0,0.9916179415656403,22.0,7508.978096142,4430.0
1790029559.2,22.0,0.0,91.0,17.0,2.0,512.0,,1258.0,900.0,130.0,917.0,900.0,120.0,0.0,572.0,0.0,110.0,1.0037026606587276,26.0,7540.88055519,4452.0
1790029564.2,21.0,0.0,93.0,16.0,2.0,517.0,,1260.0,909.0,130.0,925.0,909.0,122.0,0.0,577.0,0.0,112.0,1.0157395486893395,24.0,7597.720457924001,4474.0
1790029569.3,26.0,2.0,87.0,15.0,2.0,521.0,,1260.0,916.0,130.0,931.0,916.0,122.0,0.0,581.0,0.0,112.0,0.9917663519650968,26.0,7634.60006718,4488.0
1790029574.5,22.0,1.0,92.0,15.0,4.0,525.0,,1268.0,925.0,130.0,940.0,925.0,123.0,0.0,584.0,0.0,113.0,1.0122867718056003,22.0,7693.928161506,4522.0
1790029579.7,8.0,0.0,102.0,20.0,4.0,527.0,,1270.0,930.0,130.0,950.0,930.0,124.0,0.0,587.0,0.0,114.0,0.9678441154382577,32.0,7718.31325559,4536.0
1790029585.0,13.0,2.0,97.0,18.0,4.0,531.0,,1272.0,943.0,130.0,961.0,943.0,124.0,0.0,594.0,0.0,114.0,0.998433644458749,24.0,7755.972180526001,4566.0
1790029591.1,21.0,0.0,89.0,20.0,4.0,537.0,,1274.0,951.0,130.0,971.0,951.0,125.0,0.0,600.0,0.0,115.0,0.9917605407145156,32.0,7859.409554354,4586.0
1790029596.3,19.0,1.0,91.0,19.0,4.0,541.0,,1277.0,957.0,130.0,976.0,957.0,126.0,0.0,604.0,0.0,116.0,0.9918901763044022,30.0,7901.619940680001,4604.0
1790029601.4,25.0,1.0,86.0,18.0,4.0,546.0,,1278.0,963.0,130.0,982.0,963.0,129.0,0.0,609.0,0.0,119.0,0.9929737510281443,24.0,7965.998482372001,4618.0
1790029606.5,28.0,0.0,84.0,18.0,4.0,549.0,,1279.0,966.0,130.0,984.0,966.0,132.0,0.0,612.0,0.0,122.0,1.0165204913635877,26.0,8044.869460378,4626.0
1790029611.7,24.0,0.0,88.0,18.0,4.0,552.0,,1281.0,971.0,130.0,989.0,971.0,132.0,0.0,615.0,0.0,122.0,1.0171552587347565,32.0,8082.162393232,4640.0
1790029616.8,32.0,0.0,81.0,17.0,4.0,557.0,,1283.0,979.0,130.0,996.0,979.0,134.0,0.0,620.0,0.0,124.0,0.9922594142259414,30.0,8135.224460914,4660.0
1790029622.2,37.0,1.0,76.0,17.0,4.0,562.0,,1290.0,985.0,131.0,1002.0,985.0,135.0,0.0,625.0,0.0,125.0,0.9817540142330937,28.0,8208.12448196,4688.0
1790029627.2,39.0,1.0,73.0,18.0,4.0,564.0,,1294.0,989.0,131.0,1007.0,989.0,135.0,0.0,627.0,0.0,125.0,0.9664641669348782,26.0,8220.799190772,4704.0
1790029632.5,48.0,1.0,64.0,18.0,4.0,568.0,,1299.0,1000.0,131.0,1018.0,1000.0,138.0,0.0,630.0,0.0,127.0,0.9905415191503057,30.0,8385.992557582,4736.0
1790029637.5,33.0,3.0,77.0,18.0,4.0,569.0,,1306.0,1001.0,131.0,1019.0,1001.0,138.0,0.0,631.0,0.0,127.0,0.9907560884025319,30.0,8400.206382504,4752.0
1790029642.8,27.0,0.0,83.0,21.0,4.0,574.0,,1310.0,1006.0,131.0,1027.0,1006.0,141.0,0.0,636.0,0.0,130.0,0.9850190430211351,32.0,8474.72400664,4770.0
1790029648.0,16.0,1.0,94.0,20.0,4.0,581.0,,1313.0,1015.0,131.0,1035.0,1015.0,141.0,0.0,642.0,0.0,130.0,0.9729374530629761,26.0,8526.143677112,4794.0
1790029653.2,13.0,1.0,97.0,20.0,4.0,587.0,,1314.0,1023.0,131.0,1043.0,1023.0,143.0,0.0,649.0,0.0,132.0,0.9830266781103602,32.0,8606.499172954,4812.0
1790029658.4,20.0,1.0,91.0,19.0,4.0,594.0,,1316.0,1031.0,131.0,1050.0,1031.0,144.0,0.0,654.0,0.0,132.0,0.9980013768193684,30.0,8761.66314945,4832.0
1790029663.6,25.0,1.0,85.0,20.0,4.0,601.0,,1317.0,1041.0,131.0,1061.0,1041.0,144.0,0.0,659.0,0.0,132.0,0.9908808067803884,26.0,8803.873153378001,4854.0
1790029668.9,28.0,5.0,79.0,19.0,4.0,606.0,,1322.0,1049.0,131.0,1068.0,1049.0,145.0,0.0,664.0,0.0,133.0,0.9924507384758431,30.0,8855.114910418,4880.0
1790029674.1,32.0,2.0,76.0,21.0,4.0,610.0,,1327.0,1054.0,131.0,1075.0,1054.0,146.0,0.0,669.0,0.0,134.0,0.9928736187104388,34.0,8985.628879698,4900.0
1790029679.4,23.0,1.0,87.0,21.0,5.0,614.0,,1331.0,1058.0,132.0,1079.0,1058.0,147.0,0.0,673.0,0.0,135.0,1.002245824839967,34.0,9045.877088292,4918.0
1790029684.6,22.0,1.0,89.0,21.0,5.0,620.0,,1334.0,1064.0,133.0,1085.0,1064.0,149.0,0.0,679.0,0.0,137.0,0.9843722061295284,32.0,9119.822674936,4938.0
1790029690.3,16.0,0.0,93.0,24.0,5.0,628.0,,1337.0,1072.0,133.0,1096.0,1072.0,153.0,0.0,685.0,0.0,139.0,0.9825492615241569,28.0,9282.60940587,4960.0
1790029695.5,15.0,0.0,94.0,25.0,5.0,629.0,,1338.0,1077.0,134.0,1102.0,1077.0,153.0,0.0,688.0,0.0,139.0,0.9976598540929085,38.0,9289.00678811,4974.0
1790029700.9,20.0,1.0,89.0,24.0,5.0,634.0,,1341.0,1083.0,134.0,1107.0,1083.0,154.0,0.0,693.0,0.0,140.0,0.9972803347280335,32.0,9333.382861420001,4992.0
1790029706.2,22.0,0.0,89.0,23.0,5.0,638.0,,1344.0,1088.0,134.0,1111.0,1088.0,155.0,0.0,697.0,0.0,141.0,0.964817794943318,30.0,9454.946737156,5008.0
1790029711.4,28.0,0.0,82.0,24.0,5.0,644.0,,1346.0,1095.0,134.0,1119.0,1095.0,158.0,0.0,702.0,0.0,144.0,0.9670394807424096,32.0,9549.61195771,5026.0
1790029716.8,33.0,3.0,75.0,23.0,5.0,649.0,,1350.0,1103.0,134.0,1126.0,1103.0,158.0,0.0,709.0,0.0,144.0,1.0044988019883416,32.0,9605.630605442,5050.0
1790029722.4,37.0,1.0,72.0,24.0,5.0,653.0,,1357.0,1107.0,134.0,1131.0,1107.0,159.0,0.0,712.0,0.0,144.0,0.9841706004362908,32.0,9650.724731484,5072.0
1790029727.7,18.0,1.0,92.0,24.0,5.0,656.0,,1362.0,1110.0,135.0,1134.0,1110.0,160.0,0.0,715.0,0.0,145.0,1.0108384293530737,32.0,9718.873231216001,5090.0
1790029732.9,10.0,0.0,100.0,25.0,5.0,659.0,,1363.0,1114.0,135.0,1139.0,1114.0,160.0,0.0,718.0,0.0,145.0,0.9790383721346064,32.0,9755.863153214,5100.0
1790029738.5,15.0,2.0,94.0,24.0,5.0,664.0,,1367.0,1121.0,135.0,1145.0,1121.0,160.0,0.0,722.0,0.0,145.0,0.9938342631334263,30.0,9831.036199864,5122.0
1790029744.0,16.0,2.0,92.0,25.0,5.0,671.0,,1368.0,1129.0,135.0,1154.0,1129.0,162.0,0.0,729.0,0.0,146.0,0.9936845116761435,28.0,10035.532735076,5140.0
1790029749.2,24.0,0.0,86.0,25.0,5.0,674.0,,1370.0,1136.0,135.0,1161.0,1136.0,162.0,0.0,732.0,0.0,146.0,0.9945021099309802,36.0,10053.29089166,5158.0
1790029754.6,29.0,2.0,83.0,21.0,5.0,678.0,,1372.0,1143.0,135.0,1164.0,1143.0,164.0,0.0,737.0,0.0,148.0,1.014626023674141,28.0,10113.813256192001,5176.0
1790029759.8,29.0,1.0,81.0,25.0,5.0,681.0,,1375.0,1148.0,136.0,1173.0,1148.0,166.0,0.0,741.0,0.0,150.0,0.9929080391946501,30.0,9894.345857752,5016.0
1790029765.0,24.0,0.0,87.0,25.0,5.0,685.0,,1378.0,1156.0,136.0,1181.0,1156.0,166.0,0.0,746.0,0.0,150.0,0.9981716911633229,34.0,9920.812224956,5038.0
1790029770.2,25.0,0.0,85.0,27.0,5.0,690.0,,1380.0,1162.0,137.0,1189.0,1162.0,166.0,0.0,751.0,0.0,150.0,1.002611039588027,32.0,9964.480433824001,5056.0
1790029775.3,23.0,0.0,86.0,28.0,5.0,696.0,,1381.0,1169.0,137.0,1197.0,1169.0,166.0,0.0,757.0,0.0,150.0,0.9696281693666631,32.0,10016.959055268,5072.0
1790029780.6,22.0,0.0,89.0,26.0,5.0,698.0,,1382.0,1178.0,137.0,1204.0,1178.0,166.0,0.0,761.0,0.0,150.0,1.0139492364910776,30.0,10059.64928513,5092.0
1790029785.9,30.0,0.0,80.0,27.0,5.0,704.0,,1384.0,1187.0,137.0,1214.0,1187.0,168.0,0.0,769.0,0.0,152.0,0.9890976468905339,24.0,10393.109048346001,5114.0
1790029791.1,32.0,0.0,78.0,27.0,5.0,705.0,,1385.0,1191.0,137.0,1218.0,1191.0,169.0,0.0,770.0,0.0,153.0,0.9795671959374889,32.0,11056.804430744,5124.0
1790029796.3,35.0,0.0,76.0,26.0,5.0,707.0,,1386.0,1194.0,137.0,1220.0,1194.0,171.0,0.0,772.0,0.0,155.0,0.9846775202946751,32.0,11090.645872394,5132.0
1790029801.5,30.0,0.0,79.0,28.0,5.0,710.0,,1393.0,1199.0,137.0,1227.0,1199.0,171.0,0.0,777.0,0.0,155.0,0.9828402710724886,30.0,11108.488089802,5156.0
1790029806.8,37.0,0.0,74.0,26.0,5.0,714.0,,1397.0,1206.0,137.0,1232.0,1206.0,172.0,0.0,781.0,0.0,156.0,0.9839940278224797,32.0,11208.417984628,5178.0
1790029812.0,39.0,0.0,71.0,27.0,5.0,716.0,,1401.0,1210.0,137.0,1237.0,1210.0,172.0,0.0,783.0,0.0,156.0,0.9743942888817366,32.0,11234.092438456,5194.0
1790029817.3,26.0,0.0,84.0,27.0,5.0,722.0,,1406.0,1220.0,137.0,1247.0,1220.0,172.0,0.0,790.0,0.0,156.0,1.0127548009870186,32.0,11325.592753986,5224.0
1790029822.8,28.0,2.0,81.0,26.0,5.0,729.0,,1406.0,1229.0,137.0,1255.0,1229.0,172.0,0.0,797.0,0.0,156.0,1.0193183850087615,30.0,11407.432579854,5242.0
1790029828.2,32.0,1.0,77.0,27.0,5.0,732.0,,1410.0,1234.0,137.0,1261.0,1234.0,172.0,0.0,798.0,0.0,156.0,0.9864043557558202,30.0,11432.557279688,5260.0
1790029833.7,39.0,0.0,71.0,27.0,5.0,737.0,,1414.0,1242.0,137.0,1269.0,1242.0,173.0,0.0,803.0,0.0,157.0,0.9900211887136573,32.0,11471.198972806,5284.0
1790029839.4,43.0,3.0,67.0,25.0,5.0,742.0,,1420.0,1248.0,138.0,1273.0,1248.0,174.0,0.0,808.0,0.0,158.0,1.0244676000429138,26.0,11535.782369592,5310.0
1790029844.8,31.0,3.0,78.0,27.0,5.0,746.0,,1424.0,1255.0,139.0,1282.0,1255.0,177.0,0.0,812.0,0.0,160.0,1.020188731538104,28.0,11861.929921514,5334.0
1790029850.2,35.0,2.0,74.0,28.0,5.0,750.0,,1426.0,1260.0,139.0,1288.0,1260.0,179.0,0.0,816.0,0.0,162.0,0.9758015055609198,30.0,11911.501513316,5348.0
1790029855.5,30.0,0.0,84.0,25.0,5.0,753.0,,1431.0,1269.0,139.0,1294.0,1269.0,179.0,0.0,821.0,0.0,162.0,0.9755413403425955,26.0,11938.527954014,5376.0
1790029861.1,38.0,1.0,75.0,26.0,5.0,757.0,,1432.0,1278.0,140.0,1304.0,1278.0,182.0,0.0,825.0,0.0,165.0,0.9724940099417086,24.0,12028.364933916,5398.0
1790029866.3,41.0,0.0,72.0,27.0,5.0,759.0,,1437.0,1282.0,140.0,1309.0,1282.0,183.0,0.0,827.0,0.0,166.0,0.9861732467904016,22.0,12066.509259944,5416.0
1790029871.6,45.0,0.0,67.0,28.0,5.0,762.0,,1439.0,1287.0,140.0,1315.0,1287.0,183.0,0.0,830.0,0.0,166.0,0.959848281657905,24.0,12085.986550676,5430.0
1790029876.8,35.0,1.0,79.0,25.0,5.0,764.0,,1443.0,1294.0,140.0,1319.0,1294.0,183.0,0.0,834.0,0.0,166.0,1.0099595894574973,24.0,12152.928701598,5452.0
1790029882.3,21.0,1.0,90.0,28.0,5.0,767.0,,1445.0,1299.0,140.0,1327.0,1299.0,185.0,0.0,837.0,0.0,168.0,0.9975534635053463,26.0,12230.239539862001,5466.0
1790029887.6,11.0,0.0,100.0,29.0,5.0,768.0,,1448.0,1302.0,140.0,1331.0,1302.0,186.0,0.0,838.0,0.0,169.0,0.9958561313163824,30.0,12254.10562523,5478.0
1790029893.0,21.0,1.0,91.0,27.0,5.0,776.0,,1448.0,1314.0,140.0,1341.0,1314.0,188.0,0.0,847.0,0.0,171.0,0.9967367592890606,26.0,12333.160344656,5502.0
1790029898.4,23.0,3.0,87.0,27.0,5.0,779.0,,1452.0,1319.0,140.0,1346.0,1319.0,189.0,0.0,850.0,0.0,172.0,0.9627968207989128,28.0,12366.911804048,5520.0
1790029903.7,31.0,0.0,77.0,32.0,5.0,786.0,,1455.0,1327.0,140.0,1359.0,1327.0,191.0,0.0,855.0,0.0,173.0,0.9830964131173336,34.0,12486.8217232,5542.0
1790029909.0,33.0,0.0,76.0,31.0,5.0,789.0,,1461.0,1330.0,140.0,1361.0,1330.0,191.0,0.0,858.0,0.0,173.0,1.0033218002360262,36.0,12507.015482718,5560.0
1790029914.3,37.0,1.0,72.0,30.0,5.0,792.0,,1463.0,1335.0,140.0,1365.0,1335.0,194.0,0.0,862.0,0.0,176.0,0.9942088652862712,36.0,12562.872011228,5574.0
1790029919.6,43.0,2.0,67.0,28.0,5.0,797.0,,1469.0,1342.0,140.0,1370.0,1342.0,199.0,0.0,867.0,0.0,181.0,1.0362492400672316,30.0,12678.760918016,5600.0
1790029924.9,36.0,3.0,71.0,30.0,5.0,799.0,,1471.0,1345.0,140.0,1375.0,1345.0,199.0,0.0,869.0,0.0,181.0,1.0051970460966277,34.0,12698.00993355,5610.0
1790029930.2,42.0,3.0,67.0,28.0,5.0,806.0,,1478.0,1352.0,140.0,1380.0,1352.0,199.0,0.0,873.0,0.0,181.0,1.0029825126059435,28.0,12752.52663454,5638.0
1790029935.5,28.0,0.0,80.0,32.0,5.0,811.0,,1483.0,1357.0,140.0,1389.0,1357.0,203.0,0.0,878.0,0.0,185.0,0.9696943282194328,36.0,13546.217688782,5658.0
1790029940.9,31.0,2.0,78.0,30.0,5.0,815.0,,1483.0,1361.0,141.0,1391.0,1361.0,204.0,0.0,882.0,0.0,186.0,0.9806060687336838,36.0,13593.412937042,5668.0
1790029946.2,34.0,2.0,78.0,28.0,5.0,818.0,,1485.0,1364.0,142.0,1392.0,1364.0,206.0,0.0,885.0,0.0,188.0,0.9812873261095019,30.0,13647.369906534,5680.0
1790029951.5,8.0,0.0,103.0,31.0,6.0,820.0,,1494.0,1366.0,142.0,1397.0,1366.0,208.0,0.0,887.0,0.0,190.0,0.9882241712262633,26.0,13737.646797642,5702.0
1790029956.8,4.0,0.0,106.0,33.0,6.0,823.0,,1497.0,1370.0,143.0,1403.0,1370.0,208.0,0.0,889.0,0.0,190.0,0.9886162071308515,34.0,13785.975732410001,5718.0
1790029962.3,12.0,0.0,99.0,32.0,6.0,829.0,,1497.0,1378.0,143.0,1410.0,1378.0,210.0,0.0,895.0,0.0,192.0,0.9848831491613919,30.0,13882.777099888,5734.0
1790029967.6,20.0,2.0,92.0,31.0,6.0,835.0,,1497.0,1386.0,145.0,1417.0,1386.0,210.0,0.0,901.0,0.0,192.0,0.9894588384651146,28.0,14059.364794564,5754.0
1790029973.0,27.0,0.0,86.0,32.0,6.0,839.0,,1497.0,1393.0,145.0,1425.0,1393.0,212.0,0.0,905.0,0.0,194.0,0.9791331402210063,28.0,14114.521851526,5768.0
1790029978.6,22.0,0.0,90.0,33.0,6.0,840.0,,1499.0,1395.0,145.0,1428.0,1395.0,212.0,0.0,906.0,0.0,194.0,0.9792225440761005,30.0,14127.301785498,5776.0
1790029984.1,28.0,0.0,83.0,34.0,6.0,842.0,,1501.0,1401.0,145.0,1435.0,1401.0,214.0,0.0,908.0,0.0,196.0,0.9805761184422273,34.0,14165.185605706,5792.0
1790029989.7,37.0,0.0,74.0,34.0,6.0,848.0,,1504.0,1410.0,145.0,1444.0,1410.0,217.0,0.0,914.0,0.0,199.0,1.0178543968815936,30.0,14276.115568896,5816.0
1790029995.1,21.0,2.0,88.0,34.0,6.0,850.0,,1506.0,1416.0,145.0,1450.0,1416.0,217.0,0.0,916.0,0.0,199.0,0.9895276794335371,32.0,14302.614658462,5832.0
1790030000.5,16.0,0.0,94.0,35.0,6.0,855.0,,1507.0,1421.0,145.0,1456.0,1421.0,219.0,0.0,921.0,0.0,201.0,0.9899568179379895,34.0,14355.159516908001,5844.0
1790030006.0,24.0,0.0,84.0,37.0,6.0,860.0,,1509.0,1430.0,145.0,1467.0,1430.0,219.0,0.0,926.0,0.0,201.0,0.9868764081107178,38.0,14403.19717556,5866.0
1790030011.5,20.0,0.0,89.0,36.0,6.0,867.0,,1512.0,1439.0,145.0,1475.0,1439.0,220.0,0.0,933.0,0.0,202.0,0.9986209455351714,34.0,14524.032705218,5890.0
1790030017.0,30.0,1.0,79.0,35.0,6.0,872.0,,1512.0,1450.0,145.0,1485.0,1450.0,222.0,0.0,939.0,0.0,204.0,0.9991131137574653,32.0,14574.370710946001,5912.0
1790030022.4,22.0,0.0,88.0,35.0,6.0,874.0,,1514.0,1452.0,145.0,1487.0,1452.0,223.0,0.0,940.0,0.0,205.0,1.0212052533705254,36.0,14593.881035260001,5920.0
1790030027.8,16.0,0.0,93.0,36.0,6.0,877.0,,1516.0,1457.0,145.0,1493.0,1457.0,224.0,0.0,944.0,0.0,206.0,0.9641571004541716,32.0,14657.927489158,5934.0
1790030033.3,14.0,0.0,95.0,36.0,6.0,882.0,,1519.0,1463.0,145.0,1499.0,1463.0,225.0,0.0,948.0,0.0,207.0,0.9740755641383256,34.0,14733.561815986,5952.0
1790030039.0,22.0,0.0,88.0,35.0,6.0,889.0,,1523.0,1471.0,145.0,1506.0,1471.0,226.0,0.0,955.0,0.0,208.0,1.0255753138075314,34.0,14850.036691412,5976.0
1790030044.5,17.0,2.0,89.0,37.0,6.0,892.0,,1524.0,1474.0,145.0,1511.0,1474.0,226.0,0.0,958.0,0.0,208.0,1.0257094195901728,36.0,14891.83514435,5984.0
1790030050.0,12.0,0.0,97.0,36.0,6.0,895.0,,1526.0,1479.0,145.0,1515.0,1479.0,227.0,0.0,961.0,0.0,209.0,1.0258167042162858,34.0,14935.970417902001,5998.0
1790030055.7,18.0,1.0,88.0,38.0,7.0,899.0,,1528.0,1488.0,145.0,1526.0,1488.0,228.0,0.0,965.0,0.0,210.0,1.0330450059006544,36.0,12663.837854066,5316.0
1790030061.3,21.0,0.0,85.0,39.0,7.0,902.0,,1532.0,1493.0,145.0,1532.0,1493.0,228.0,0.0,969.0,0.0,210.0,0.9954927046454243,38.0,12701.357549158,5334.0
1790030066.7,26.0,1.0,79.0,39.0,7.0,907.0,,1534.0,1499.0,145.0,1538.0,1499.0,231.0,0.0,974.0,0.0,213.0,0.9961453527876122,38.0,12798.584360328001,5350.0
1790030072.1,30.0,0.0,75.0,40.0,7.0,908.0,,1535.0,1502.0,145.0,1542.0,1502.0,231.0,0.0,975.0,0.0,213.0,0.9772055931051747,44.0,12810.994301508,5358.0
1790030077.7,21.0,0.0,85.0,39.0,7.0,913.0,,1538.0,1507.0,145.0,1546.0,1507.0,235.0,0.0,980.0,0.0,217.0,0.9898964703358009,38.0,12899.700885026,5374.0
1790030083.5,25.0,1.0,81.0,38.0,7.0,916.0,,1545.0,1512.0,145.0,1550.0,1512.0,235.0,0.0,983.0,0.0,217.0,0.9902902943174909,42.0,12937.248761764,5398.0
1790030089.0,19.0,0.0,87.0,39.0,7.0,919.0,,1547.0,1516.0,145.0,1555.0,1516.0,236.0,0.0,986.0,0.0,218.0,0.9916402925294139,42.0,12996.643165724001,5410.0
1790030094.6,22.0,1.0,84.0,38.0,7.0,923.0,,1552.0,1520.0,145.0,1558.0,1520.0,238.0,0.0,990.0,0.0,220.0,0.9936518792690341,42.0,13078.15482841,5428.0
1790030100.0,18.0,0.0,89.0,38.0,7.0,929.0,,1554.0,1526.0,145.0,1564.0,1526.0,240.0,0.0,996.0,0.0,222.0,1.0014465543754247,40.0,13281.063754812001,5444.0
1790030105.4,19.0,0.0,88.0,38.0,7.0,934.0,,1555.0,1534.0,145.0,1572.0,1534.0,241.0,0.0,999.0,0.0,223.0,1.0023316525408577,36.0,13355.79834719,5462.0
1790030110.8,22.0,1.0,83.0,39.0,7.0,937.0,,1558.0,1539.0,145.0,1578.0,1539.0,241.0,0.0,1002.0,0.0,223.0,0.996458266280442,36.0,13401.201582388001,5478.0
1790030116.4,28.0,0.0,79.0,38.0,7.0,938.0,,1561.0,1544.0,145.0,1582.0,1544.0,241.0,0.0,1003.0,0.0,223.0,0.9996227157315023,42.0,13404.441281598,5494.0
1790030121.8,26.0,0.0,80.0,39.0,7.0,944.0,,1563.0,1550.0,145.0,1589.0,1550.0,243.0,0.0,1008.0,0.0,225.0,0.9932120123019704,44.0,13473.282639348,5510.0
1790030127.3,21.0,1.0,84.0,39.0,7.0,953.0,,1564.0,1560.0,145.0,1599.0,1560.0,245.0,0.0,1015.0,0.0,226.0,0.9649349139934914,38.0,13684.690072128,5532.0
1790030132.6,26.0,1.0,80.0,38.0,7.0,957.0,,1567.0,1569.0,145.0,1607.0,1569.0,245.0,0.0,1019.0,0.0,226.0,1.0049310696277223,38.0,13715.648042528,5556.0
1790030138.1,19.0,0.0,89.0,37.0,7.0,958.0,,1571.0,1571.0,145.0,1608.0,1571.0,245.0,0.0,1020.0,0.0,226.0,1.0145795336694918,40.0,13725.692292852,5568.0
1790030143.9,24.0,1.0,82.0,38.0,7.0,963.0,,1572.0,1577.0,145.0,1615.0,1577.0,247.0,0.0,1024.0,0.0,228.0,1.0159205914959053,40.0,13785.705757526,5582.0
1790030149.4,31.0,2.0,74.0,39.0,7.0,969.0,,1573.0,1585.0,146.0,1624.0,1585.0,249.0,0.0,1029.0,0.0,229.0,0.9885509423166327,42.0,13915.228299562,5602.0
1790030154.8,21.0,2.0,82.0,41.0,7.0,972.0,,1573.0,1591.0,146.0,1632.0,1591.0,250.0,0.0,1031.0,0.0,230.0,0.9823561491971534,44.0,13946.455414436,5614.0
1790030160.2,25.0,2.0,79.0,40.0,7.0,975.0,,1575.0,1595.0,146.0,1635.0,1595.0,251.0,0.0,1034.0,0.0,231.0,1.0240907627936917,44.0,13979.505261254,5626.0
1790030165.6,31.0,0.0,74.0,41.0,7.0,979.0,,1578.0,1601.0,146.0,1642.0,1601.0,253.0,0.0,1038.0,0.0,233.0,0.9893542359546543,40.0,14050.590341344001,5644.0
1790030171.1,19.0,1.0,86.0,41.0,7.0,982.0,,1582.0,1604.0,147.0,1645.0,1604.0,254.0,0.0,1041.0,0.0,234.0,0.9900345992919215,42.0,14111.388730014,5660.0
1790030176.5,25.0,0.0,81.0,41.0,7.0,984.0,,1583.0,1609.0,147.0,1650.0,1609.0,254.0,0.0,1044.0,0.0,234.0,0.9986803990988091,44.0,14145.318430068,5672.0
1790030182.0,20.0,0.0,85.0,42.0,7.0,988.0,,1586.0,1613.0,147.0,1655.0,1613.0,255.0,0.0,1047.0,0.0,235.0,1.0052261023495332,42.0,14195.476207,5686.0
1790030187.5,25.0,2.0,79.0,41.0,7.0,992.0,,1590.0,1620.0,147.0,1661.0,1620.0,257.0,0.0,1051.0,0.0,237.0,0.9827785824124736,40.0,14270.945226888,5708.0
1790030193.0,31.0,1.0,74.0,41.0,7.0,994.0,,1595.0,1626.0,147.0,1667.0,1626.0,257.0,0.0,1053.0,0.0,237.0,0.9897064871437257,40.0,14293.84802551,5730.0
1790030198.5,33.0,0.0,73.0,41.0,7.0,999.0,,1600.0,1634.0,147.0,1675.0,1634.0,259.0,0.0,1058.0,0.0,239.0,1.009336891606766,42.0,14687.868665796,5756.0
1790030204.2,36.0,1.0,69.0,41.0,7.0,1003.0,,1603.0,1639.0,147.0,1680.0,1639.0,261.0,0.0,1061.0,0.0,240.0,0.9749213246075171,40.0,15219.589398014,5772.0
1790030209.6,28.0,0.0,77.0,42.0,7.0,1005.0,,1604.0,1641.0,147.0,1683.0,1641.0,262.0,0.0,1063.0,0.0,241.0,0.9878585094589278,44.0,15253.636979958,5778.0
1790030215.1,28.0,1.0,76.0,42.0,7.0,1006.0,,1605.0,1642.0,147.0,1684.0,1642.0,263.0,0.0,1064.0,0.0,242.0,0.9879479133140221,44.0,15272.946528878001,5782.0
1790030220.4,37.0,0.0,70.0,40.0,7.0,1012.0,,1608.0,1650.0,147.0,1690.0,1650.0,266.0,0.0,1070.0,0.0,245.0,0.978774183742803,40.0,15362.351022612,5804.0
1790030225.9,10.0,0.0,95.0,42.0,7.0,1017.0,,1608.0,1655.0,147.0,1697.0,1655.0,267.0,0.0,1075.0,0.0,246.0,0.9986464256338733,44.0,15443.633092026,5814.0
1790030231.4,13.0,0.0,91.0,43.0,7.0,1019.0,,1608.0,1658.0,147.0,1701.0,1658.0,267.0,0.0,1075.0,0.0,246.0,0.9989146371991561,46.0,15452.37768826,5820.0
1790030236.8,20.0,2.0,83.0,43.0,7.0,1027.0,,1609.0,1666.0,148.0,1709.0,1666.0,268.0,0.0,1083.0,0.0,247.0,0.9934855880985588,42.0,15572.404636342,5840.0
1790030242.5,26.0,1.0,78.0,43.0,7.0,1031.0,,1611.0,1672.0,148.0,1715.0,1672.0,269.0,0.0,1086.0,0.0,248.0,0.9880940886171011,46.0,15663.41396726,5856.0
1790030248.1,32.0,1.0,73.0,43.0,7.0,1036.0,,1613.0,1679.0,149.0,1722.0,1679.0,272.0,0.0,1091.0,0.0,251.0,0.9884338232664592,42.0,15776.794821968,5876.0
1790030253.5,35.0,0.0,71.0,43.0,7.0,1039.0,,1613.0,1682.0,149.0,1725.0,1682.0,273.0,0.0,1094.0,0.0,252.0,0.9941427064335014,44.0,15811.283462074,5882.0
1790030259.0,40.0,0.0,66.0,43.0,7.0,1043.0,,1615.0,1687.0,149.0,1730.0,1687.0,274.0,0.0,1097.0,0.0,253.0,0.9950224403676287,44.0,15877.353913302,5896.0
1790030264.5,41.0,3.0,63.0,42.0,7.0,1047.0,,1618.0,1691.0,149.0,1733.0,1691.0,276.0,0.0,1100.0,0.0,255.0,1.002055841647892,42.0,15948.618740746,5910.0
1790030270.0,37.0,2.0,68.0,44.0,7.0,1052.0,,1621.0,1698.0,151.0,1742.0,1698.0,276.0,0.0,1104.0,0.0,255.0,0.9857146050137682,42.0,16060.885574784,5934.0
1790030275.7,28.0,0.0,79.0,44.0,7.0,1056.0,,1626.0,1703.0,151.0,1747.0,1703.0,276.0,0.0,1109.0,0.0,255.0,0.9986795050602582,40.0,16527.104574638,5954.0
1790030281.3,27.0,1.0,77.0,46.0,7.0,1057.0,,1629.0,1704.0,151.0,1750.0,1704.0,276.0,0.0,1110.0,0.0,255.0,0.9987689089153524,44.0,16533.119186294,5962.0
1790030287.0,20.0,0.0,87.0,44.0,7.0,1062.0,,1632.0,1711.0,151.0,1755.0,1711.0,277.0,0.0,1115.0,0.0,256.0,0.9795944641132925,38.0,16619.259492452,5982.0
1790030292.5,23.0,0.0,82.0,46.0,7.0,1065.0,,1633.0,1714.0,151.0,1760.0,1714.0,280.0,0.0,1116.0,0.0,257.0,0.9943541465507992,42.0,16702.979670256,5990.0
1790030298.1,28.0,0.0,77.0,46.0,7.0,1070.0,,1634.0,1720.0,151.0,1766.0,1720.0,281.0,0.0,1121.0,0.0,258.0,0.9946044773450631,46.0,17407.781833694,6004.0
1790030303.7,32.0,0.0,73.0,46.0,7.0,1075.0,,1636.0,1725.0,151.0,1771.0,1725.0,282.0,0.0,1125.0,0.0,259.0,0.9848397882916712,42.0,17469.403990398,6018.0
1790030309.3,39.0,1.0,68.0,43.0,7.0,1081.0,,1639.0,1734.0,151.0,1777.0,1734.0,285.0,0.0,1131.0,0.0,262.0,1.021590136966706,40.0,17560.550869644,6042.0
1790030314.9,44.0,0.0,62.0,45.0,7.0,1084.0,,1639.0,1739.0,151.0,1784.0,1739.0,286.0,0.0,1134.0,0.0,263.0,0.9759405285555913,42.0,17940.312404288,6052.0
1790030320.5,47.0,2.0,58.0,44.0,7.0,1087.0,,1643.0,1744.0,151.0,1788.0,1744.0,287.0,0.0,1137.0,0.0,264.0,0.976889997496692,40.0,17995.669809254,6070.0
1790030327.0,39.0,0.0,65.0,47.0,7.0,1090.0,,1646.0,1747.0,151.0,1794.0,1747.0,287.0,0.0,1140.0,0.0,264.0,0.9918003254300325,44.0,18033.20188553,6082.0
1790030332.6,34.0,1.0,69.0,47.0,7.0,1096.0,,1650.0,1753.0,151.0,1800.0,1753.0,288.0,0.0,1145.0,0.0,265.0,0.9780366019382756,44.0,18083.408235672,6102.0
1790030338.1,37.0,3.0,65.0,46.0,7.0,1101.0,,1653.0,1759.0,151.0,1805.0,1759.0,290.0,0.0,1150.0,0.0,267.0,0.9770983084790617,42.0,18171.580251152,6120.0
1790030343.7,25.0,0.0,79.0,47.0,7.0,1105.0,,1660.0,1764.0,151.0,1811.0,1764.0,291.0,0.0,1154.0,0.0,268.0,0.9728055823767121,44.0,18219.609785178,6144.0
1790030349.5,13.0,1.0,92.0,46.0,7.0,1109.0,,1663.0,1768.0,152.0,1814.0,1768.0,292.0,0.0,1157.0,0.0,269.0,1.0039664020312555,44.0,18329.505152394002,6160.0
1790030355.1,12.0,0.0,91.0,49.0,7.0,1112.0,,1663.0,1772.0,152.0,1821.0,1772.0,294.0,0.0,1160.0,0.0,271.0,0.9996911096806494,46.0,14519.328503186,5302.0
1790030360.7,11.0,0.0,93.0,48.0,7.0,1117.0,,1664.0,1779.0,152.0,1827.0,1779.0,295.0,0.0,1164.0,0.0,271.0,1.0021188713657332,48.0,14594.723905898,5318.0
1790030366.3,14.0,0.0,90.0,48.0,7.0,1121.0,,1666.0,1785.0,152.0,1833.0,1785.0,296.0,0.0,1168.0,0.0,272.0,0.9949549404570325,46.0,14660.208860896,5334.0
1790030371.7,13.0,0.0,93.0,46.0,7.0,1126.0,,1668.0,1791.0,152.0,1837.0,1791.0,299.0,0.0,1172.0,0.0,274.0,0.9768533419161034,42.0,14789.721212334,5350.0
1790030377.4,19.0,0.0,84.0,50.0,7.0,1128.0,,1672.0,1796.0,153.0,1846.0,1796.0,299.0,0.0,1176.0,0.0,274.0,0.9861339090941601,48.0,14806.934285538,5370.0
1790030383.0,26.0,1.0,77.0,50.0,7.0,1134.0,,1674.0,1803.0,154.0,1853.0,1803.0,301.0,0.0,1182.0,0.0,276.0,0.9512489718556664,44.0,14877.969680266,5390.0
1790030388.6,33.0,0.0,73.0,48.0,7.0,1140.0,,1676.0,1810.0,154.0,1858.0,1810.0,303.0,0.0,1188.0,0.0,278.0,0.9969209312305547,42.0,14972.797385196,5408.0
1790030394.2,14.0,0.0,89.0,51.0,7.0,1140.0,,1676.0,1810.0,154.0,1861.0,1810.0,303.0,0.0,1188.0,0.0,278.0,0.9969745735436112,46.0,14972.797385196,5408.0
1790030399.9,22.0,0.0,82.0,50.0,7.0,1148.0,,1677.0,1822.0,154.0,1872.0,1822.0,304.0,0.0,1197.0,0.0,279.0,0.9973013446339806,46.0,15044.06919672,5434.0
1790030405.7,29.0,0.0,73.0,52.0,7.0,1154.0,,1677.0,1830.0,154.0,1882.0,1830.0,306.0,0.0,1203.0,0.0,281.0,0.9682026248971856,44.0,15221.20716802,5450.0
1790030411.3,33.0,2.0,69.0,50.0,7.0,1158.0,,1677.0,1836.0,154.0,1886.0,1836.0,306.0,0.0,1207.0,0.0,281.0,0.9946254872510103,48.0,15273.814946306,5462.0
1790030417.0,14.0,1.0,90.0,49.0,7.0,1163.0,,1682.0,1841.0,154.0,1890.0,1841.0,306.0,0.0,1212.0,0.0,281.0,1.0055059364159782,44.0,15300.825312058,5482.0
1790030422.5,17.0,1.0,86.0,50.0,7.0,1168.0,,1685.0,1849.0,154.0,1899.0,1849.0,308.0,0.0,1217.0,0.0,283.0,0.9829891284912206,40.0,15419.610452238,5504.0
1790030428.1,22.0,1.0,83.0,48.0,7.0,1171.0,,1686.0,1854.0,154.0,1902.0,1854.0,309.0,0.0,1219.0,0.0,284.0,0.9831049064835675,42.0,15458.623849682,5516.0
1790030433.7,29.0,0.0,75.0,50.0,7.0,1175.0,,1686.0,1861.0,154.0,1911.0,1861.0,309.0,0.0,1223.0,0.0,284.0,0.9982727175195795,42.0,15512.867309016,5530.0
1790030439.4,33.0,1.0,70.0,50.0,7.0,1178.0,,1686.0,1866.0,154.0,1916.0,1866.0,312.0,0.0,1225.0,0.0,286.0,0.9994251332117441,42.0,16043.21235983,5540.0
1790030445.2,19.0,2.0,84.0,49.0,7.0,1183.0,,1689.0,1874.0,154.0,1923.0,1874.0,314.0,0.0,1230.0,0.0,288.0,1.0029270822157852,44.0,16280.641514634,5562.0
1790030450.8,14.0,0.0,91.0,50.0,7.0,1185.0,,1690.0,1878.0,155.0,1927.0,1878.0,316.0,0.0,1234.0,0.0,290.0,0.9772891857096878,44.0,16299.116215416001,5570.0
1790030456.5,17.0,0.0,88.0,50.0,7.0,1190.0,,1691.0,1882.0,155.0,1932.0,1882.0,318.0,0.0,1237.0,0.0,292.0,0.9700045595966098,44.0,16381.31070425,5584.0
1790030462.3,13.0,1.0,89.0,53.0,7.0,1195.0,,1692.0,1887.0,156.0,1940.0,1887.0,319.0,0.0,1241.0,0.0,293.0,0.9839086471408647,40.0,16429.075074446002,5598.0
1790030467.9,20.0,1.0,82.0,53.0,7.0,1197.0,,1693.0,1895.0,156.0,1948.0,1895.0,321.0,0.0,1246.0,0.0,295.0,0.9825465794085041,46.0,16512.854117264,5616.0
1790030473.8,10.0,0.0,94.0,52.0,7.0,1201.0,,1694.0,1899.0,156.0,1951.0,1899.0,321.0,0.0,1249.0,0.0,295.0,0.9688843292922791,46.0,16539.766340304,5626.0
1790030479.4,13.0,0.0,90.0,53.0,7.0,1204.0,,1696.0,1904.0,156.0,1957.0,1904.0,324.0,0.0,1252.0,0.0,298.0,0.9981748202982512,48.0,16603.952758638,5640.0
1790030485.1,20.0,0.0,84.0,52.0,7.0,1209.0,,1696.0,1911.0,156.0,1963.0,1911.0,325.0,0.0,1256.0,0.0,299.0,0.9926398276293674,44.0,16671.196038434002,5654.0
1790030490.8,19.0,0.0,86.0,51.0,7.0,1217.0,,1700.0,1921.0,156.0,1972.0,1921.0,326.0,0.0,1264.0,0.0,300.0,0.9941199084504524,38.0,16819.692748066,5682.0
1790030496.5,22.0,1.0,80.0,53.0,7.0,1220.0,,1700.0,1925.0,156.0,1978.0,1925.0,327.0,0.0,1267.0,0.0,301.0,0.9683496942388156,46.0,16900.819402014,5690.0
1790030502.4,26.0,1.0,77.0,52.0,7.0,1223.0,,1701.0,1931.0,156.0,1983.0,1931.0,328.0,0.0,1271.0,0.0,302.0,1.0016950970925866,46.0,16943.219112972,5704.0
1790030508.6,33.0,2.0,70.0,51.0,7.0,1229.0,,1703.0,1939.0,156.0,1990.0,1939.0,329.0,0.0,1278.0,0.0,303.0,1.0048810034688695,42.0,17029.842716314,5724.0
1790030514.3,35.0,2.0,67.0,52.0,7.0,1232.0,,1703.0,1943.0,156.0,1995.0,1943.0,329.0,0.0,1281.0,0.0,303.0,1.0070807853234631,46.0,17132.665448294,5732.0
1790030520.0,43.0,1.0,61.0,51.0,7.0,1237.0,,1704.0,1951.0,156.0,2002.0,1951.0,329.0,0.0,1286.0,0.0,303.0,0.9939656868004149,44.0,17187.852158536,5750.0
1790030525.7,35.0,0.0,70.0,51.0,7.0,1240.0,,1707.0,1956.0,156.0,2007.0,1956.0,330.0,0.0,1289.0,0.0,304.0,0.9772963380180953,44.0,17228.349075072,5766.0
1790030531.3,38.0,1.0,65.0,52.0,7.0,1243.0,,1710.0,1960.0,156.0,2012.0,1960.0,332.0,0.0,1292.0,0.0,305.0,0.99970586131674,42.0,17274.450550908,5780.0
1790030537.1,45.0,1.0,58.0,52.0,7.0,1248.0,,1712.0,1969.0,156.0,2021.0,1969.0,333.0,0.0,1297.0,0.0,306.0,1.0333601544898616,44.0,17323.926580774,5802.0
1790030542.8,18.0,0.0,87.0,51.0,7.0,1251.0,,1714.0,1975.0,156.0,2027.0,1975.0,333.0,0.0,1300.0,0.0,306.0,1.0335032006580123,42.0,17349.48459214,5818.0
1790030548.5,23.0,2.0,78.0,53.0,7.0,1256.0,,1714.0,1982.0,156.0,2035.0,1982.0,335.0,0.0,1304.0,0.0,308.0,0.9669120802489003,40.0,17465.669044882,5832.0
1790030554.2,23.0,2.0,76.0,55.0,7.0,1258.0,,1714.0,1984.0,156.0,2039.0,1984.0,336.0,0.0,1306.0,0.0,309.0,0.9519892357758467,36.0,17499.682928184,5836.0
1790030560.2,27.0,0.0,71.0,58.0,7.0,1262.0,,1714.0,1988.0,156.0,2046.0,1988.0,340.0,0.0,1310.0,0.0,313.0,0.9864928655723635,28.0,18461.667625828,5844.0
1790030565.8,28.0,0.0,68.0,60.0,7.0,1264.0,,1714.0,1990.0,156.0,2050.0,1990.0,342.0,0.0,1311.0,0.0,314.0,0.9878062082036977,24.0,19364.054943612,5848.0
1790030572.4,28.0,1.0,65.0,62.0,7.0,1267.0,,1714.0,1993.0,156.0,2055.0,1993.0,345.0,0.0,1314.0,0.0,317.0,0.9909804920788184,18.0,21890.663484082,5854.0
1790030578.0,29.0,2.0,61.0,64.0,7.0,1269.0,,1714.0,1995.0,156.0,2059.0,1995.0,347.0,0.0,1314.0,0.0,317.0,0.9831509494689411,14.0,24536.840882818,5858.0
1790030583.7,27.0,4.0,59.0,66.0,7.0,1271.0,,1714.0,1997.0,156.0,2063.0,1997.0,349.0,0.0,1314.0,0.0,317.0,0.9831956513964882,10.0,27933.100470908,5862.0
1790030589.2,27.0,2.0,58.0,69.0,7.0,1272.0,,1714.0,1998.0,156.0,2067.0,1998.0,350.0,0.0,1314.0,0.0,317.0,0.9340811965811966,8.0,30369.114460126,5864.0
1790030594.8,28.0,3.0,56.0,69.0,7.0,1275.0,,1714.0,2001.0,156.0,2070.0,2001.0,352.0,0.0,1314.0,0.0,317.0,0.9513799485033795,2.0,38581.145318836,5870.0
1790030600.3,27.0,2.0,55.0,72.0,7.0,1275.0,,1714.0,2001.0,156.0,2073.0,2001.0,352.0,0.0,1314.0,0.0,317.0,0.951433590816436,2.0,38581.145318836,5870.0
1790030605.8,28.0,2.0,53.0,73.0,7.0,1276.0,,1714.0,2002.0,156.0,2075.0,2002.0,353.0,0.0,1314.0,0.0,317.0,0.9942786002932447,,40984.508680158004,5872.0
1790030611.3,26.0,4.0,52.0,74.0,7.0,1276.0,,1714.0,2002.0,156.0,2076.0,2002.0,353.0,0.0,1314.0,0.0,317.0,0.9943769445338483,,40984.508680158004,5872.0
1790030616.9,25.0,5.0,49.0,77.0,7.0,1276.0,,1714.0,2002.0,156.0,2079.0,2002.0,353.0,0.0,1314.0,0.0,317.0,0.9943858849193578,,40984.508680158004,5872.0
1790030622.7,24.0,6.0,47.0,79.0,7.0,1276.0,,1714.0,2002.0,156.0,2081.0,2002.0,353.0,0.0,1314.0,0.0,317.0,0.9945378714730179,,40984.508680158004,5872.0
1790030628.4,19.0,11.0,39.0,87.0,7.0,1276.0,,1714.0,2002.0,156.0,2089.0,2002.0,353.0,0.0,1314.0,0.0,317.0,0.8768734577834997,,40984.508680158004,5872.0
1790030634.3,17.0,13.0,29.0,97.0,7.0,1276.0,,1714.0,2002.0,156.0,2099.0,2002.0,353.0,0.0,1314.0,0.0,317.0,0.7764608589922397,,40984.508680158004,5872.0
1790030640.3,15.0,15.0,24.0,102.0,7.0,1276.0,,1714.0,2002.0,156.0,2104.0,2002.0,353.0,0.0,1314.0,0.0,317.0,0.7432777241354647,,40984.508680158004,5872.0
1790030646.2,11.0,19.0,23.0,103.0,7.0,1276.0,,1714.0,2002.0,156.0,2105.0,2002.0,353.0,0.0,1314.0,0.0,317.0,0.6391329614132961,,40984.508680158004,5872.0
1790030652.0,7.0,23.0,17.0,109.0,7.0,1276.0,,1714.0,2002.0,156.0,2111.0,2002.0,353.0,0.0,1314.0,0.0,317.0,0.6100820727389765,,40984.508680158004,5872.0
1790030658.1,4.0,26.0,15.0,111.0,7.0,1276.0,,1714.0,2002.0,156.0,2113.0,2002.0,353.0,0.0,1314.0,0.0,317.0,0.5811469620570039,,13549.095105948,4136.0
1790030663.7,3.0,27.0,11.0,115.0,7.0,1276.0,,1714.0,2002.0,156.0,2117.0,2002.0,353.0,0.0,1314.0,0.0,317.0,0.4844030504595358,,13549.095105948,4136.0
1790030669.3,0.0,30.0,0.0,126.0,7.0,1276.0,,1714.0,2002.0,156.0,2128.0,2002.0,353.0,0.0,1314.0,0.0,317.0,0.2905781747308944,,13549.095105948,4136.0
1790030674.5,0.0,30.0,0.0,126.0,7.0,1276.0,,1714.0,2002.0,156.0,2128.0,2002.0,353.0,0.0,1314.0,0.0,317.0,0.2905781747308944,,13549.095105948,4136.0
1790030679.8,0.0,30.0,0.0,126.0,7.0,1276.0,,1714.0,2002.0,156.0,2128.0,2002.0,353.0,0.0,1314.0,0.0,317.0,0.2905781747308944,,13549.095105948,4136.0
1790030685.0,0.0,30.0,0.0,126.0,7.0,1276.0,,1714.0,2002.0,156.0,2128.0,2002.0,353.0,0.0,1314.0,0.0,317.0,0.2905781747308944,,13549.095105948,4136.0
1790030690.3,0.0,30.0,0.0,126.0,7.0,1276.0,,1714.0,2002.0,156.0,2128.0,2002.0,353.0,0.0,1314.0,0.0,317.0,0.2905781747308944,,13549.095105948,4136.0
1790030695.6,0.0,30.0,0.0,126.0,7.0,1276.0,,1714.0,2002.0,156.0,2128.0,2002.0,353.0,0.0,1314.0,0.0,317.0,0.2905781747308944,,13549.095105948,4136.0
1790030700.8,0.0,30.0,0.0,126.0,7.0,1276.0,,1714.0,2002.0,156.0,2128.0,2002.0,353.0,0.0,1314.0,0.0,317.0,0.2905781747308944,,13549.095105948,4136.0
1790030706.0,0.0,30.0,0.0,126.0,7.0,1276.0,,1714.0,2002.0,156.0,2128.0,2002.0,353.0,0.0,1314.0,0.0,317.0,0.2905781747308944,,13549.095105948,4136.0
1790030711.3,0.0,30.0,0.0,126.0,7.0,1276.0,,1714.0,2002.0,156.0,2128.0,2002.0,353.0,0.0,1314.0,0.0,317.0,0.2905781747308944,,13549.095105948,4136.0
1790030716.6,0.0,30.0,0.0,126.0,7.0,1276.0,,1714.0,2002.0,156.0,2128.0,2002.0,353.0,0.0,1314.0,0.0,317.0,0.2905781747308944,,13549.095105948,4136.0
1790030721.9,0.0,30.0,0.0,126.0,7.0,1276.0,,1714.0,2002.0,156.0,2128.0,2002.0,353.0,0.0,1314.0,0.0,317.0,0.2905781747308944,,13549.095105948,4136.0
1790030727.1,0.0,30.0,0.0,126.0,7.0,1276.0,,1714.0,2002.0,156.0,2128.0,2002.0,353.0,0.0,1314.0,0.0,317.0,0.2905781747308944,,13549.095105948,4136.0
1790030732.3,0.0,30.0,0.0,126.0,7.0,1276.0,,1714.0,2002.0,156.0,2128.0,2002.0,353.0,0.0,1314.0,0.0,317.0,0.2905781747308944,,13549.095105948,4136.0
1790030737.6,0.0,30.0,0.0,126.0,7.0,1276.0,,1714.0,2002.0,156.0,2128.0,2002.0,353.0,0.0,1314.0,0.0,317.0,0.2905781747308944,,13549.095105948,4136.0
1790030742.8,0.0,30.0,0.0,126.0,7.0,1276.0,,1714.0,2002.0,156.0,2128.0,2002.0,353.0,0.0,1314.0,0.0,317.0,0.2905781747308944,,13549.095105948,4136.0
1790030748.0,0.0,30.0,0.0,126.0,7.0,1276.0,,1714.0,2002.0,156.0,2128.0,2002.0,353.0,0.0,1314.0,0.0,317.0,0.2905781747308944,,13549.095105948,4136.0
1790030753.3,0.0,30.0,0.0,126.0,7.0,1276.0,,1714.0,2002.0,156.0,2128.0,2002.0,353.0,0.0,1314.0,0.0,317.0,0.2905781747308944,,13549.095105948,4136.0
1790030758.5,0.0,30.0,0.0,126.0,7.0,1276.0,,1714.0,2002.0,156.0,2128.0,2002.0,353.0,0.0,1314.0,0.0,317.0,0.2905781747308944,,13549.095105948,4136.0
1790030763.7,0.0,30.0,0.0,126.0,7.0,1276.0,,1714.0,2002.0,156.0,2128.0,2002.0,353.0,0.0,1314.0,0.0,317.0,0.2905781747308944,,13549.095105948,4136.0
1790030768.9,0.0,30.0,0.0,126.0,7.0,1276.0,,1714.0,2002.0,156.0,2128.0,2002.0,353.0,0.0,1314.0,0.0,317.0,0.2905781747308944,,13549.095105948,4136.0
1790030774.1,0.0,30.0,0.0,126.0,7.0,1276.0,,1714.0,2002.0,156.0,2128.0,2002.0,353.0,0.0,1314.0,0.0,317.0,0.2905781747308944,,13549.095105948,4136.0
1790030779.3,0.0,30.0,0.0,126.0,7.0,1276.0,,1714.0,2002.0,156.0,2128.0,2002.0,353.0,0.0,1314.0,0.0,317.0,0.2905781747308944,,13549.095105948,4136.0
1790030784.6,0.0,30.0,0.0,126.0,7.0,1276.0,,1714.0,2002.0,156.0,2128.0,2002.0,353.0,0.0,1314.0,0.0,317.0,0.2905781747308944,,13549.095105948,4136.0
1790030789.8,0.0,30.0,0.0,126.0,7.0,1276.0,,1714.0,2002.0,156.0,2128.0,2002.0,353.0,0.0,1314.0,0.0,317.0,0.2905781747308944,,13549.095105948,4136.0
1790030795.1,0.0,30.0,0.0,126.0,7.0,1276.0,,1714.0,2002.0,156.0,2128.0,2002.0,353.0,0.0,1314.0,0.0,317.0,0.2905781747308944,,13549.095105948,4136.0
1790030800.3,0.0,30.0,0.0,126.0,7.0,1276.0,,1714.0,2002.0,156.0,2128.0,2002.0,353.0,0.0,1314.0,0.0,317.0,0.2905781747308944,,13549.095105948,4136.0
1790030805.5,0.0,30.0,0.0,126.0,7.0,1276.0,,1714.0,2002.0,156.0,2128.0,2002.0,353.0,0.0,1314.0,0.0,317.0,0.2905781747308944,,13549.095105948,4136.0
1790030810.7,0.0,30.0,0.0,126.0,7.0,1276.0,,1714.0,2002.0,156.0,2128.0,2002.0,353.0,0.0,1314.0,0.0,317.0,0.2905781747308944,,13549.095105948,4136.0
1790030816.7,0.0,30.0,0.0,126.0,7.0,1276.0,,1714.0,2002.0,156.0,2128.0,2002.0,353.0,0.0,1314.0,0.0,317.0,0.2905781747308944,,13549.095105948,4136.0
1790030821.9,0.0,30.0,0.0,126.0,7.0,1276.0,,1714.0,2002.0,156.0,2128.0,2002.0,353.0,0.0,1314.0,0.0,317.0,0.2905781747308944,,13549.095105948,4136.0
1790030827.2,0.0,30.0,0.0,126.0,7.0,1276.0,,1714.0,2002.0,156.0,2128.0,2002.0,353.0,0.0,1314.0,0.0,317.0,0.2905781747308944,,13549.095105948,4136.0
1790030832.5,0.0,30.0,0.0,126.0,7.0,1276.0,,1714.0,2002.0,156.0,2128.0,2002.0,353.0,0.0,1314.0,0.0,317.0,0.2905781747308944,,13549.095105948,4136.0
1790030837.7,0.0,30.0,0.0,126.0,7.0,1276.0,,1714.0,2002.0,156.0,2128.0,2002.0,353.0,0.0,1314.0,0.0,317.0,0.2905781747308944,,13549.095105948,4136.0
1790030842.9,0.0,30.0,0.0,126.0,7.0,1276.0,,1714.0,2002.0,156.0,2128.0,2002.0,353.0,0.0,1314.0,0.0,317.0,0.2905781747308944,,13549.095105948,4136.0
1790030848.1,0.0,30.0,0.0,126.0,7.0,1276.0,,1714.0,2002.0,156.0,2128.0,2002.0,353.0,0.0,1314.0,0.0,317.0,0.2905781747308944,,13549.095105948,4136.0
1790030853.3,0.0,30.0,0.0,126.0,7.0,1276.0,,1714.0,2002.0,156.0,2128.0,2002.0,353.0,0.0,1314.0,0.0,317.0,0.2905781747308944,,13549.095105948,4136.0
1790030858.5,0.0,30.0,0.0,126.0,7.0,1276.0,,1714.0,2002.0,156.0,2128.0,2002.0,353.0,0.0,1314.0,0.0,317.0,0.2905781747308944,,13549.095105948,4136.0
1790030863.8,0.0,30.0,0.0,126.0,7.0,1276.0,,1714.0,2002.0,156.0,2128.0,2002.0,353.0,0.0,1314.0,0.0,317.0,0.2905781747308944,,13549.095105948,4136.0
1790030869.0,0.0,30.0,0.0,126.0,7.0,1276.0,,1714.0,2002.0,156.0,2128.0,2002.0,353.0,0.0,1314.0,0.0,317.0,0.2905781747308944,,13549.095105948,4136.0
1790030874.2,0.0,30.0,0.0,126.0,7.0,1276.0,,1714.0,2002.0,156.0,2128.0,2002.0,353.0,0.0,1314.0,0.0,317.0,0.2905781747308944,,13549.095105948,4136.0
1790030879.5,0.0,30.0,0.0,126.0,7.0,1276.0,,1714.0,2002.0,156.0,2128.0,2002.0,353.0,0.0,1314.0,0.0,317.0,0.2905781747308944,,13549.095105948,4136.0
1790030884.7,0.0,30.0,0.0,126.0,7.0,1276.0,,1714.0,2002.0,156.0,2128.0,2002.0,353.0,0.0,1314.0,0.0,317.0,0.2905781747308944,,13549.095105948,4136.0
1790030890.0,0.0,30.0,0.0,126.0,7.0,1276.0,,1714.0,2002.0,156.0,2128.0,2002.0,353.0,0.0,1314.0,0.0,317.0,0.2905781747308944,,13549.095105948,4136.0
1790030895.3,0.0,30.0,0.0,126.0,7.0,1276.0,,1714.0,2002.0,156.0,2128.0,2002.0,353.0,0.0,1314.0,0.0,317.0,0.2905781747308944,,13549.095105948,4136.0
1790030900.5,0.0,30.0,0.0,126.0,7.0,1276.0,,1714.0,2002.0,156.0,2128.0,2002.0,353.0,0.0,1314.0,0.0,317.0,0.2905781747308944,,13549.095105948,4136.0
1790030905.7,0.0,30.0,0.0,126.0,7.0,1276.0,,1714.0,2002.0,156.0,2128.0,2002.0,353.0,0.0,1314.0,0.0,317.0,0.2905781747308944,,13549.095105948,4136.0
1790030911.0,0.0,30.0,0.0,126.0,7.0,1276.0,,1714.0,2002.0,156.0,2128.0,2002.0,353.0,0.0,1314.0,0.0,317.0,0.2905781747308944,,13549.095105948,4136.0
1790030916.2,0.0,30.0,0.0,126.0,7.0,1276.0,,1714.0,2002.0,156.0,2128.0,2002.0,353.0,0.0,1314.0,0.0,317.0,0.2905781747308944,,13549.095105948,4136.0
1790030921.5,0.0,30.0,0.0,126.0,7.0,1276.0,,1714.0,2002.0,156.0,2128.0,2002.0,353.0,0.0,1314.0,0.0,317.0,0.2905781747308944,,13549.095105948,4136.0
1790030926.8,0.0,30.0,0.0,126.0,7.0,1276.0,,1714.0,2002.0,156.0,2128.0,2002.0,353.0,0.0,1314.0,0.0,317.0,0.2905781747308944,,13549.095105948,4136.0
1790030932.0,0.0,30.0,0.0,126.0,7.0,1276.0,,1714.0,2002.0,156.0,2128.0,2002.0,353.0,0.0,1314.0,0.0,317.0,0.2905781747308944,,13549.095105948,4136.0
1790030937.3,0.0,30.0,0.0,126.0,7.0,1276.0,,1714.0,2002.0,156.0,2128.0,2002.0,353.0,0.0,1314.0,0.0,317.0,0.2905781747308944,,13549.095105948,4136.0
1790030942.5,0.0,30.0,0.0,126.0,7.0,1276.0,,1714.0,2002.0,156.0,2128.0,2002.0,353.0,0.0,1314.0,0.0,317.0,0.2905781747308944,,13549.095105948,4136.0
1790030947.7,0.0,30.0,0.0,126.0,7.0,1276.0,,1714.0,2002.0,156.0,2128.0,2002.0,353.0,0.0,1314.0,0.0,317.0,0.2905781747308944,,13549.095105948,4136.0
1790030952.9,0.0,30.0,0.0,126.0,7.0,1276.0,,1714.0,2002.0,156.0,2128.0,2002.0,353.0,0.0,1314.0,0.0,317.0,0.2905781747308944,,13549.095105948,4136.0
1790030958.2,0.0,30.0,0.0,126.0,7.0,1276.0,,1714.0,2002.0,156.0,2128.0,2002.0,353.0,0.0,1314.0,0.0,317.0,0.2905781747308944,,,
1790030962.9,0.0,30.0,0.0,126.0,7.0,1276.0,,1714.0,2002.0,156.0,2128.0,2002.0,353.0,0.0,1314.0,0.0,317.0,0.2905781747308944,,,
1790030967.6,0.0,30.0,0.0,126.0,7.0,1276.0,,1714.0,2002.0,156.0,2128.0,2002.0,353.0,0.0,1314.0,0.0,317.0,0.2905781747308944,,,
1790030972.3,0.0,30.0,0.0,126.0,7.0,1276.0,,1714.0,2002.0,156.0,2128.0,2002.0,353.0,0.0,1314.0,0.0,317.0,0.2905781747308944,,,
1790030977.0,0.0,30.0,0.0,126.0,7.0,1276.0,,1714.0,2002.0,156.0,2128.0,2002.0,353.0,0.0,1314.0,0.0,317.0,0.2905781747308944,,,
1790030981.8,0.0,30.0,0.0,126.0,7.0,1276.0,,1714.0,2002.0,156.0,2128.0,2002.0,353.0,0.0,1314.0,0.0,317.0,0.2905781747308944,,,
1790030986.6,0.0,30.0,0.0,126.0,7.0,1276.0,,1714.0,2002.0,156.0,2128.0,2002.0,353.0,0.0,1314.0,0.0,317.0,0.2905781747308944,,,
1790030991.6,0.0,30.0,0.0,126.0,7.0,1276.0,,1714.0,2002.0,156.0,2128.0,2002.0,353.0,0.0,1314.0,0.0,317.0,0.2905781747308944,,,
1790030996.4,0.0,30.0,0.0,126.0,7.0,1276.0,,1714.0,2002.0,156.0,2128.0,2002.0,353.0,0.0,1314.0,0.0,317.0,0.2905781747308944,,,
1790031001.1,0.0,30.0,0.0,126.0,7.0,1276.0,,1714.0,2002.0,156.0,2128.0,2002.0,353.0,0.0,1314.0,0.0,317.0,0.2905781747308944,,,
1790031005.8,0.0,30.0,0.0,126.0,7.0,1276.0,,1714.0,2002.0,156.0,2128.0,2002.0,353.0,0.0,1314.0,0.0,317.0,0.2905781747308944,,,
1790031010.7,0.0,30.0,0.0,126.0,7.0,1276.0,,1714.0,2002.0,156.0,2128.0,2002.0,353.0,0.0,1314.0,0.0,317.0,0.2905781747308944,,,
1790031015.4,0.0,30.0,0.0,126.0,7.0,1276.0,,1714.0,2002.0,156.0,2128.0,2002.0,353.0,0.0,1314.0,0.0,317.0,0.2905781747308944,,,
1790031020.0,0.0,30.0,0.0,126.0,7.0,1276.0,,1714.0,2002.0,156.0,2128.0,2002.0,353.0,0.0,1314.0,0.0,317.0,0.2905781747308944,,,
1790031024.8,0.0,30.0,0.0,126.0,7.0,1276.0,,1714.0,2002.0,156.0,2128.0,2002.0,353.0,0.0,1314.0,0.0,317.0,0.2905781747308944,,,
1790031029.4,0.0,30.0,0.0,126.0,7.0,1276.0,,1714.0,2002.0,156.0,2128.0,2002.0,353.0,0.0,1314.0,0.0,317.0,0.2905781747308944,,,
1790031034.1,0.0,30.0,0.0,126.0,7.0,1276.0,,1714.0,2002.0,156.0,2128.0,2002.0,353.0,0.0,1314.0,0.0,317.0,0.2905781747308944,,,
1790031038.8,0.0,30.0,0.0,126.0,7.0,1276.0,,1714.0,2002.0,156.0,2128.0,2002.0,353.0,0.0,1314.0,0.0,317.0,0.2905781747308944,,,
1790031043.5,0.0,30.0,0.0,126.0,7.0,1276.0,,1714.0,2002.0,156.0,2128.0,2002.0,353.0,0.0,1314.0,0.0,317.0,0.2905781747308944,,,
1790031048.2,0.0,30.0,0.0,126.0,7.0,1276.0,,1714.0,2002.0,156.0,2128.0,2002.0,353.0,0.0,1314.0,0.0,317.0,0.2905781747308944,,,
1790031052.8,0.0,30.0,0.0,126.0,7.0,1276.0,,1714.0,2002.0,156.0,2128.0,2002.0,353.0,0.0,1314.0,0.0,317.0,0.2905781747308944,,,
1790031057.8,0.0,30.0,0.0,126.0,7.0,1276.0,,1714.0,2002.0,156.0,2128.0,2002.0,353.0,0.0,1314.0,0.0,317.0,0.2905781747308944,,,
1790031062.6,0.0,30.0,0.0,126.0,7.0,1276.0,,1714.0,2002.0,156.0,2128.0,2002.0,353.0,0.0,1314.0,0.0,317.0,0.2905781747308944,,,
1790031067.2,0.0,30.0,0.0,126.0,7.0,1276.0,,1714.0,2002.0,156.0,2128.0,2002.0,353.0,0.0,1314.0,0.0,317.0,0.2905781747308944,,,
1790031071.9,0.0,30.0,0.0,126.0,7.0,1276.0,,1714.0,2002.0,156.0,2128.0,2002.0,353.0,0.0,1314.0,0.0,317.0,0.2905781747308944,,,
1790031076.6,0.0,30.0,0.0,126.0,7.0,1276.0,,1714.0,2002.0,156.0,2128.0,2002.0,353.0,0.0,1314.0,0.0,317.0,0.2905781747308944,,,
1790031081.3,0.0,30.0,0.0,126.0,7.0,1276.0,,1714.0,2002.0,156.0,2128.0,2002.0,353.0,0.0,1314.0,0.0,317.0,0.2905781747308944,,,
1790031086.0,0.0,30.0,0.0,126.0,7.0,1276.0,,1714.0,2002.0,156.0,2128.0,2002.0,353.0,0.0,1314.0,0.0,317.0,0.2905781747308944,,,
1790031090.6,0.0,30.0,0.0,126.0,7.0,1276.0,,1714.0,2002.0,156.0,2128.0,2002.0,353.0,0.0,1314.0,0.0,317.0,0.2905781747308944,,,
1790031095.3,0.0,30.0,0.0,126.0,7.0,1276.0,,1714.0,2002.0,156.0,2128.0,2002.0,353.0,0.0,1314.0,0.0,317.0,0.2905781747308944,,,
1790031100.0,0.0,30.0,0.0,126.0,7.0,1276.0,,1714.0,2002.0,156.0,2128.0,2002.0,353.0,0.0,1314.0,0.0,317.0,0.2905781747308944,,,
1790031104.7,0.0,30.0,0.0,126.0,7.0,1276.0,,1714.0,2002.0,156.0,2128.0,2002.0,353.0,0.0,1314.0,0.0,317.0,0.2905781747308944,,,
1790031109.4,0.0,30.0,0.0,126.0,7.0,1276.0,,1714.0,2002.0,156.0,2128.0,2002.0,353.0,0.0,1314.0,0.0,317.0,0.2905781747308944,,,
1790031114.1,0.0,30.0,0.0,126.0,7.0,1276.0,,1714.0,2002.0,156.0,2128.0,2002.0,353.0,0.0,1314.0,0.0,317.0,0.2905781747308944,,,
1790031118.8,0.0,30.0,0.0,126.0,7.0,1276.0,,1714.0,2002.0,156.0,2128.0,2002.0,353.0,0.0,1314.0,0.0,317.0,0.2905781747308944,,,
1790031123.5,0.0,30.0,0.0,126.0,7.0,1276.0,,1714.0,2002.0,156.0,2128.0,2002.0,353.0,0.0,1314.0,0.0,317.0,0.2905781747308944,,,
1790031128.2,0.0,30.0,0.0,126.0,7.0,1276.0,,1714.0,2002.0,156.0,2128.0,2002.0,353.0,0.0,1314.0,0.0,317.0,0.2905781747308944,,,
1790031132.8,0.0,30.0,0.0,126.0,7.0,1276.0,,1714.0,2002.0,156.0,2128.0,2002.0,353.0,0.0,1314.0,0.0,317.0,0.2905781747308944,,,
1790031137.5,0.0,30.0,0.0,126.0,7.0,1276.0,,1714.0,2002.0,156.0,2128.0,2002.0,353.0,0.0,1314.0,0.0,317.0,0.2905781747308944,,,
1790031142.3,0.0,30.0,0.0,126.0,7.0,1276.0,,1714.0,2002.0,156.0,2128.0,2002.0,353.0,0.0,1314.0,0.0,317.0,0.2905781747308944,,,
1790031146.9,0.0,30.0,0.0,126.0,7.0,1276.0,,1714.0,2002.0,156.0,2128.0,2002.0,353.0,0.0,1314.0,0.0,317.0,0.2905781747308944,,,
1790031151.6,0.0,30.0,0.0,126.0,7.0,1276.0,,1714.0,2002.0,156.0,2128.0,2002.0,353.0,0.0,1314.0,0.0,317.0,0.2905781747308944,,,
1790031156.3,0.0,30.0,0.0,126.0,7.0,1276.0,,1714.0,2002.0,156.0,2128.0,2002.0,353.0,0.0,1314.0,0.0,317.0,0.2905781747308944,,,
1790031161.0,0.0,30.0,0.0,126.0,7.0,1276.0,,1714.0,2002.0,156.0,2128.0,2002.0,353.0,0.0,1314.0,0.0,317.0,0.2905781747308944,,,
1790031165.7,0.0,30.0,0.0,126.0,7.0,1276.0,,1714.0,2002.0,156.0,2128.0,2002.0,353.0,0.0,1314.0,0.0,317.0,0.2905781747308944,,,
1790031170.4,0.0,30.0,0.0,126.0,7.0,1276.0,,1714.0,2002.0,156.0,2128.0,2002.0,353.0,0.0,1314.0,0.0,317.0,0.2905781747308944,,,
1790031175.1,0.0,30.0,0.0,126.0,7.0,1276.0,,1714.0,2002.0,156.0,2128.0,2002.0,353.0,0.0,1314.0,0.0,317.0,0.2905781747308944,,,
1790031180.0,0.0,30.0,0.0,126.0,7.0,1276.0,,1714.0,2002.0,156.0,2128.0,2002.0,353.0,0.0,1314.0,0.0,317.0,0.2905781747308944,,,
1790031184.7,0.0,30.0,0.0,126.0,7.0,1276.0,,1714.0,2002.0,156.0,2128.0,2002.0,353.0,0.0,1314.0,0.0,317.0,0.2905781747308944,,,
1790031189.4,0.0,30.0,0.0,126.0,7.0,1276.0,,1714.0,2002.0,156.0,2128.0,2002.0,353.0,0.0,1314.0,0.0,317.0,0.2905781747308944,,,
1790031194.1,0.0,30.0,0.0,126.0,7.0,1276.0,,1714.0,2002.0,156.0,2128.0,2002.0,353.0,0.0,1314.0,0.0,317.0,0.2905781747308944,,,
1790031198.7,0.0,30.0,0.0,126.0,7.0,1276.0,,1714.0,2002.0,156.0,2128.0,2002.0,353.0,0.0,1314.0,0.0,317.0,0.2905781747308944,,,
1790031203.4,0.0,30.0,0.0,126.0,7.0,1276.0,,1714.0,2002.0,156.0,2128.0,2002.0,353.0,0.0,1314.0,0.0,317.0,0.2905781747308944,,,
1790031208.1,0.0,30.0,0.0,126.0,7.0,1276.0,,1714.0,2002.0,156.0,2128.0,2002.0,353.0,0.0,1314.0,0.0,317.0,0.2905781747308944,,,
1790031212.7,0.0,30.0,0.0,126.0,7.0,1276.0,,1714.0,2002.0,156.0,2128.0,2002.0,353.0,0.0,1314.0,0.0,317.0,0.2905781747308944,,,
1790031217.4,0.0,30.0,0.0,126.0,7.0,1276.0,,1714.0,2002.0,156.0,2128.0,2002.0,353.0,0.0,1314.0,0.0,317.0,0.2905781747308944,,,
1790031222.1,0.0,30.0,0.0,126.0,7.0,1276.0,,1714.0,2002.0,156.0,2128.0,2002.0,353.0,0.0,1314.0,0.0,317.0,0.2905781747308944,,,
1790031226.8,0.0,30.0,0.0,126.0,7.0,1276.0,,1714.0,2002.0,156.0,2128.0,2002.0,353.0,0.0,1314.0,0.0,317.0,0.2905781747308944,,,
1790031231.5,0.0,30.0,0.0,126.0,7.0,1276.0,,1714.0,2002.0,156.0,2128.0,2002.0,353.0,0.0,1314.0,0.0,317.0,0.2905781747308944,,,
1790031236.2,0.0,30.0,0.0,126.0,7.0,1276.0,,1714.0,2002.0,156.0,2128.0,2002.0,353.0,0.0,1314.0,0.0,317.0,0.2905781747308944,,,
1790031240.8,0.0,30.0,0.0,126.0,7.0,1276.0,,1714.0,2002.0,156.0,2128.0,2002.0,353.0,0.0,1314.0,0.0,317.0,0.2905781747308944,,,
1790031245.5,0.0,30.0,0.0,126.0,7.0,1276.0,,1714.0,2002.0,156.0,2128.0,2002.0,353.0,0.0,1314.0,0.0,317.0,0.2905781747308944,,,
1790031250.3,0.0,30.0,0.0,126.0,7.0,1276.0,,1714.0,2002.0,156.0,2128.0,2002.0,353.0,0.0,1314.0,0.0,317.0,0.2905781747308944,,,
1790031255.0,0.0,30.0,0.0,126.0,7.0,1276.0,,1714.0,2002.0,156.0,2128.0,2002.0,353.0,0.0,1314.0,0.0,317.0,0.2905781747308944,,,
1790031259.7,0.0,30.0,0.0,126.0,7.0,1276.0,,1714.0,2002.0,156.0,2128.0,2002.0,353.0,0.0,1314.0,0.0,317.0,0.2905781747308944,,,
1790031264.4,0.0,30.0,0.0,126.0,7.0,1276.0,,1714.0,2002.0,156.0,2128.0,2002.0,353.0,0.0,1314.0,0.0,317.0,0.2905781747308944,,,
1790031269.1,0.0,30.0,0.0,126.0,7.0,1276.0,,1714.0,2002.0,156.0,2128.0,2002.0,353.0,0.0,1314.0,0.0,317.0,0.2905781747308944,,,
1790031273.8,0.0,30.0,0.0,126.0,7.0,1276.0,,1714.0,2002.0,156.0,2128.0,2002.0,353.0,0.0,1314.0,0.0,317.0,0.2905781747308944,,,
1790031278.5,0.0,30.0,0.0,126.0,7.0,1276.0,,1714.0,2002.0,156.0,2128.0,2002.0,353.0,0.0,1314.0,0.0,317.0,0.2905781747308944,,,
1790031283.2,0.0,30.0,0.0,126.0,7.0,1276.0,,1714.0,2002.0,156.0,2128.0,2002.0,353.0,0.0,1314.0,0.0,317.0,0.2905781747308944,,,
1790031287.8,0.0,30.0,0.0,126.0,7.0,1276.0,,1714.0,2002.0,156.0,2128.0,2002.0,353.0,0.0,1314.0,0.0,317.0,0.2905781747308944,,,
1790031292.5,0.0,30.0,0.0,126.0,7.0,1276.0,,1714.0,2002.0,156.0,2128.0,2002.0,353.0,0.0,1314.0,0.0,317.0,0.2905781747308944,,,
1790031297.2,0.0,30.0,0.0,126.0,7.0,1276.0,,1714.0,2002.0,156.0,2128.0,2002.0,353.0,0.0,1314.0,0.0,317.0,0.2905781747308944,,,
1790031302.5,0.0,30.0,0.0,126.0,7.0,1276.0,,1714.0,2002.0,156.0,2128.0,2002.0,353.0,0.0,1314.0,0.0,317.0,0.2905781747308944,,,
1790031307.2,0.0,30.0,0.0,126.0,7.0,1276.0,,1714.0,2002.0,156.0,2128.0,2002.0,353.0,0.0,1314.0,0.0,317.0,0.2905781747308944,,,
1790031311.9,0.0,30.0,0.0,126.0,7.0,1276.0,,1714.0,2002.0,156.0,2128.0,2002.0,353.0,0.0,1314.0,0.0,317.0,0.2905781747308944,,,
1790031316.5,0.0,30.0,0.0,126.0,7.0,1276.0,,1714.0,2002.0,156.0,2128.0,2002.0,353.0,0.0,1314.0,0.0,317.0,0.2905781747308944,,,
1790031321.2,0.0,30.0,0.0,126.0,7.0,1276.0,,1714.0,2002.0,156.0,2128.0,2002.0,353.0,0.0,1314.0,0.0,317.0,0.2905781747308944,,,
1790031323.9,0.0,30.0,0.0,126.0,7.0,1276.0,,1714.0,2002.0,156.0,2128.0,2002.0,353.0,0.0,1314.0,0.0,317.0,0.2905781747308944,,,
