1789902928,program-aware-scheduling-epp-7d8f68dc5c-9b86c,550m,45Mi
1789902928,program-aware-vllm-decode-9c9b54cb6-f9qsh,103m,23510Mi
1789902928,program-aware-vllm-decode-9c9b54cb6-gkzmr,90m,23459Mi
1789902928,program-aware-vllm-decode-9c9b54cb6-kccxc,111m,23474Mi
1789902928,program-aware-vllm-decode-9c9b54cb6-mngw2,96m,23491Mi
1789902928,weka-bench-epp-thunder-c96-r3-tmnfp,920m,53Mi
1789902960,program-aware-scheduling-epp-7d8f68dc5c-9b86c,541m,46Mi
1789902960,program-aware-vllm-decode-9c9b54cb6-f9qsh,108m,23510Mi
1789902960,program-aware-vllm-decode-9c9b54cb6-gkzmr,112m,23458Mi
1789902960,program-aware-vllm-decode-9c9b54cb6-kccxc,111m,23474Mi
1789902960,program-aware-vllm-decode-9c9b54cb6-mngw2,104m,23492Mi
1789902960,weka-bench-epp-thunder-c96-r3-tmnfp,1208m,141Mi
1789902992,program-aware-scheduling-epp-7d8f68dc5c-9b86c,544m,46Mi
1789902992,program-aware-vllm-decode-9c9b54cb6-f9qsh,108m,23510Mi
1789902992,program-aware-vllm-decode-9c9b54cb6-gkzmr,111m,23458Mi
1789902992,program-aware-vllm-decode-9c9b54cb6-kccxc,110m,23474Mi
1789902992,program-aware-vllm-decode-9c9b54cb6-mngw2,106m,23492Mi
1789902992,weka-bench-epp-thunder-c96-r3-tmnfp,903m,935Mi
1789903024,program-aware-scheduling-epp-7d8f68dc5c-9b86c,556m,46Mi
1789903024,program-aware-vllm-decode-9c9b54cb6-f9qsh,107m,23509Mi
1789903024,program-aware-vllm-decode-9c9b54cb6-gkzmr,111m,23459Mi
1789903024,program-aware-vllm-decode-9c9b54cb6-kccxc,107m,23474Mi
1789903024,program-aware-vllm-decode-9c9b54cb6-mngw2,106m,23491Mi
1789903024,weka-bench-epp-thunder-c96-r3-tmnfp,4281m,4092Mi
1789903056,program-aware-scheduling-epp-7d8f68dc5c-9b86c,555m,46Mi
1789903056,program-aware-vllm-decode-9c9b54cb6-f9qsh,106m,23510Mi
1789903056,program-aware-vllm-decode-9c9b54cb6-gkzmr,117m,23459Mi
1789903056,program-aware-vllm-decode-9c9b54cb6-kccxc,110m,23474Mi
1789903056,program-aware-vllm-decode-9c9b54cb6-mngw2,105m,23492Mi
1789903056,weka-bench-epp-thunder-c96-r3-tmnfp,7890m,5447Mi
1789903088,program-aware-scheduling-epp-7d8f68dc5c-9b86c,556m,46Mi
1789903088,program-aware-vllm-decode-9c9b54cb6-f9qsh,109m,23511Mi
1789903088,program-aware-vllm-decode-9c9b54cb6-gkzmr,109m,23458Mi
1789903088,program-aware-vllm-decode-9c9b54cb6-kccxc,109m,23474Mi
1789903088,program-aware-vllm-decode-9c9b54cb6-mngw2,105m,23492Mi
1789903088,weka-bench-epp-thunder-c96-r3-tmnfp,7970m,6294Mi
1789903120,program-aware-scheduling-epp-7d8f68dc5c-9b86c,612m,129Mi
1789903120,program-aware-vllm-decode-9c9b54cb6-f9qsh,917m,23463Mi
1789903120,program-aware-vllm-decode-9c9b54cb6-gkzmr,965m,23410Mi
1789903120,program-aware-vllm-decode-9c9b54cb6-kccxc,609m,23415Mi
1789903120,program-aware-vllm-decode-9c9b54cb6-mngw2,1521m,23448Mi
1789903120,weka-bench-epp-thunder-c96-r3-tmnfp,9099m,6812Mi
1789903152,program-aware-scheduling-epp-7d8f68dc5c-9b86c,1541m,282Mi
1789903152,program-aware-vllm-decode-9c9b54cb6-f9qsh,1862m,23465Mi
1789903152,program-aware-vllm-decode-9c9b54cb6-gkzmr,2027m,23415Mi
1789903152,program-aware-vllm-decode-9c9b54cb6-kccxc,2088m,23429Mi
1789903152,program-aware-vllm-decode-9c9b54cb6-mngw2,2775m,23492Mi
1789903152,weka-bench-epp-thunder-c96-r3-tmnfp,3259m,7316Mi
1789903183,program-aware-scheduling-epp-7d8f68dc5c-9b86c,1601m,297Mi
1789903183,program-aware-vllm-decode-9c9b54cb6-f9qsh,1941m,23470Mi
1789903183,program-aware-vllm-decode-9c9b54cb6-gkzmr,2066m,23422Mi
1789903183,program-aware-vllm-decode-9c9b54cb6-kccxc,2042m,23434Mi
1789903183,program-aware-vllm-decode-9c9b54cb6-mngw2,2020m,23506Mi
1789903183,weka-bench-epp-thunder-c96-r3-tmnfp,3345m,7416Mi
1789903215,program-aware-scheduling-epp-7d8f68dc5c-9b86c,1674m,321Mi
1789903215,program-aware-vllm-decode-9c9b54cb6-f9qsh,1735m,23473Mi
1789903215,program-aware-vllm-decode-9c9b54cb6-gkzmr,1894m,23428Mi
1789903215,program-aware-vllm-decode-9c9b54cb6-kccxc,2185m,23440Mi
1789903215,program-aware-vllm-decode-9c9b54cb6-mngw2,1924m,23496Mi
1789903215,weka-bench-epp-thunder-c96-r3-tmnfp,3550m,7514Mi
1789903247,program-aware-scheduling-epp-7d8f68dc5c-9b86c,1635m,344Mi
1789903247,program-aware-vllm-decode-9c9b54cb6-f9qsh,1992m,23476Mi
1789903247,program-aware-vllm-decode-9c9b54cb6-gkzmr,1710m,23429Mi
1789903247,program-aware-vllm-decode-9c9b54cb6-kccxc,1991m,23464Mi
1789903247,program-aware-vllm-decode-9c9b54cb6-mngw2,2179m,23515Mi
1789903247,weka-bench-epp-thunder-c96-r3-tmnfp,3454m,7594Mi
1789903279,program-aware-scheduling-epp-7d8f68dc5c-9b86c,1608m,339Mi
1789903279,program-aware-vllm-decode-9c9b54cb6-f9qsh,2182m,23483Mi
1789903279,program-aware-vllm-decode-9c9b54cb6-gkzmr,1842m,23432Mi
1789903279,program-aware-vllm-decode-9c9b54cb6-kccxc,1755m,23475Mi
1789903279,program-aware-vllm-decode-9c9b54cb6-mngw2,1891m,23522Mi
1789903279,weka-bench-epp-thunder-c96-r3-tmnfp,3512m,7717Mi
1789903311,program-aware-scheduling-epp-7d8f68dc5c-9b86c,1547m,366Mi
1789903311,program-aware-vllm-decode-9c9b54cb6-f9qsh,2277m,23486Mi
1789903311,program-aware-vllm-decode-9c9b54cb6-gkzmr,1681m,23434Mi
1789903311,program-aware-vllm-decode-9c9b54cb6-kccxc,1844m,23485Mi
1789903311,program-aware-vllm-decode-9c9b54cb6-mngw2,1993m,23523Mi
1789903311,weka-bench-epp-thunder-c96-r3-tmnfp,3561m,7813Mi
1789903343,program-aware-scheduling-epp-7d8f68dc5c-9b86c,1651m,368Mi
1789903343,program-aware-vllm-decode-9c9b54cb6-f9qsh,1700m,23488Mi
1789903343,program-aware-vllm-decode-9c9b54cb6-gkzmr,1827m,23437Mi
1789903343,program-aware-vllm-decode-9c9b54cb6-kccxc,1780m,23490Mi
1789903343,program-aware-vllm-decode-9c9b54cb6-mngw2,1889m,23533Mi
1789903343,weka-bench-epp-thunder-c96-r3-tmnfp,4150m,7913Mi
1789903376,program-aware-scheduling-epp-7d8f68dc5c-9b86c,1622m,374Mi
1789903376,program-aware-vllm-decode-9c9b54cb6-f9qsh,2060m,23493Mi
1789903376,program-aware-vllm-decode-9c9b54cb6-gkzmr,1734m,23437Mi
1789903376,program-aware-vllm-decode-9c9b54cb6-kccxc,1888m,23491Mi
1789903376,program-aware-vllm-decode-9c9b54cb6-mngw2,1943m,23532Mi
1789903376,weka-bench-epp-thunder-c96-r3-tmnfp,3940m,7972Mi
1789903408,program-aware-scheduling-epp-7d8f68dc5c-9b86c,1523m,391Mi
1789903408,program-aware-vllm-decode-9c9b54cb6-f9qsh,1698m,23500Mi
1789903408,program-aware-vllm-decode-9c9b54cb6-gkzmr,2087m,23445Mi
1789903408,program-aware-vllm-decode-9c9b54cb6-kccxc,1972m,23492Mi
1789903408,program-aware-vllm-decode-9c9b54cb6-mngw2,2167m,23534Mi
1789903408,weka-bench-epp-thunder-c96-r3-tmnfp,4078m,8078Mi
1789903440,program-aware-scheduling-epp-7d8f68dc5c-9b86c,1438m,397Mi
1789903440,program-aware-vllm-decode-9c9b54cb6-f9qsh,2036m,23515Mi
1789903440,program-aware-vllm-decode-9c9b54cb6-gkzmr,2096m,23464Mi
1789903440,program-aware-vllm-decode-9c9b54cb6-kccxc,1690m,23491Mi
1789903440,program-aware-vllm-decode-9c9b54cb6-mngw2,1774m,23536Mi
1789903440,weka-bench-epp-thunder-c96-r3-tmnfp,3782m,8151Mi
1789903472,program-aware-scheduling-epp-7d8f68dc5c-9b86c,1586m,398Mi
1789903472,program-aware-vllm-decode-9c9b54cb6-f9qsh,1621m,23512Mi
1789903472,program-aware-vllm-decode-9c9b54cb6-gkzmr,1630m,23466Mi
1789903472,program-aware-vllm-decode-9c9b54cb6-kccxc,1905m,23491Mi
1789903472,program-aware-vllm-decode-9c9b54cb6-mngw2,1749m,23535Mi
1789903472,weka-bench-epp-thunder-c96-r3-tmnfp,4083m,8231Mi
1789903504,program-aware-scheduling-epp-7d8f68dc5c-9b86c,1480m,403Mi
1789903504,program-aware-vllm-decode-9c9b54cb6-f9qsh,1712m,23513Mi
1789903504,program-aware-vllm-decode-9c9b54cb6-gkzmr,1732m,23465Mi
1789903504,program-aware-vllm-decode-9c9b54cb6-kccxc,2007m,23498Mi
1789903504,program-aware-vllm-decode-9c9b54cb6-mngw2,1853m,23534Mi
1789903504,weka-bench-epp-thunder-c96-r3-tmnfp,3950m,8330Mi
1789903537,program-aware-scheduling-epp-7d8f68dc5c-9b86c,1437m,405Mi
1789903537,program-aware-vllm-decode-9c9b54cb6-f9qsh,1752m,23512Mi
1789903537,program-aware-vllm-decode-9c9b54cb6-gkzmr,1770m,23473Mi
1789903537,program-aware-vllm-decode-9c9b54cb6-kccxc,2155m,23517Mi
1789903537,program-aware-vllm-decode-9c9b54cb6-mngw2,2023m,23534Mi
1789903537,weka-bench-epp-thunder-c96-r3-tmnfp,3926m,8443Mi
1789903569,program-aware-scheduling-epp-7d8f68dc5c-9b86c,1548m,404Mi
1789903569,program-aware-vllm-decode-9c9b54cb6-f9qsh,1859m,23513Mi
1789903569,program-aware-vllm-decode-9c9b54cb6-gkzmr,1579m,23473Mi
1789903569,program-aware-vllm-decode-9c9b54cb6-kccxc,1636m,23516Mi
1789903569,program-aware-vllm-decode-9c9b54cb6-mngw2,1776m,23534Mi
1789903569,weka-bench-epp-thunder-c96-r3-tmnfp,4541m,8499Mi
1789903601,program-aware-scheduling-epp-7d8f68dc5c-9b86c,1528m,415Mi
1789903601,program-aware-vllm-decode-9c9b54cb6-f9qsh,2159m,23526Mi
1789903601,program-aware-vllm-decode-9c9b54cb6-gkzmr,2030m,23473Mi
1789903601,program-aware-vllm-decode-9c9b54cb6-kccxc,1760m,23522Mi
1789903601,program-aware-vllm-decode-9c9b54cb6-mngw2,1650m,23534Mi
1789903601,weka-bench-epp-thunder-c96-r3-tmnfp,3793m,8699Mi
1789903633,program-aware-scheduling-epp-7d8f68dc5c-9b86c,1320m,425Mi
1789903633,program-aware-vllm-decode-9c9b54cb6-f9qsh,1843m,23534Mi
1789903633,program-aware-vllm-decode-9c9b54cb6-gkzmr,2263m,23473Mi
1789903633,program-aware-vllm-decode-9c9b54cb6-kccxc,1603m,23522Mi
1789903633,program-aware-vllm-decode-9c9b54cb6-mngw2,2264m,23535Mi
1789903633,weka-bench-epp-thunder-c96-r3-tmnfp,3435m,8767Mi
1789903665,program-aware-scheduling-epp-7d8f68dc5c-9b86c,1450m,425Mi
1789903665,program-aware-vllm-decode-9c9b54cb6-f9qsh,1970m,23544Mi
1789903665,program-aware-vllm-decode-9c9b54cb6-gkzmr,1590m,23473Mi
1789903665,program-aware-vllm-decode-9c9b54cb6-kccxc,1554m,23522Mi
1789903665,program-aware-vllm-decode-9c9b54cb6-mngw2,1772m,23535Mi
1789903665,weka-bench-epp-thunder-c96-r3-tmnfp,3943m,8861Mi
1789903697,program-aware-scheduling-epp-7d8f68dc5c-9b86c,1319m,425Mi
1789903697,program-aware-vllm-decode-9c9b54cb6-f9qsh,1766m,23544Mi
1789903697,program-aware-vllm-decode-9c9b54cb6-gkzmr,2342m,23474Mi
1789903697,program-aware-vllm-decode-9c9b54cb6-kccxc,1645m,23523Mi
1789903697,program-aware-vllm-decode-9c9b54cb6-mngw2,1985m,23535Mi
1789903697,weka-bench-epp-thunder-c96-r3-tmnfp,3944m,8935Mi
1789903729,program-aware-scheduling-epp-7d8f68dc5c-9b86c,1271m,428Mi
1789903729,program-aware-vllm-decode-9c9b54cb6-f9qsh,1505m,23545Mi
1789903729,program-aware-vllm-decode-9c9b54cb6-gkzmr,2305m,23494Mi
1789903729,program-aware-vllm-decode-9c9b54cb6-kccxc,2181m,23523Mi
1789903729,program-aware-vllm-decode-9c9b54cb6-mngw2,1841m,23535Mi
1789903729,weka-bench-epp-thunder-c96-r3-tmnfp,3785m,9009Mi
1789903761,program-aware-scheduling-epp-7d8f68dc5c-9b86c,1256m,432Mi
1789903761,program-aware-vllm-decode-9c9b54cb6-f9qsh,1977m,23542Mi
1789903761,program-aware-vllm-decode-9c9b54cb6-gkzmr,2121m,23494Mi
1789903761,program-aware-vllm-decode-9c9b54cb6-kccxc,1565m,23523Mi
1789903761,program-aware-vllm-decode-9c9b54cb6-mngw2,2351m,23536Mi
1789903761,weka-bench-epp-thunder-c96-r3-tmnfp,4083m,9069Mi
1789903793,program-aware-scheduling-epp-7d8f68dc5c-9b86c,1401m,437Mi
1789903793,program-aware-vllm-decode-9c9b54cb6-f9qsh,1790m,23542Mi
1789903793,program-aware-vllm-decode-9c9b54cb6-gkzmr,2193m,23493Mi
1789903793,program-aware-vllm-decode-9c9b54cb6-kccxc,1501m,23524Mi
1789903793,program-aware-vllm-decode-9c9b54cb6-mngw2,1544m,23537Mi
1789903793,weka-bench-epp-thunder-c96-r3-tmnfp,4430m,9154Mi
1789903825,program-aware-scheduling-epp-7d8f68dc5c-9b86c,1338m,450Mi
1789903825,program-aware-vllm-decode-9c9b54cb6-f9qsh,2368m,23544Mi
1789903825,program-aware-vllm-decode-9c9b54cb6-gkzmr,2065m,23493Mi
1789903825,program-aware-vllm-decode-9c9b54cb6-kccxc,1816m,23523Mi
1789903825,program-aware-vllm-decode-9c9b54cb6-mngw2,1623m,23536Mi
1789903825,weka-bench-epp-thunder-c96-r3-tmnfp,3995m,9249Mi
1789903857,program-aware-scheduling-epp-7d8f68dc5c-9b86c,1276m,448Mi
1789903857,program-aware-vllm-decode-9c9b54cb6-f9qsh,2605m,23553Mi
1789903857,program-aware-vllm-decode-9c9b54cb6-gkzmr,2054m,23492Mi
1789903857,program-aware-vllm-decode-9c9b54cb6-kccxc,1837m,23524Mi
1789903857,program-aware-vllm-decode-9c9b54cb6-mngw2,2097m,23536Mi
1789903857,weka-bench-epp-thunder-c96-r3-tmnfp,3591m,9328Mi
1789903888,program-aware-scheduling-epp-7d8f68dc5c-9b86c,1205m,452Mi
1789903888,program-aware-vllm-decode-9c9b54cb6-f9qsh,2522m,23553Mi
1789903888,program-aware-vllm-decode-9c9b54cb6-gkzmr,1979m,23493Mi
1789903888,program-aware-vllm-decode-9c9b54cb6-kccxc,1929m,23524Mi
1789903888,program-aware-vllm-decode-9c9b54cb6-mngw2,2455m,23537Mi
1789903888,weka-bench-epp-thunder-c96-r3-tmnfp,3446m,9365Mi
1789903921,program-aware-scheduling-epp-7d8f68dc5c-9b86c,1041m,451Mi
1789903921,program-aware-vllm-decode-9c9b54cb6-f9qsh,2738m,23550Mi
1789903921,program-aware-vllm-decode-9c9b54cb6-gkzmr,2741m,23492Mi
1789903921,program-aware-vllm-decode-9c9b54cb6-kccxc,1694m,23523Mi
1789903921,program-aware-vllm-decode-9c9b54cb6-mngw2,2628m,23538Mi
1789903921,weka-bench-epp-thunder-c96-r3-tmnfp,3207m,9405Mi
1789903953,program-aware-scheduling-epp-7d8f68dc5c-9b86c,1037m,454Mi
1789903953,program-aware-vllm-decode-9c9b54cb6-f9qsh,2816m,23551Mi
1789903953,program-aware-vllm-decode-9c9b54cb6-gkzmr,1915m,23493Mi
1789903953,program-aware-vllm-decode-9c9b54cb6-kccxc,2218m,23527Mi
1789903953,program-aware-vllm-decode-9c9b54cb6-mngw2,2190m,23538Mi
1789903953,weka-bench-epp-thunder-c96-r3-tmnfp,3300m,9439Mi
1789903984,program-aware-scheduling-epp-7d8f68dc5c-9b86c,912m,456Mi
1789903984,program-aware-vllm-decode-9c9b54cb6-f9qsh,2481m,23550Mi
1789903984,program-aware-vllm-decode-9c9b54cb6-gkzmr,2272m,23494Mi
1789903984,program-aware-vllm-decode-9c9b54cb6-kccxc,2744m,23525Mi
1789903984,program-aware-vllm-decode-9c9b54cb6-mngw2,2912m,23537Mi
1789903984,weka-bench-epp-thunder-c96-r3-tmnfp,3251m,9474Mi
1789904016,program-aware-scheduling-epp-7d8f68dc5c-9b86c,1078m,455Mi
1789904016,program-aware-vllm-decode-9c9b54cb6-f9qsh,2412m,23552Mi
1789904016,program-aware-vllm-decode-9c9b54cb6-gkzmr,2540m,23494Mi
1789904016,program-aware-vllm-decode-9c9b54cb6-kccxc,2425m,23527Mi
1789904016,program-aware-vllm-decode-9c9b54cb6-mngw2,2455m,23537Mi
1789904016,weka-bench-epp-thunder-c96-r3-tmnfp,3357m,9505Mi
1789904048,program-aware-scheduling-epp-7d8f68dc5c-9b86c,1060m,451Mi
1789904048,program-aware-vllm-decode-9c9b54cb6-f9qsh,2399m,23553Mi
1789904048,program-aware-vllm-decode-9c9b54cb6-gkzmr,3063m,23498Mi
1789904048,program-aware-vllm-decode-9c9b54cb6-kccxc,1581m,23527Mi
1789904048,program-aware-vllm-decode-9c9b54cb6-mngw2,1633m,23539Mi
1789904048,weka-bench-epp-thunder-c96-r3-tmnfp,3456m,9556Mi
1789904081,program-aware-scheduling-epp-7d8f68dc5c-9b86c,990m,455Mi
1789904081,program-aware-vllm-decode-9c9b54cb6-f9qsh,1993m,23553Mi
1789904081,program-aware-vllm-decode-9c9b54cb6-gkzmr,2437m,23515Mi
1789904081,program-aware-vllm-decode-9c9b54cb6-kccxc,2591m,23527Mi
1789904081,program-aware-vllm-decode-9c9b54cb6-mngw2,2576m,23540Mi
1789904081,weka-bench-epp-thunder-c96-r3-tmnfp,3306m,9646Mi
1789904113,program-aware-scheduling-epp-7d8f68dc5c-9b86c,904m,464Mi
1789904113,program-aware-vllm-decode-9c9b54cb6-f9qsh,2829m,23552Mi
1789904113,program-aware-vllm-decode-9c9b54cb6-gkzmr,2943m,23528Mi
1789904113,program-aware-vllm-decode-9c9b54cb6-kccxc,2489m,23526Mi
1789904113,program-aware-vllm-decode-9c9b54cb6-mngw2,2705m,23541Mi
1789904113,weka-bench-epp-thunder-c96-r3-tmnfp,3032m,9681Mi
1789904144,program-aware-scheduling-epp-7d8f68dc5c-9b86c,958m,467Mi
1789904144,program-aware-vllm-decode-9c9b54cb6-f9qsh,2459m,23551Mi
1789904144,program-aware-vllm-decode-9c9b54cb6-gkzmr,2581m,23528Mi
1789904144,program-aware-vllm-decode-9c9b54cb6-kccxc,2805m,23527Mi
1789904144,program-aware-vllm-decode-9c9b54cb6-mngw2,2179m,23540Mi
1789904144,weka-bench-epp-thunder-c96-r3-tmnfp,3195m,9711Mi
1789904177,program-aware-scheduling-epp-7d8f68dc5c-9b86c,1002m,462Mi
1789904177,program-aware-vllm-decode-9c9b54cb6-f9qsh,2474m,23551Mi
1789904177,program-aware-vllm-decode-9c9b54cb6-gkzmr,2759m,23529Mi
1789904177,program-aware-vllm-decode-9c9b54cb6-kccxc,2368m,23526Mi
1789904177,program-aware-vllm-decode-9c9b54cb6-mngw2,2817m,23539Mi
1789904177,weka-bench-epp-thunder-c96-r3-tmnfp,3159m,9745Mi
1789904208,program-aware-scheduling-epp-7d8f68dc5c-9b86c,1167m,461Mi
1789904208,program-aware-vllm-decode-9c9b54cb6-f9qsh,2108m,23552Mi
1789904208,program-aware-vllm-decode-9c9b54cb6-gkzmr,1717m,23529Mi
1789904208,program-aware-vllm-decode-9c9b54cb6-kccxc,1843m,23527Mi
1789904208,program-aware-vllm-decode-9c9b54cb6-mngw2,2722m,23540Mi
1789904208,weka-bench-epp-thunder-c96-r3-tmnfp,3565m,9802Mi
1789904241,program-aware-scheduling-epp-7d8f68dc5c-9b86c,1083m,462Mi
1789904241,program-aware-vllm-decode-9c9b54cb6-f9qsh,2182m,23552Mi
1789904241,program-aware-vllm-decode-9c9b54cb6-gkzmr,2022m,23501Mi
1789904241,program-aware-vllm-decode-9c9b54cb6-kccxc,2804m,23526Mi
1789904241,program-aware-vllm-decode-9c9b54cb6-mngw2,2769m,23543Mi
1789904241,weka-bench-epp-thunder-c96-r3-tmnfp,3397m,9856Mi
1789904273,program-aware-scheduling-epp-7d8f68dc5c-9b86c,1091m,460Mi
1789904273,program-aware-vllm-decode-9c9b54cb6-f9qsh,2244m,23553Mi
1789904273,program-aware-vllm-decode-9c9b54cb6-gkzmr,2549m,23502Mi
1789904273,program-aware-vllm-decode-9c9b54cb6-kccxc,1848m,23527Mi
1789904273,program-aware-vllm-decode-9c9b54cb6-mngw2,2380m,23543Mi
1789904273,weka-bench-epp-thunder-c96-r3-tmnfp,3428m,9889Mi
1789904305,program-aware-scheduling-epp-7d8f68dc5c-9b86c,988m,458Mi
1789904305,program-aware-vllm-decode-9c9b54cb6-f9qsh,2418m,23551Mi
1789904305,program-aware-vllm-decode-9c9b54cb6-gkzmr,2468m,23504Mi
1789904305,program-aware-vllm-decode-9c9b54cb6-kccxc,2888m,23527Mi
1789904305,program-aware-vllm-decode-9c9b54cb6-mngw2,2599m,23542Mi
1789904305,weka-bench-epp-thunder-c96-r3-tmnfp,3366m,9919Mi
1789904337,program-aware-scheduling-epp-7d8f68dc5c-9b86c,1001m,461Mi
1789904337,program-aware-vllm-decode-9c9b54cb6-f9qsh,2898m,23552Mi
1789904337,program-aware-vllm-decode-9c9b54cb6-gkzmr,2231m,23506Mi
1789904337,program-aware-vllm-decode-9c9b54cb6-kccxc,2408m,23527Mi
1789904337,program-aware-vllm-decode-9c9b54cb6-mngw2,2596m,23542Mi
1789904337,weka-bench-epp-thunder-c96-r3-tmnfp,3314m,9960Mi
1789904369,program-aware-scheduling-epp-7d8f68dc5c-9b86c,964m,452Mi
1789904369,program-aware-vllm-decode-9c9b54cb6-f9qsh,2558m,23555Mi
1789904369,program-aware-vllm-decode-9c9b54cb6-gkzmr,2232m,23508Mi
1789904369,program-aware-vllm-decode-9c9b54cb6-kccxc,2321m,23528Mi
1789904369,program-aware-vllm-decode-9c9b54cb6-mngw2,2659m,23541Mi
1789904369,weka-bench-epp-thunder-c96-r3-tmnfp,3313m,10015Mi
1789904402,program-aware-scheduling-epp-7d8f68dc5c-9b86c,1070m,457Mi
1789904402,program-aware-vllm-decode-9c9b54cb6-f9qsh,2425m,23555Mi
1789904402,program-aware-vllm-decode-9c9b54cb6-gkzmr,1969m,23507Mi
1789904402,program-aware-vllm-decode-9c9b54cb6-kccxc,2876m,23527Mi
1789904402,program-aware-vllm-decode-9c9b54cb6-mngw2,2598m,23542Mi
1789904402,weka-bench-epp-thunder-c96-r3-tmnfp,3576m,10046Mi
1789904435,program-aware-scheduling-epp-7d8f68dc5c-9b86c,975m,454Mi
1789904435,program-aware-vllm-decode-9c9b54cb6-f9qsh,2360m,23555Mi
1789904435,program-aware-vllm-decode-9c9b54cb6-gkzmr,2430m,23507Mi
1789904435,program-aware-vllm-decode-9c9b54cb6-kccxc,2316m,23526Mi
1789904435,program-aware-vllm-decode-9c9b54cb6-mngw2,2758m,23542Mi
1789904435,weka-bench-epp-thunder-c96-r3-tmnfp,3632m,10091Mi
1789904467,program-aware-scheduling-epp-7d8f68dc5c-9b86c,1079m,460Mi
1789904467,program-aware-vllm-decode-9c9b54cb6-f9qsh,1927m,23556Mi
1789904467,program-aware-vllm-decode-9c9b54cb6-gkzmr,2187m,23507Mi
1789904467,program-aware-vllm-decode-9c9b54cb6-kccxc,2537m,23527Mi
1789904467,program-aware-vllm-decode-9c9b54cb6-mngw2,2374m,23542Mi
1789904467,weka-bench-epp-thunder-c96-r3-tmnfp,3623m,10135Mi
1789904500,program-aware-scheduling-epp-7d8f68dc5c-9b86c,1003m,468Mi
1789904500,program-aware-vllm-decode-9c9b54cb6-f9qsh,2092m,23555Mi
1789904500,program-aware-vllm-decode-9c9b54cb6-gkzmr,2796m,23508Mi
1789904500,program-aware-vllm-decode-9c9b54cb6-kccxc,2423m,23527Mi
1789904500,program-aware-vllm-decode-9c9b54cb6-mngw2,2634m,23565Mi
1789904500,weka-bench-epp-thunder-c96-r3-tmnfp,3391m,10226Mi
1789904532,program-aware-scheduling-epp-7d8f68dc5c-9b86c,988m,467Mi
1789904532,program-aware-vllm-decode-9c9b54cb6-f9qsh,2390m,23556Mi
1789904532,program-aware-vllm-decode-9c9b54cb6-gkzmr,2681m,23507Mi
1789904532,program-aware-vllm-decode-9c9b54cb6-kccxc,2272m,23527Mi
1789904532,program-aware-vllm-decode-9c9b54cb6-mngw2,2510m,23565Mi
1789904532,weka-bench-epp-thunder-c96-r3-tmnfp,3262m,10271Mi
1789904564,program-aware-scheduling-epp-7d8f68dc5c-9b86c,820m,463Mi
1789904564,program-aware-vllm-decode-9c9b54cb6-f9qsh,2859m,23555Mi
1789904564,program-aware-vllm-decode-9c9b54cb6-gkzmr,2482m,23508Mi
1789904564,program-aware-vllm-decode-9c9b54cb6-kccxc,2895m,23528Mi
1789904564,program-aware-vllm-decode-9c9b54cb6-mngw2,2729m,23570Mi
1789904564,weka-bench-epp-thunder-c96-r3-tmnfp,2947m,10278Mi
1789904597,program-aware-scheduling-epp-7d8f68dc5c-9b86c,901m,473Mi
1789904597,program-aware-vllm-decode-9c9b54cb6-f9qsh,2396m,23555Mi
1789904597,program-aware-vllm-decode-9c9b54cb6-gkzmr,2783m,23507Mi
1789904597,program-aware-vllm-decode-9c9b54cb6-kccxc,2795m,23528Mi
1789904597,program-aware-vllm-decode-9c9b54cb6-mngw2,2689m,23570Mi
1789904597,weka-bench-epp-thunder-c96-r3-tmnfp,3148m,10323Mi
1789904629,program-aware-scheduling-epp-7d8f68dc5c-9b86c,985m,476Mi
1789904629,program-aware-vllm-decode-9c9b54cb6-f9qsh,2037m,23559Mi
1789904629,program-aware-vllm-decode-9c9b54cb6-gkzmr,2859m,23507Mi
1789904629,program-aware-vllm-decode-9c9b54cb6-kccxc,2579m,23526Mi
1789904629,program-aware-vllm-decode-9c9b54cb6-mngw2,2243m,23571Mi
1789904629,weka-bench-epp-thunder-c96-r3-tmnfp,3149m,10345Mi
1789904662,program-aware-scheduling-epp-7d8f68dc5c-9b86c,1017m,481Mi
1789904662,program-aware-vllm-decode-9c9b54cb6-f9qsh,2708m,23559Mi
1789904662,program-aware-vllm-decode-9c9b54cb6-gkzmr,2673m,23508Mi
1789904662,program-aware-vllm-decode-9c9b54cb6-kccxc,2545m,23527Mi
1789904662,program-aware-vllm-decode-9c9b54cb6-mngw2,2167m,23571Mi
1789904662,weka-bench-epp-thunder-c96-r3-tmnfp,3348m,10388Mi
1789904694,program-aware-scheduling-epp-7d8f68dc5c-9b86c,962m,474Mi
1789904694,program-aware-vllm-decode-9c9b54cb6-f9qsh,2680m,23560Mi
1789904694,program-aware-vllm-decode-9c9b54cb6-gkzmr,1943m,23508Mi
1789904694,program-aware-vllm-decode-9c9b54cb6-kccxc,2453m,23527Mi
1789904694,program-aware-vllm-decode-9c9b54cb6-mngw2,2762m,23542Mi
1789904694,weka-bench-epp-thunder-c96-r3-tmnfp,3196m,10429Mi
1789904726,program-aware-scheduling-epp-7d8f68dc5c-9b86c,1032m,481Mi
1789904726,program-aware-vllm-decode-9c9b54cb6-f9qsh,2695m,23559Mi
1789904726,program-aware-vllm-decode-9c9b54cb6-gkzmr,2006m,23509Mi
1789904726,program-aware-vllm-decode-9c9b54cb6-kccxc,2191m,23527Mi
1789904726,program-aware-vllm-decode-9c9b54cb6-mngw2,3008m,23543Mi
1789904726,weka-bench-epp-thunder-c96-r3-tmnfp,3351m,10470Mi
1789904758,program-aware-scheduling-epp-7d8f68dc5c-9b86c,997m,483Mi
1789904758,program-aware-vllm-decode-9c9b54cb6-f9qsh,2773m,23561Mi
1789904758,program-aware-vllm-decode-9c9b54cb6-gkzmr,2306m,23508Mi
1789904758,program-aware-vllm-decode-9c9b54cb6-kccxc,2447m,23527Mi
1789904758,program-aware-vllm-decode-9c9b54cb6-mngw2,2774m,23543Mi
1789904758,weka-bench-epp-thunder-c96-r3-tmnfp,3083m,10504Mi
1789904790,program-aware-scheduling-epp-7d8f68dc5c-9b86c,932m,476Mi
1789904790,program-aware-vllm-decode-9c9b54cb6-f9qsh,2958m,23560Mi
1789904790,program-aware-vllm-decode-9c9b54cb6-gkzmr,2637m,23508Mi
1789904790,program-aware-vllm-decode-9c9b54cb6-kccxc,2364m,23527Mi
1789904790,program-aware-vllm-decode-9c9b54cb6-mngw2,2629m,23543Mi
1789904790,weka-bench-epp-thunder-c96-r3-tmnfp,3142m,10536Mi
1789904822,program-aware-scheduling-epp-7d8f68dc5c-9b86c,995m,476Mi
1789904822,program-aware-vllm-decode-9c9b54cb6-f9qsh,2822m,23560Mi
1789904822,program-aware-vllm-decode-9c9b54cb6-gkzmr,2539m,23508Mi
1789904822,program-aware-vllm-decode-9c9b54cb6-kccxc,2006m,23528Mi
1789904822,program-aware-vllm-decode-9c9b54cb6-mngw2,2624m,23543Mi
1789904822,weka-bench-epp-thunder-c96-r3-tmnfp,3278m,10560Mi
1789904853,program-aware-scheduling-epp-7d8f68dc5c-9b86c,977m,484Mi
1789904853,program-aware-vllm-decode-9c9b54cb6-f9qsh,2524m,23559Mi
1789904853,program-aware-vllm-decode-9c9b54cb6-gkzmr,2700m,23508Mi
1789904853,program-aware-vllm-decode-9c9b54cb6-kccxc,2605m,23528Mi
1789904853,program-aware-vllm-decode-9c9b54cb6-mngw2,2300m,23543Mi
1789904853,weka-bench-epp-thunder-c96-r3-tmnfp,3131m,10599Mi
1789904886,program-aware-scheduling-epp-7d8f68dc5c-9b86c,1047m,486Mi
1789904886,program-aware-vllm-decode-9c9b54cb6-f9qsh,2493m,23560Mi
1789904886,program-aware-vllm-decode-9c9b54cb6-gkzmr,2543m,23508Mi
1789904886,program-aware-vllm-decode-9c9b54cb6-kccxc,2058m,23528Mi
1789904886,program-aware-vllm-decode-9c9b54cb6-mngw2,2153m,23543Mi
1789904886,weka-bench-epp-thunder-c96-r3-tmnfp,3525m,10637Mi
1789904919,program-aware-scheduling-epp-7d8f68dc5c-9b86c,1135m,460Mi
1789904919,program-aware-vllm-decode-9c9b54cb6-f9qsh,2315m,23560Mi
1789904919,program-aware-vllm-decode-9c9b54cb6-gkzmr,2657m,23508Mi
1789904919,program-aware-vllm-decode-9c9b54cb6-kccxc,2107m,23527Mi
1789904919,program-aware-vllm-decode-9c9b54cb6-mngw2,2521m,23542Mi
1789904919,weka-bench-epp-thunder-c96-r3-tmnfp,2719m,10663Mi
1789904951,program-aware-scheduling-epp-7d8f68dc5c-9b86c,1622m,233Mi
1789904951,program-aware-vllm-decode-9c9b54cb6-f9qsh,1495m,23560Mi
1789904951,program-aware-vllm-decode-9c9b54cb6-gkzmr,1475m,23509Mi
1789904951,program-aware-vllm-decode-9c9b54cb6-kccxc,1549m,23528Mi
1789904951,program-aware-vllm-decode-9c9b54cb6-mngw2,1456m,23542Mi
1789904951,weka-bench-epp-thunder-c96-r3-tmnfp,3434m,10761Mi
1789904983,program-aware-scheduling-epp-7d8f68dc5c-9b86c,1564m,144Mi
1789904983,program-aware-vllm-decode-9c9b54cb6-f9qsh,1789m,23560Mi
1789904983,program-aware-vllm-decode-9c9b54cb6-gkzmr,1762m,23507Mi
1789904983,program-aware-vllm-decode-9c9b54cb6-kccxc,1750m,23527Mi
1789904983,program-aware-vllm-decode-9c9b54cb6-mngw2,1625m,23496Mi
1789904983,weka-bench-epp-thunder-c96-r3-tmnfp,3924m,10838Mi
1789905015,program-aware-scheduling-epp-7d8f68dc5c-9b86c,1015m,108Mi
1789905015,program-aware-vllm-decode-9c9b54cb6-f9qsh,1580m,23521Mi
1789905015,program-aware-vllm-decode-9c9b54cb6-gkzmr,1468m,23465Mi
1789905015,program-aware-vllm-decode-9c9b54cb6-kccxc,1366m,23481Mi
1789905015,program-aware-vllm-decode-9c9b54cb6-mngw2,104m,23495Mi
1789905015,weka-bench-epp-thunder-c96-r3-tmnfp,2555m,4997Mi
1789905047,program-aware-scheduling-epp-7d8f68dc5c-9b86c,619m,108Mi
1789905047,program-aware-vllm-decode-9c9b54cb6-f9qsh,109m,23521Mi
1789905047,program-aware-vllm-decode-9c9b54cb6-gkzmr,111m,23465Mi
1789905047,program-aware-vllm-decode-9c9b54cb6-kccxc,107m,23480Mi
1789905047,program-aware-vllm-decode-9c9b54cb6-mngw2,107m,23496Mi
1789905047,weka-bench-epp-thunder-c96-r3-tmnfp,1518m,4999Mi
1789905079,program-aware-scheduling-epp-7d8f68dc5c-9b86c,616m,109Mi
1789905079,program-aware-vllm-decode-9c9b54cb6-f9qsh,105m,23521Mi
1789905079,program-aware-vllm-decode-9c9b54cb6-gkzmr,109m,23465Mi
1789905079,program-aware-vllm-decode-9c9b54cb6-kccxc,108m,23480Mi
1789905079,program-aware-vllm-decode-9c9b54cb6-mngw2,108m,23496Mi
1789905079,weka-bench-epp-thunder-c96-r3-tmnfp,1534m,5004Mi
1789905111,program-aware-scheduling-epp-7d8f68dc5c-9b86c,615m,107Mi
1789905111,program-aware-vllm-decode-9c9b54cb6-f9qsh,108m,23521Mi
1789905111,program-aware-vllm-decode-9c9b54cb6-gkzmr,110m,23465Mi
1789905111,program-aware-vllm-decode-9c9b54cb6-kccxc,108m,23479Mi
1789905111,program-aware-vllm-decode-9c9b54cb6-mngw2,107m,23496Mi
1789905111,weka-bench-epp-thunder-c96-r3-tmnfp,1522m,5009Mi
1789905144,program-aware-scheduling-epp-7d8f68dc5c-9b86c,609m,111Mi
1789905144,program-aware-vllm-decode-9c9b54cb6-f9qsh,107m,23521Mi
1789905144,program-aware-vllm-decode-9c9b54cb6-gkzmr,110m,23465Mi
1789905144,program-aware-vllm-decode-9c9b54cb6-kccxc,108m,23479Mi
1789905144,program-aware-vllm-decode-9c9b54cb6-mngw2,104m,23496Mi
1789905144,weka-bench-epp-thunder-c96-r3-tmnfp,1560m,5013Mi
1789905176,program-aware-scheduling-epp-7d8f68dc5c-9b86c,605m,107Mi
1789905176,program-aware-vllm-decode-9c9b54cb6-f9qsh,104m,23521Mi
1789905176,program-aware-vllm-decode-9c9b54cb6-gkzmr,109m,23465Mi
1789905176,program-aware-vllm-decode-9c9b54cb6-kccxc,109m,23479Mi
1789905176,program-aware-vllm-decode-9c9b54cb6-mngw2,104m,23496Mi
1789905176,weka-bench-epp-thunder-c96-r3-tmnfp,1524m,5016Mi
1789905209,program-aware-scheduling-epp-7d8f68dc5c-9b86c,618m,108Mi
1789905209,program-aware-vllm-decode-9c9b54cb6-f9qsh,109m,23521Mi
1789905209,program-aware-vllm-decode-9c9b54cb6-gkzmr,111m,23465Mi
1789905209,program-aware-vllm-decode-9c9b54cb6-kccxc,110m,23480Mi
1789905209,program-aware-vllm-decode-9c9b54cb6-mngw2,103m,23495Mi
1789905209,weka-bench-epp-thunder-c96-r3-tmnfp,1532m,5021Mi
1789905244,program-aware-scheduling-epp-7d8f68dc5c-9b86c,608m,107Mi
1789905244,program-aware-vllm-decode-9c9b54cb6-f9qsh,107m,23520Mi
1789905244,program-aware-vllm-decode-9c9b54cb6-gkzmr,108m,23465Mi
1789905244,program-aware-vllm-decode-9c9b54cb6-kccxc,109m,23479Mi
1789905244,program-aware-vllm-decode-9c9b54cb6-mngw2,103m,23496Mi
1789905244,weka-bench-epp-thunder-c96-r3-tmnfp,1499m,5004Mi
1789905279,program-aware-scheduling-epp-7d8f68dc5c-9b86c,626m,102Mi
1789905279,program-aware-vllm-decode-9c9b54cb6-f9qsh,106m,23521Mi
1789905279,program-aware-vllm-decode-9c9b54cb6-gkzmr,109m,23465Mi
1789905279,program-aware-vllm-decode-9c9b54cb6-kccxc,114m,23479Mi
1789905279,program-aware-vllm-decode-9c9b54cb6-mngw2,105m,23496Mi
1789905279,weka-bench-epp-thunder-c96-r3-tmnfp,1542m,5010Mi
1789905314,program-aware-scheduling-epp-7d8f68dc5c-9b86c,617m,102Mi
1789905314,program-aware-vllm-decode-9c9b54cb6-f9qsh,105m,23521Mi
1789905314,program-aware-vllm-decode-9c9b54cb6-gkzmr,109m,23465Mi
1789905314,program-aware-vllm-decode-9c9b54cb6-kccxc,110m,23480Mi
1789905314,program-aware-vllm-decode-9c9b54cb6-mngw2,102m,23496Mi
1789905314,weka-bench-epp-thunder-c96-r3-tmnfp,1459m,5011Mi
1789905348,program-aware-scheduling-epp-7d8f68dc5c-9b86c,617m,102Mi
1789905348,program-aware-vllm-decode-9c9b54cb6-f9qsh,108m,23521Mi
1789905348,program-aware-vllm-decode-9c9b54cb6-gkzmr,110m,23466Mi
1789905348,program-aware-vllm-decode-9c9b54cb6-kccxc,108m,23480Mi
1789905348,program-aware-vllm-decode-9c9b54cb6-mngw2,104m,23496Mi
1789905348,weka-bench-epp-thunder-c96-r3-tmnfp,1513m,5015Mi
1789905382,program-aware-scheduling-epp-7d8f68dc5c-9b86c,616m,101Mi
1789905382,program-aware-vllm-decode-9c9b54cb6-f9qsh,108m,23521Mi
1789905382,program-aware-vllm-decode-9c9b54cb6-gkzmr,110m,23465Mi
1789905382,program-aware-vllm-decode-9c9b54cb6-kccxc,107m,23480Mi
1789905382,program-aware-vllm-decode-9c9b54cb6-mngw2,104m,23495Mi
1789905382,weka-bench-epp-thunder-c96-r3-tmnfp,1466m,5019Mi
1789905415,program-aware-scheduling-epp-7d8f68dc5c-9b86c,621m,103Mi
1789905415,program-aware-vllm-decode-9c9b54cb6-f9qsh,108m,23520Mi
1789905415,program-aware-vllm-decode-9c9b54cb6-gkzmr,110m,23465Mi
1789905415,program-aware-vllm-decode-9c9b54cb6-kccxc,108m,23480Mi
1789905415,program-aware-vllm-decode-9c9b54cb6-mngw2,103m,23495Mi
1789905415,weka-bench-epp-thunder-c96-r3-tmnfp,1482m,5021Mi
1789905448,program-aware-scheduling-epp-7d8f68dc5c-9b86c,628m,105Mi
1789905448,program-aware-vllm-decode-9c9b54cb6-f9qsh,108m,23521Mi
1789905448,program-aware-vllm-decode-9c9b54cb6-gkzmr,110m,23465Mi
1789905448,program-aware-vllm-decode-9c9b54cb6-kccxc,109m,23480Mi
1789905448,program-aware-vllm-decode-9c9b54cb6-mngw2,104m,23496Mi
1789905448,weka-bench-epp-thunder-c96-r3-tmnfp,1482m,5008Mi
1789905480,program-aware-scheduling-epp-7d8f68dc5c-9b86c,628m,101Mi
1789905480,program-aware-vllm-decode-9c9b54cb6-f9qsh,108m,23520Mi
1789905480,program-aware-vllm-decode-9c9b54cb6-gkzmr,111m,23465Mi
1789905480,program-aware-vllm-decode-9c9b54cb6-kccxc,108m,23480Mi
1789905480,program-aware-vllm-decode-9c9b54cb6-mngw2,105m,23495Mi
1789905480,weka-bench-epp-thunder-c96-r3-tmnfp,1496m,5016Mi
1789905512,program-aware-scheduling-epp-7d8f68dc5c-9b86c,626m,101Mi
1789905512,program-aware-vllm-decode-9c9b54cb6-f9qsh,108m,23521Mi
1789905512,program-aware-vllm-decode-9c9b54cb6-gkzmr,113m,23465Mi
1789905512,program-aware-vllm-decode-9c9b54cb6-kccxc,109m,23480Mi
1789905512,program-aware-vllm-decode-9c9b54cb6-mngw2,104m,23495Mi
1789905512,weka-bench-epp-thunder-c96-r3-tmnfp,1451m,5027Mi
1789905544,program-aware-scheduling-epp-7d8f68dc5c-9b86c,625m,101Mi
1789905544,program-aware-vllm-decode-9c9b54cb6-f9qsh,108m,23521Mi
1789905544,program-aware-vllm-decode-9c9b54cb6-gkzmr,111m,23466Mi
1789905544,program-aware-vllm-decode-9c9b54cb6-kccxc,108m,23479Mi
1789905544,program-aware-vllm-decode-9c9b54cb6-mngw2,106m,23496Mi
1789905544,weka-bench-epp-thunder-c96-r3-tmnfp,1501m,5036Mi
1789905576,program-aware-scheduling-epp-7d8f68dc5c-9b86c,612m,102Mi
1789905576,program-aware-vllm-decode-9c9b54cb6-f9qsh,109m,23520Mi
1789905576,program-aware-vllm-decode-9c9b54cb6-gkzmr,110m,23465Mi
1789905576,program-aware-vllm-decode-9c9b54cb6-kccxc,111m,23480Mi
1789905576,program-aware-vllm-decode-9c9b54cb6-mngw2,103m,23495Mi
1789905576,weka-bench-epp-thunder-c96-r3-tmnfp,1489m,5042Mi
1789905608,program-aware-scheduling-epp-7d8f68dc5c-9b86c,617m,103Mi
1789905608,program-aware-vllm-decode-9c9b54cb6-f9qsh,110m,23521Mi
1789905608,program-aware-vllm-decode-9c9b54cb6-gkzmr,112m,23465Mi
1789905608,program-aware-vllm-decode-9c9b54cb6-kccxc,109m,23479Mi
1789905608,program-aware-vllm-decode-9c9b54cb6-mngw2,104m,23496Mi
1789905608,weka-bench-epp-thunder-c96-r3-tmnfp,1479m,5055Mi
