1789781801,program-aware-scheduling-epp-74574465bb-kf4mx,603m,47Mi
1789781801,program-aware-vllm-decode-9c9b54cb6-f9qsh,107m,23468Mi
1789781801,program-aware-vllm-decode-9c9b54cb6-gkzmr,106m,23471Mi
1789781801,program-aware-vllm-decode-9c9b54cb6-kccxc,111m,23483Mi
1789781801,program-aware-vllm-decode-9c9b54cb6-mngw2,103m,23437Mi
1789781833,program-aware-scheduling-epp-74574465bb-kf4mx,617m,46Mi
1789781833,program-aware-vllm-decode-9c9b54cb6-f9qsh,106m,23468Mi
1789781833,program-aware-vllm-decode-9c9b54cb6-gkzmr,112m,23471Mi
1789781833,program-aware-vllm-decode-9c9b54cb6-kccxc,123m,23484Mi
1789781833,program-aware-vllm-decode-9c9b54cb6-mngw2,108m,23436Mi
1789781833,weka-bench-epp-thunder-c192-8c9fr,1077m,194Mi
1789781864,program-aware-scheduling-epp-74574465bb-kf4mx,609m,46Mi
1789781864,program-aware-vllm-decode-9c9b54cb6-f9qsh,107m,23467Mi
1789781864,program-aware-vllm-decode-9c9b54cb6-gkzmr,149m,23472Mi
1789781864,program-aware-vllm-decode-9c9b54cb6-kccxc,142m,23484Mi
1789781864,program-aware-vllm-decode-9c9b54cb6-mngw2,107m,23436Mi
1789781864,weka-bench-epp-thunder-c192-8c9fr,3313m,4036Mi
1789781896,program-aware-scheduling-epp-74574465bb-kf4mx,623m,46Mi
1789781896,program-aware-vllm-decode-9c9b54cb6-f9qsh,109m,23468Mi
1789781896,program-aware-vllm-decode-9c9b54cb6-gkzmr,142m,23471Mi
1789781896,program-aware-vllm-decode-9c9b54cb6-kccxc,155m,23483Mi
1789781896,program-aware-vllm-decode-9c9b54cb6-mngw2,106m,23436Mi
1789781896,weka-bench-epp-thunder-c192-8c9fr,8044m,4894Mi
1789781928,program-aware-scheduling-epp-74574465bb-kf4mx,632m,47Mi
1789781928,program-aware-vllm-decode-9c9b54cb6-f9qsh,109m,23468Mi
1789781928,program-aware-vllm-decode-9c9b54cb6-gkzmr,109m,23471Mi
1789781928,program-aware-vllm-decode-9c9b54cb6-kccxc,110m,23484Mi
1789781928,program-aware-vllm-decode-9c9b54cb6-mngw2,106m,23436Mi
1789781928,weka-bench-epp-thunder-c192-8c9fr,8015m,6223Mi
1789781960,program-aware-scheduling-epp-74574465bb-kf4mx,717m,168Mi
1789781960,program-aware-vllm-decode-9c9b54cb6-f9qsh,599m,23421Mi
1789781960,program-aware-vllm-decode-9c9b54cb6-gkzmr,945m,23423Mi
1789781960,program-aware-vllm-decode-9c9b54cb6-kccxc,501m,23431Mi
1789781960,program-aware-vllm-decode-9c9b54cb6-mngw2,1263m,23395Mi
1789781960,weka-bench-epp-thunder-c192-8c9fr,10304m,7086Mi
1789781992,program-aware-scheduling-epp-74574465bb-kf4mx,976m,346Mi
1789781992,program-aware-vllm-decode-9c9b54cb6-f9qsh,3193m,23445Mi
1789781992,program-aware-vllm-decode-9c9b54cb6-gkzmr,3222m,23451Mi
1789781992,program-aware-vllm-decode-9c9b54cb6-kccxc,3210m,23455Mi
1789781992,program-aware-vllm-decode-9c9b54cb6-mngw2,3273m,23459Mi
1789781992,weka-bench-epp-thunder-c192-8c9fr,16416m,7495Mi
1789782023,program-aware-scheduling-epp-74574465bb-kf4mx,1204m,454Mi
1789782023,program-aware-vllm-decode-9c9b54cb6-f9qsh,2951m,23487Mi
1789782023,program-aware-vllm-decode-9c9b54cb6-gkzmr,3193m,23471Mi
1789782023,program-aware-vllm-decode-9c9b54cb6-kccxc,2812m,23495Mi
1789782023,program-aware-vllm-decode-9c9b54cb6-mngw2,3132m,23491Mi
1789782023,weka-bench-epp-thunder-c192-8c9fr,4664m,7699Mi
1789782055,program-aware-scheduling-epp-74574465bb-kf4mx,1557m,460Mi
1789782055,program-aware-vllm-decode-9c9b54cb6-f9qsh,2455m,23507Mi
1789782055,program-aware-vllm-decode-9c9b54cb6-gkzmr,2549m,23487Mi
1789782055,program-aware-vllm-decode-9c9b54cb6-kccxc,2489m,23502Mi
1789782055,program-aware-vllm-decode-9c9b54cb6-mngw2,2810m,23499Mi
1789782055,weka-bench-epp-thunder-c192-8c9fr,3168m,7781Mi
1789782087,program-aware-scheduling-epp-74574465bb-kf4mx,1276m,489Mi
1789782087,program-aware-vllm-decode-9c9b54cb6-f9qsh,2952m,23507Mi
1789782087,program-aware-vllm-decode-9c9b54cb6-gkzmr,2968m,23491Mi
1789782087,program-aware-vllm-decode-9c9b54cb6-kccxc,2798m,23504Mi
1789782087,program-aware-vllm-decode-9c9b54cb6-mngw2,2739m,23492Mi
1789782087,weka-bench-epp-thunder-c192-8c9fr,3065m,7828Mi
1789782119,program-aware-scheduling-epp-74574465bb-kf4mx,1268m,491Mi
1789782119,program-aware-vllm-decode-9c9b54cb6-f9qsh,2850m,23507Mi
1789782119,program-aware-vllm-decode-9c9b54cb6-gkzmr,2706m,23503Mi
1789782119,program-aware-vllm-decode-9c9b54cb6-kccxc,2646m,23504Mi
1789782119,program-aware-vllm-decode-9c9b54cb6-mngw2,2863m,23492Mi
1789782119,weka-bench-epp-thunder-c192-8c9fr,3157m,7888Mi
1789782151,program-aware-scheduling-epp-74574465bb-kf4mx,1361m,492Mi
1789782151,program-aware-vllm-decode-9c9b54cb6-f9qsh,2608m,23504Mi
1789782151,program-aware-vllm-decode-9c9b54cb6-gkzmr,2897m,23503Mi
1789782151,program-aware-vllm-decode-9c9b54cb6-kccxc,2823m,23503Mi
1789782151,program-aware-vllm-decode-9c9b54cb6-mngw2,2807m,23491Mi
1789782151,weka-bench-epp-thunder-c192-8c9fr,3197m,7954Mi
1789782182,program-aware-scheduling-epp-74574465bb-kf4mx,1295m,497Mi
1789782182,program-aware-vllm-decode-9c9b54cb6-f9qsh,2939m,23504Mi
1789782182,program-aware-vllm-decode-9c9b54cb6-gkzmr,2611m,23502Mi
1789782182,program-aware-vllm-decode-9c9b54cb6-kccxc,2782m,23508Mi
1789782182,program-aware-vllm-decode-9c9b54cb6-mngw2,2810m,23492Mi
1789782182,weka-bench-epp-thunder-c192-8c9fr,3304m,8011Mi
1789782214,program-aware-scheduling-epp-74574465bb-kf4mx,1355m,502Mi
1789782214,program-aware-vllm-decode-9c9b54cb6-f9qsh,2890m,23502Mi
1789782214,program-aware-vllm-decode-9c9b54cb6-gkzmr,2954m,23500Mi
1789782214,program-aware-vllm-decode-9c9b54cb6-kccxc,2735m,23510Mi
1789782214,program-aware-vllm-decode-9c9b54cb6-mngw2,2836m,23491Mi
1789782214,weka-bench-epp-thunder-c192-8c9fr,3059m,8066Mi
1789782246,program-aware-scheduling-epp-74574465bb-kf4mx,1430m,513Mi
1789782246,program-aware-vllm-decode-9c9b54cb6-f9qsh,2559m,23501Mi
1789782246,program-aware-vllm-decode-9c9b54cb6-gkzmr,2719m,23502Mi
1789782246,program-aware-vllm-decode-9c9b54cb6-kccxc,2873m,23510Mi
1789782246,program-aware-vllm-decode-9c9b54cb6-mngw2,2622m,23491Mi
1789782246,weka-bench-epp-thunder-c192-8c9fr,3256m,8127Mi
1789782278,program-aware-scheduling-epp-74574465bb-kf4mx,1286m,521Mi
1789782278,program-aware-vllm-decode-9c9b54cb6-f9qsh,2836m,23507Mi
1789782278,program-aware-vllm-decode-9c9b54cb6-gkzmr,2787m,23503Mi
1789782278,program-aware-vllm-decode-9c9b54cb6-kccxc,2830m,23510Mi
1789782278,program-aware-vllm-decode-9c9b54cb6-mngw2,2522m,23491Mi
1789782278,weka-bench-epp-thunder-c192-8c9fr,3164m,8177Mi
1789782310,program-aware-scheduling-epp-74574465bb-kf4mx,1292m,544Mi
1789782310,program-aware-vllm-decode-9c9b54cb6-f9qsh,2812m,23509Mi
1789782310,program-aware-vllm-decode-9c9b54cb6-gkzmr,2656m,23503Mi
1789782310,program-aware-vllm-decode-9c9b54cb6-kccxc,2568m,23509Mi
1789782310,program-aware-vllm-decode-9c9b54cb6-mngw2,2634m,23490Mi
1789782310,weka-bench-epp-thunder-c192-8c9fr,3367m,8311Mi
1789782342,program-aware-scheduling-epp-74574465bb-kf4mx,1422m,550Mi
1789782342,program-aware-vllm-decode-9c9b54cb6-f9qsh,2378m,23510Mi
1789782342,program-aware-vllm-decode-9c9b54cb6-gkzmr,2623m,23501Mi
1789782342,program-aware-vllm-decode-9c9b54cb6-kccxc,2540m,23509Mi
1789782342,program-aware-vllm-decode-9c9b54cb6-mngw2,2472m,23491Mi
1789782342,weka-bench-epp-thunder-c192-8c9fr,3505m,8374Mi
1789782374,program-aware-scheduling-epp-74574465bb-kf4mx,1324m,556Mi
1789782374,program-aware-vllm-decode-9c9b54cb6-f9qsh,2684m,23509Mi
1789782374,program-aware-vllm-decode-9c9b54cb6-gkzmr,2732m,23501Mi
1789782374,program-aware-vllm-decode-9c9b54cb6-kccxc,2589m,23509Mi
1789782374,program-aware-vllm-decode-9c9b54cb6-mngw2,2451m,23491Mi
1789782374,weka-bench-epp-thunder-c192-8c9fr,3676m,8440Mi
1789782406,program-aware-scheduling-epp-74574465bb-kf4mx,1186m,570Mi
1789782406,program-aware-vllm-decode-9c9b54cb6-f9qsh,2920m,23508Mi
1789782406,program-aware-vllm-decode-9c9b54cb6-gkzmr,2554m,23505Mi
1789782406,program-aware-vllm-decode-9c9b54cb6-kccxc,2933m,23509Mi
1789782406,program-aware-vllm-decode-9c9b54cb6-mngw2,2552m,23491Mi
1789782406,weka-bench-epp-thunder-c192-8c9fr,3552m,8509Mi
1789782437,program-aware-scheduling-epp-74574465bb-kf4mx,1257m,578Mi
1789782437,program-aware-vllm-decode-9c9b54cb6-f9qsh,2481m,23510Mi
1789782437,program-aware-vllm-decode-9c9b54cb6-gkzmr,2661m,23508Mi
1789782437,program-aware-vllm-decode-9c9b54cb6-kccxc,2323m,23509Mi
1789782437,program-aware-vllm-decode-9c9b54cb6-mngw2,2486m,23493Mi
1789782437,weka-bench-epp-thunder-c192-8c9fr,3526m,8563Mi
1789782469,program-aware-scheduling-epp-74574465bb-kf4mx,1256m,583Mi
1789782469,program-aware-vllm-decode-9c9b54cb6-f9qsh,2939m,23509Mi
1789782469,program-aware-vllm-decode-9c9b54cb6-gkzmr,2462m,23507Mi
1789782469,program-aware-vllm-decode-9c9b54cb6-kccxc,2586m,23510Mi
1789782469,program-aware-vllm-decode-9c9b54cb6-mngw2,2409m,23493Mi
1789782469,weka-bench-epp-thunder-c192-8c9fr,3527m,8615Mi
1789782501,program-aware-scheduling-epp-74574465bb-kf4mx,1289m,585Mi
1789782501,program-aware-vllm-decode-9c9b54cb6-f9qsh,2624m,23510Mi
1789782501,program-aware-vllm-decode-9c9b54cb6-gkzmr,2470m,23507Mi
1789782501,program-aware-vllm-decode-9c9b54cb6-kccxc,2701m,23510Mi
1789782501,program-aware-vllm-decode-9c9b54cb6-mngw2,2706m,23490Mi
1789782501,weka-bench-epp-thunder-c192-8c9fr,3505m,8694Mi
1789782533,program-aware-scheduling-epp-74574465bb-kf4mx,1246m,587Mi
1789782533,program-aware-vllm-decode-9c9b54cb6-f9qsh,2289m,23509Mi
1789782533,program-aware-vllm-decode-9c9b54cb6-gkzmr,3061m,23507Mi
1789782533,program-aware-vllm-decode-9c9b54cb6-kccxc,2717m,23510Mi
1789782533,program-aware-vllm-decode-9c9b54cb6-mngw2,2369m,23491Mi
1789782533,weka-bench-epp-thunder-c192-8c9fr,3601m,8748Mi
1789782565,program-aware-scheduling-epp-74574465bb-kf4mx,1242m,595Mi
1789782565,program-aware-vllm-decode-9c9b54cb6-f9qsh,2481m,23508Mi
1789782565,program-aware-vllm-decode-9c9b54cb6-gkzmr,2529m,23507Mi
1789782565,program-aware-vllm-decode-9c9b54cb6-kccxc,2533m,23509Mi
1789782565,program-aware-vllm-decode-9c9b54cb6-mngw2,2719m,23489Mi
1789782565,weka-bench-epp-thunder-c192-8c9fr,3479m,8802Mi
1789782597,program-aware-scheduling-epp-74574465bb-kf4mx,1338m,600Mi
1789782597,program-aware-vllm-decode-9c9b54cb6-f9qsh,2724m,23510Mi
1789782597,program-aware-vllm-decode-9c9b54cb6-gkzmr,2329m,23508Mi
1789782597,program-aware-vllm-decode-9c9b54cb6-kccxc,2607m,23509Mi
1789782597,program-aware-vllm-decode-9c9b54cb6-mngw2,2682m,23489Mi
1789782597,weka-bench-epp-thunder-c192-8c9fr,3670m,8882Mi
1789782628,program-aware-scheduling-epp-74574465bb-kf4mx,1380m,603Mi
1789782628,program-aware-vllm-decode-9c9b54cb6-f9qsh,2231m,23509Mi
1789782628,program-aware-vllm-decode-9c9b54cb6-gkzmr,2466m,23506Mi
1789782628,program-aware-vllm-decode-9c9b54cb6-kccxc,2778m,23510Mi
1789782628,program-aware-vllm-decode-9c9b54cb6-mngw2,2455m,23489Mi
1789782628,weka-bench-epp-thunder-c192-8c9fr,3645m,8943Mi
1789782660,program-aware-scheduling-epp-74574465bb-kf4mx,1238m,607Mi
1789782660,program-aware-vllm-decode-9c9b54cb6-f9qsh,2618m,23509Mi
1789782660,program-aware-vllm-decode-9c9b54cb6-gkzmr,2692m,23507Mi
1789782660,program-aware-vllm-decode-9c9b54cb6-kccxc,2691m,23509Mi
1789782660,program-aware-vllm-decode-9c9b54cb6-mngw2,2464m,23491Mi
1789782660,weka-bench-epp-thunder-c192-8c9fr,3515m,8989Mi
1789782692,program-aware-scheduling-epp-74574465bb-kf4mx,1209m,609Mi
1789782692,program-aware-vllm-decode-9c9b54cb6-f9qsh,2397m,23509Mi
1789782692,program-aware-vllm-decode-9c9b54cb6-gkzmr,2587m,23507Mi
1789782692,program-aware-vllm-decode-9c9b54cb6-kccxc,2702m,23509Mi
1789782692,program-aware-vllm-decode-9c9b54cb6-mngw2,2797m,23491Mi
1789782692,weka-bench-epp-thunder-c192-8c9fr,3546m,9052Mi
1789782724,program-aware-scheduling-epp-74574465bb-kf4mx,1196m,616Mi
1789782724,program-aware-vllm-decode-9c9b54cb6-f9qsh,2831m,23508Mi
1789782724,program-aware-vllm-decode-9c9b54cb6-gkzmr,2570m,23507Mi
1789782724,program-aware-vllm-decode-9c9b54cb6-kccxc,2515m,23510Mi
1789782724,program-aware-vllm-decode-9c9b54cb6-mngw2,2796m,23492Mi
1789782724,weka-bench-epp-thunder-c192-8c9fr,3308m,9131Mi
1789782756,program-aware-scheduling-epp-74574465bb-kf4mx,1255m,623Mi
1789782756,program-aware-vllm-decode-9c9b54cb6-f9qsh,2956m,23509Mi
1789782756,program-aware-vllm-decode-9c9b54cb6-gkzmr,2580m,23507Mi
1789782756,program-aware-vllm-decode-9c9b54cb6-kccxc,2616m,23509Mi
1789782756,program-aware-vllm-decode-9c9b54cb6-mngw2,2542m,23492Mi
1789782756,weka-bench-epp-thunder-c192-8c9fr,3453m,9145Mi
1789782788,program-aware-scheduling-epp-74574465bb-kf4mx,1255m,628Mi
1789782788,program-aware-vllm-decode-9c9b54cb6-f9qsh,2715m,23508Mi
1789782788,program-aware-vllm-decode-9c9b54cb6-gkzmr,2374m,23507Mi
1789782788,program-aware-vllm-decode-9c9b54cb6-kccxc,2473m,23509Mi
1789782788,program-aware-vllm-decode-9c9b54cb6-mngw2,2510m,23492Mi
1789782788,weka-bench-epp-thunder-c192-8c9fr,3536m,9181Mi
1789782820,program-aware-scheduling-epp-74574465bb-kf4mx,1224m,625Mi
1789782820,program-aware-vllm-decode-9c9b54cb6-f9qsh,2647m,23508Mi
1789782820,program-aware-vllm-decode-9c9b54cb6-gkzmr,2724m,23507Mi
1789782820,program-aware-vllm-decode-9c9b54cb6-kccxc,2429m,23509Mi
1789782820,program-aware-vllm-decode-9c9b54cb6-mngw2,2728m,23491Mi
1789782820,weka-bench-epp-thunder-c192-8c9fr,3652m,9235Mi
1789782852,program-aware-scheduling-epp-74574465bb-kf4mx,1120m,628Mi
1789782852,program-aware-vllm-decode-9c9b54cb6-f9qsh,2503m,23508Mi
1789782852,program-aware-vllm-decode-9c9b54cb6-gkzmr,2887m,23506Mi
1789782852,program-aware-vllm-decode-9c9b54cb6-kccxc,2717m,23509Mi
1789782852,program-aware-vllm-decode-9c9b54cb6-mngw2,2859m,23492Mi
1789782852,weka-bench-epp-thunder-c192-8c9fr,3333m,9343Mi
1789782883,program-aware-scheduling-epp-74574465bb-kf4mx,1198m,632Mi
1789782883,program-aware-vllm-decode-9c9b54cb6-f9qsh,2467m,23508Mi
1789782883,program-aware-vllm-decode-9c9b54cb6-gkzmr,2603m,23506Mi
1789782883,program-aware-vllm-decode-9c9b54cb6-kccxc,2658m,23509Mi
1789782883,program-aware-vllm-decode-9c9b54cb6-mngw2,2679m,23492Mi
1789782883,weka-bench-epp-thunder-c192-8c9fr,3407m,9399Mi
1789782915,program-aware-scheduling-epp-74574465bb-kf4mx,1187m,632Mi
1789782915,program-aware-vllm-decode-9c9b54cb6-f9qsh,2472m,23508Mi
1789782915,program-aware-vllm-decode-9c9b54cb6-gkzmr,2458m,23506Mi
1789782915,program-aware-vllm-decode-9c9b54cb6-kccxc,2831m,23510Mi
1789782915,program-aware-vllm-decode-9c9b54cb6-mngw2,2446m,23491Mi
1789782915,weka-bench-epp-thunder-c192-8c9fr,3525m,9460Mi
1789782947,program-aware-scheduling-epp-74574465bb-kf4mx,1311m,637Mi
1789782947,program-aware-vllm-decode-9c9b54cb6-f9qsh,2407m,23508Mi
1789782947,program-aware-vllm-decode-9c9b54cb6-gkzmr,2669m,23506Mi
1789782947,program-aware-vllm-decode-9c9b54cb6-kccxc,2679m,23510Mi
1789782947,program-aware-vllm-decode-9c9b54cb6-mngw2,2377m,23460Mi
1789782947,weka-bench-epp-thunder-c192-8c9fr,3441m,9517Mi
1789782979,program-aware-scheduling-epp-74574465bb-kf4mx,1134m,637Mi
1789782979,program-aware-vllm-decode-9c9b54cb6-f9qsh,2806m,23508Mi
1789782979,program-aware-vllm-decode-9c9b54cb6-gkzmr,2549m,23506Mi
1789782979,program-aware-vllm-decode-9c9b54cb6-kccxc,2694m,23511Mi
1789782979,program-aware-vllm-decode-9c9b54cb6-mngw2,2966m,23459Mi
1789782979,weka-bench-epp-thunder-c192-8c9fr,3496m,9572Mi
1789783011,program-aware-scheduling-epp-74574465bb-kf4mx,1189m,642Mi
1789783011,program-aware-vllm-decode-9c9b54cb6-f9qsh,2270m,23508Mi
1789783011,program-aware-vllm-decode-9c9b54cb6-gkzmr,2547m,23507Mi
1789783011,program-aware-vllm-decode-9c9b54cb6-kccxc,2508m,23512Mi
1789783011,program-aware-vllm-decode-9c9b54cb6-mngw2,2452m,23460Mi
1789783011,weka-bench-epp-thunder-c192-8c9fr,3380m,9609Mi
1789783043,program-aware-scheduling-epp-74574465bb-kf4mx,1255m,644Mi
1789783043,program-aware-vllm-decode-9c9b54cb6-f9qsh,2686m,23509Mi
1789783043,program-aware-vllm-decode-9c9b54cb6-gkzmr,2574m,23507Mi
1789783043,program-aware-vllm-decode-9c9b54cb6-kccxc,2187m,23513Mi
1789783043,program-aware-vllm-decode-9c9b54cb6-mngw2,2509m,23459Mi
1789783043,weka-bench-epp-thunder-c192-8c9fr,3496m,9664Mi
1789783075,program-aware-scheduling-epp-74574465bb-kf4mx,1249m,654Mi
1789783075,program-aware-vllm-decode-9c9b54cb6-f9qsh,2627m,23507Mi
1789783075,program-aware-vllm-decode-9c9b54cb6-gkzmr,2323m,23507Mi
1789783075,program-aware-vllm-decode-9c9b54cb6-kccxc,2597m,23512Mi
1789783075,program-aware-vllm-decode-9c9b54cb6-mngw2,2743m,23460Mi
1789783075,weka-bench-epp-thunder-c192-8c9fr,3581m,9725Mi
1789783107,program-aware-scheduling-epp-74574465bb-kf4mx,1248m,656Mi
1789783107,program-aware-vllm-decode-9c9b54cb6-f9qsh,2670m,23508Mi
1789783107,program-aware-vllm-decode-9c9b54cb6-gkzmr,2243m,23507Mi
1789783107,program-aware-vllm-decode-9c9b54cb6-kccxc,2440m,23511Mi
1789783107,program-aware-vllm-decode-9c9b54cb6-mngw2,2457m,23464Mi
1789783107,weka-bench-epp-thunder-c192-8c9fr,3605m,9779Mi
1789783139,program-aware-scheduling-epp-74574465bb-kf4mx,1437m,662Mi
1789783139,program-aware-vllm-decode-9c9b54cb6-f9qsh,1954m,23508Mi
1789783139,program-aware-vllm-decode-9c9b54cb6-gkzmr,2389m,23507Mi
1789783139,program-aware-vllm-decode-9c9b54cb6-kccxc,2063m,23512Mi
1789783139,program-aware-vllm-decode-9c9b54cb6-mngw2,2596m,23465Mi
1789783139,weka-bench-epp-thunder-c192-8c9fr,3800m,9844Mi
1789783171,program-aware-scheduling-epp-74574465bb-kf4mx,1196m,666Mi
1789783171,program-aware-vllm-decode-9c9b54cb6-f9qsh,2624m,23509Mi
1789783171,program-aware-vllm-decode-9c9b54cb6-gkzmr,2423m,23507Mi
1789783171,program-aware-vllm-decode-9c9b54cb6-kccxc,2879m,23512Mi
1789783171,program-aware-vllm-decode-9c9b54cb6-mngw2,2740m,23463Mi
1789783171,weka-bench-epp-thunder-c192-8c9fr,3507m,9878Mi
1789783203,program-aware-scheduling-epp-74574465bb-kf4mx,1188m,673Mi
1789783203,program-aware-vllm-decode-9c9b54cb6-f9qsh,2528m,23508Mi
1789783203,program-aware-vllm-decode-9c9b54cb6-gkzmr,2872m,23507Mi
1789783203,program-aware-vllm-decode-9c9b54cb6-kccxc,2450m,23512Mi
1789783203,program-aware-vllm-decode-9c9b54cb6-mngw2,2299m,23463Mi
1789783203,weka-bench-epp-thunder-c192-8c9fr,3528m,9941Mi
1789783235,program-aware-scheduling-epp-74574465bb-kf4mx,1247m,674Mi
1789783235,program-aware-vllm-decode-9c9b54cb6-f9qsh,2691m,23509Mi
1789783235,program-aware-vllm-decode-9c9b54cb6-gkzmr,2511m,23507Mi
1789783235,program-aware-vllm-decode-9c9b54cb6-kccxc,2732m,23511Mi
1789783235,program-aware-vllm-decode-9c9b54cb6-mngw2,2700m,23463Mi
1789783235,weka-bench-epp-thunder-c192-8c9fr,3431m,9990Mi
1789783267,program-aware-scheduling-epp-74574465bb-kf4mx,1308m,672Mi
1789783267,program-aware-vllm-decode-9c9b54cb6-f9qsh,2603m,23508Mi
1789783267,program-aware-vllm-decode-9c9b54cb6-gkzmr,2159m,23507Mi
1789783267,program-aware-vllm-decode-9c9b54cb6-kccxc,2670m,23513Mi
1789783267,program-aware-vllm-decode-9c9b54cb6-mngw2,2504m,23465Mi
1789783267,weka-bench-epp-thunder-c192-8c9fr,3820m,10050Mi
1789783299,program-aware-scheduling-epp-74574465bb-kf4mx,1346m,674Mi
1789783299,program-aware-vllm-decode-9c9b54cb6-f9qsh,2511m,23508Mi
1789783299,program-aware-vllm-decode-9c9b54cb6-gkzmr,2478m,23508Mi
1789783299,program-aware-vllm-decode-9c9b54cb6-kccxc,2579m,23512Mi
1789783299,program-aware-vllm-decode-9c9b54cb6-mngw2,2306m,23464Mi
1789783299,weka-bench-epp-thunder-c192-8c9fr,3495m,10089Mi
1789783331,program-aware-scheduling-epp-74574465bb-kf4mx,1185m,679Mi
1789783331,program-aware-vllm-decode-9c9b54cb6-f9qsh,2565m,23508Mi
1789783331,program-aware-vllm-decode-9c9b54cb6-gkzmr,2956m,23507Mi
1789783331,program-aware-vllm-decode-9c9b54cb6-kccxc,2765m,23512Mi
1789783331,program-aware-vllm-decode-9c9b54cb6-mngw2,2650m,23464Mi
1789783331,weka-bench-epp-thunder-c192-8c9fr,3393m,10200Mi
1789783363,program-aware-scheduling-epp-74574465bb-kf4mx,1136m,682Mi
1789783363,program-aware-vllm-decode-9c9b54cb6-f9qsh,2753m,23508Mi
1789783363,program-aware-vllm-decode-9c9b54cb6-gkzmr,2704m,23507Mi
1789783363,program-aware-vllm-decode-9c9b54cb6-kccxc,2661m,23512Mi
1789783363,program-aware-vllm-decode-9c9b54cb6-mngw2,2734m,23465Mi
1789783363,weka-bench-epp-thunder-c192-8c9fr,3242m,10230Mi
1789783395,program-aware-scheduling-epp-74574465bb-kf4mx,1211m,690Mi
1789783395,program-aware-vllm-decode-9c9b54cb6-f9qsh,2491m,23508Mi
1789783395,program-aware-vllm-decode-9c9b54cb6-gkzmr,2690m,23507Mi
1789783395,program-aware-vllm-decode-9c9b54cb6-kccxc,2762m,23513Mi
1789783395,program-aware-vllm-decode-9c9b54cb6-mngw2,2872m,23464Mi
1789783395,weka-bench-epp-thunder-c192-8c9fr,3282m,10280Mi
1789783427,program-aware-scheduling-epp-74574465bb-kf4mx,1263m,692Mi
1789783427,program-aware-vllm-decode-9c9b54cb6-f9qsh,2238m,23508Mi
1789783427,program-aware-vllm-decode-9c9b54cb6-gkzmr,2512m,23507Mi
1789783427,program-aware-vllm-decode-9c9b54cb6-kccxc,2495m,23511Mi
1789783427,program-aware-vllm-decode-9c9b54cb6-mngw2,2758m,23464Mi
1789783427,weka-bench-epp-thunder-c192-8c9fr,3541m,10331Mi
1789783459,program-aware-scheduling-epp-74574465bb-kf4mx,1168m,694Mi
1789783459,program-aware-vllm-decode-9c9b54cb6-f9qsh,2691m,23508Mi
1789783459,program-aware-vllm-decode-9c9b54cb6-gkzmr,2448m,23507Mi
1789783459,program-aware-vllm-decode-9c9b54cb6-kccxc,2657m,23511Mi
1789783459,program-aware-vllm-decode-9c9b54cb6-mngw2,2975m,23464Mi
1789783459,weka-bench-epp-thunder-c192-8c9fr,3384m,10378Mi
1789783491,program-aware-scheduling-epp-74574465bb-kf4mx,1160m,693Mi
1789783491,program-aware-vllm-decode-9c9b54cb6-f9qsh,2496m,23508Mi
1789783491,program-aware-vllm-decode-9c9b54cb6-gkzmr,3106m,23507Mi
1789783491,program-aware-vllm-decode-9c9b54cb6-kccxc,2585m,23512Mi
1789783491,program-aware-vllm-decode-9c9b54cb6-mngw2,2792m,23464Mi
1789783491,weka-bench-epp-thunder-c192-8c9fr,3324m,10431Mi
1789783522,program-aware-scheduling-epp-74574465bb-kf4mx,1348m,695Mi
1789783522,program-aware-vllm-decode-9c9b54cb6-f9qsh,2377m,23508Mi
1789783522,program-aware-vllm-decode-9c9b54cb6-gkzmr,2651m,23507Mi
1789783522,program-aware-vllm-decode-9c9b54cb6-kccxc,2959m,23511Mi
1789783522,program-aware-vllm-decode-9c9b54cb6-mngw2,2406m,23464Mi
1789783522,weka-bench-epp-thunder-c192-8c9fr,3448m,10476Mi
1789783554,program-aware-scheduling-epp-74574465bb-kf4mx,1394m,694Mi
1789783554,program-aware-vllm-decode-9c9b54cb6-f9qsh,2373m,23508Mi
1789783554,program-aware-vllm-decode-9c9b54cb6-gkzmr,2975m,23507Mi
1789783554,program-aware-vllm-decode-9c9b54cb6-kccxc,2540m,23512Mi
1789783554,program-aware-vllm-decode-9c9b54cb6-mngw2,2263m,23464Mi
1789783554,weka-bench-epp-thunder-c192-8c9fr,3690m,10522Mi
1789783586,program-aware-scheduling-epp-74574465bb-kf4mx,1472m,698Mi
1789783586,program-aware-vllm-decode-9c9b54cb6-f9qsh,2492m,23508Mi
1789783586,program-aware-vllm-decode-9c9b54cb6-gkzmr,2876m,23508Mi
1789783586,program-aware-vllm-decode-9c9b54cb6-kccxc,2539m,23512Mi
1789783586,program-aware-vllm-decode-9c9b54cb6-mngw2,2310m,23464Mi
1789783586,weka-bench-epp-thunder-c192-8c9fr,3654m,10567Mi
1789783618,program-aware-scheduling-epp-74574465bb-kf4mx,1422m,705Mi
1789783618,program-aware-vllm-decode-9c9b54cb6-f9qsh,2041m,23508Mi
1789783618,program-aware-vllm-decode-9c9b54cb6-gkzmr,2585m,23507Mi
1789783618,program-aware-vllm-decode-9c9b54cb6-kccxc,2995m,23511Mi
1789783618,program-aware-vllm-decode-9c9b54cb6-mngw2,2721m,23464Mi
1789783618,weka-bench-epp-thunder-c192-8c9fr,3382m,10607Mi
1789783650,program-aware-scheduling-epp-74574465bb-kf4mx,1317m,710Mi
1789783650,program-aware-vllm-decode-9c9b54cb6-f9qsh,2641m,23508Mi
1789783650,program-aware-vllm-decode-9c9b54cb6-gkzmr,2456m,23507Mi
1789783650,program-aware-vllm-decode-9c9b54cb6-kccxc,2819m,23512Mi
1789783650,program-aware-vllm-decode-9c9b54cb6-mngw2,2629m,23463Mi
1789783650,weka-bench-epp-thunder-c192-8c9fr,3599m,10650Mi
1789783682,program-aware-scheduling-epp-74574465bb-kf4mx,1436m,709Mi
1789783682,program-aware-vllm-decode-9c9b54cb6-f9qsh,2280m,23508Mi
1789783682,program-aware-vllm-decode-9c9b54cb6-gkzmr,2130m,23507Mi
1789783682,program-aware-vllm-decode-9c9b54cb6-kccxc,2872m,23511Mi
1789783682,program-aware-vllm-decode-9c9b54cb6-mngw2,2405m,23464Mi
1789783682,weka-bench-epp-thunder-c192-8c9fr,3973m,10697Mi
1789783714,program-aware-scheduling-epp-74574465bb-kf4mx,1184m,719Mi
1789783714,program-aware-vllm-decode-9c9b54cb6-f9qsh,2761m,23508Mi
1789783714,program-aware-vllm-decode-9c9b54cb6-gkzmr,2566m,23507Mi
1789783714,program-aware-vllm-decode-9c9b54cb6-kccxc,3012m,23512Mi
1789783714,program-aware-vllm-decode-9c9b54cb6-mngw2,2557m,23464Mi
1789783714,weka-bench-epp-thunder-c192-8c9fr,3522m,10749Mi
1789783746,program-aware-scheduling-epp-74574465bb-kf4mx,1242m,721Mi
1789783746,program-aware-vllm-decode-9c9b54cb6-f9qsh,2586m,23508Mi
1789783746,program-aware-vllm-decode-9c9b54cb6-gkzmr,2681m,23507Mi
1789783746,program-aware-vllm-decode-9c9b54cb6-kccxc,2590m,23512Mi
1789783746,program-aware-vllm-decode-9c9b54cb6-mngw2,2248m,23465Mi
1789783746,weka-bench-epp-thunder-c192-8c9fr,3303m,10784Mi
1789783778,program-aware-scheduling-epp-74574465bb-kf4mx,1197m,716Mi
1789783778,program-aware-vllm-decode-9c9b54cb6-f9qsh,2465m,23508Mi
1789783778,program-aware-vllm-decode-9c9b54cb6-gkzmr,2389m,23508Mi
1789783778,program-aware-vllm-decode-9c9b54cb6-kccxc,2975m,23512Mi
1789783778,program-aware-vllm-decode-9c9b54cb6-mngw2,2528m,23464Mi
1789783778,weka-bench-epp-thunder-c192-8c9fr,3456m,10837Mi
1789783810,program-aware-scheduling-epp-74574465bb-kf4mx,1087m,581Mi
1789783810,program-aware-vllm-decode-9c9b54cb6-f9qsh,2716m,23508Mi
1789783810,program-aware-vllm-decode-9c9b54cb6-gkzmr,2561m,23507Mi
1789783810,program-aware-vllm-decode-9c9b54cb6-kccxc,2689m,23512Mi
1789783810,program-aware-vllm-decode-9c9b54cb6-mngw2,2565m,23466Mi
1789783810,weka-bench-epp-thunder-c192-8c9fr,1518m,10864Mi
1789783842,program-aware-scheduling-epp-74574465bb-kf4mx,964m,481Mi
1789783842,program-aware-vllm-decode-9c9b54cb6-f9qsh,2632m,23508Mi
1789783842,program-aware-vllm-decode-9c9b54cb6-gkzmr,2529m,23507Mi
1789783842,program-aware-vllm-decode-9c9b54cb6-kccxc,2459m,23512Mi
1789783842,program-aware-vllm-decode-9c9b54cb6-mngw2,2811m,23491Mi
1789783842,weka-bench-epp-thunder-c192-8c9fr,1489m,10884Mi
1789783874,program-aware-scheduling-epp-74574465bb-kf4mx,1064m,138Mi
1789783874,program-aware-vllm-decode-9c9b54cb6-f9qsh,2395m,23463Mi
1789783874,program-aware-vllm-decode-9c9b54cb6-gkzmr,1912m,23508Mi
1789783874,program-aware-vllm-decode-9c9b54cb6-kccxc,3026m,23513Mi
1789783874,program-aware-vllm-decode-9c9b54cb6-mngw2,1350m,23446Mi
1789783874,weka-bench-epp-thunder-c192-8c9fr,2233m,4615Mi
1789783906,program-aware-scheduling-epp-74574465bb-kf4mx,709m,139Mi
1789783906,program-aware-vllm-decode-9c9b54cb6-f9qsh,103m,23463Mi
1789783906,program-aware-vllm-decode-9c9b54cb6-gkzmr,234m,23466Mi
1789783906,program-aware-vllm-decode-9c9b54cb6-kccxc,201m,23467Mi
1789783906,program-aware-vllm-decode-9c9b54cb6-mngw2,106m,23445Mi
1789783906,weka-bench-epp-thunder-c192-8c9fr,1639m,4619Mi
1789783938,program-aware-scheduling-epp-74574465bb-kf4mx,710m,136Mi
1789783938,program-aware-vllm-decode-9c9b54cb6-f9qsh,103m,23463Mi
1789783938,program-aware-vllm-decode-9c9b54cb6-gkzmr,109m,23466Mi
1789783938,program-aware-vllm-decode-9c9b54cb6-kccxc,109m,23466Mi
1789783938,program-aware-vllm-decode-9c9b54cb6-mngw2,104m,23445Mi
1789783938,weka-bench-epp-thunder-c192-8c9fr,1677m,4623Mi
1789783970,program-aware-scheduling-epp-74574465bb-kf4mx,700m,135Mi
1789783970,program-aware-vllm-decode-9c9b54cb6-f9qsh,103m,23463Mi
1789783970,program-aware-vllm-decode-9c9b54cb6-gkzmr,110m,23466Mi
1789783970,program-aware-vllm-decode-9c9b54cb6-kccxc,109m,23466Mi
1789783970,program-aware-vllm-decode-9c9b54cb6-mngw2,106m,23445Mi
1789783970,weka-bench-epp-thunder-c192-8c9fr,1615m,4628Mi
1789784002,program-aware-scheduling-epp-74574465bb-kf4mx,706m,135Mi
1789784002,program-aware-vllm-decode-9c9b54cb6-f9qsh,103m,23463Mi
1789784002,program-aware-vllm-decode-9c9b54cb6-gkzmr,109m,23466Mi
1789784002,program-aware-vllm-decode-9c9b54cb6-kccxc,111m,23467Mi
1789784002,program-aware-vllm-decode-9c9b54cb6-mngw2,106m,23446Mi
1789784002,weka-bench-epp-thunder-c192-8c9fr,1703m,4631Mi
1789784034,program-aware-scheduling-epp-74574465bb-kf4mx,705m,137Mi
1789784034,program-aware-vllm-decode-9c9b54cb6-f9qsh,104m,23463Mi
1789784034,program-aware-vllm-decode-9c9b54cb6-gkzmr,111m,23466Mi
1789784034,program-aware-vllm-decode-9c9b54cb6-kccxc,114m,23467Mi
1789784034,program-aware-vllm-decode-9c9b54cb6-mngw2,104m,23446Mi
1789784034,weka-bench-epp-thunder-c192-8c9fr,1607m,4636Mi
1789784066,program-aware-scheduling-epp-74574465bb-kf4mx,722m,136Mi
1789784066,program-aware-vllm-decode-9c9b54cb6-f9qsh,103m,23463Mi
1789784066,program-aware-vllm-decode-9c9b54cb6-gkzmr,111m,23466Mi
1789784066,program-aware-vllm-decode-9c9b54cb6-kccxc,112m,23466Mi
1789784066,program-aware-vllm-decode-9c9b54cb6-mngw2,105m,23445Mi
1789784066,weka-bench-epp-thunder-c192-8c9fr,1705m,4622Mi
1789784098,program-aware-scheduling-epp-74574465bb-kf4mx,717m,138Mi
1789784098,program-aware-vllm-decode-9c9b54cb6-f9qsh,102m,23463Mi
1789784098,program-aware-vllm-decode-9c9b54cb6-gkzmr,110m,23466Mi
1789784098,program-aware-vllm-decode-9c9b54cb6-kccxc,112m,23466Mi
1789784098,program-aware-vllm-decode-9c9b54cb6-mngw2,105m,23445Mi
1789784098,weka-bench-epp-thunder-c192-8c9fr,1629m,4625Mi
1789784130,program-aware-scheduling-epp-74574465bb-kf4mx,706m,137Mi
1789784130,program-aware-vllm-decode-9c9b54cb6-f9qsh,102m,23463Mi
1789784130,program-aware-vllm-decode-9c9b54cb6-gkzmr,110m,23466Mi
1789784130,program-aware-vllm-decode-9c9b54cb6-kccxc,112m,23467Mi
1789784130,program-aware-vllm-decode-9c9b54cb6-mngw2,109m,23445Mi
1789784130,weka-bench-epp-thunder-c192-8c9fr,1597m,4633Mi
1789784161,program-aware-scheduling-epp-74574465bb-kf4mx,722m,136Mi
1789784161,program-aware-vllm-decode-9c9b54cb6-f9qsh,104m,23463Mi
1789784161,program-aware-vllm-decode-9c9b54cb6-gkzmr,111m,23466Mi
1789784161,program-aware-vllm-decode-9c9b54cb6-kccxc,113m,23467Mi
1789784161,program-aware-vllm-decode-9c9b54cb6-mngw2,105m,23445Mi
1789784161,weka-bench-epp-thunder-c192-8c9fr,1731m,4632Mi
1789784193,program-aware-scheduling-epp-74574465bb-kf4mx,722m,129Mi
1789784193,program-aware-vllm-decode-9c9b54cb6-f9qsh,104m,23463Mi
1789784193,program-aware-vllm-decode-9c9b54cb6-gkzmr,111m,23466Mi
1789784193,program-aware-vllm-decode-9c9b54cb6-kccxc,111m,23467Mi
1789784193,program-aware-vllm-decode-9c9b54cb6-mngw2,106m,23446Mi
1789784193,weka-bench-epp-thunder-c192-8c9fr,1604m,4632Mi
1789784225,program-aware-scheduling-epp-74574465bb-kf4mx,706m,129Mi
1789784225,program-aware-vllm-decode-9c9b54cb6-f9qsh,104m,23463Mi
1789784225,program-aware-vllm-decode-9c9b54cb6-gkzmr,110m,23466Mi
1789784225,program-aware-vllm-decode-9c9b54cb6-kccxc,111m,23467Mi
1789784225,program-aware-vllm-decode-9c9b54cb6-mngw2,106m,23445Mi
1789784225,weka-bench-epp-thunder-c192-8c9fr,1611m,4636Mi
1789784258,program-aware-scheduling-epp-74574465bb-kf4mx,694m,129Mi
1789784258,program-aware-vllm-decode-9c9b54cb6-f9qsh,104m,23463Mi
1789784258,program-aware-vllm-decode-9c9b54cb6-gkzmr,111m,23466Mi
1789784258,program-aware-vllm-decode-9c9b54cb6-kccxc,110m,23467Mi
1789784258,program-aware-vllm-decode-9c9b54cb6-mngw2,107m,23445Mi
1789784258,weka-bench-epp-thunder-c192-8c9fr,1632m,4623Mi
1789784290,program-aware-scheduling-epp-74574465bb-kf4mx,681m,128Mi
1789784290,program-aware-vllm-decode-9c9b54cb6-f9qsh,105m,23463Mi
1789784290,program-aware-vllm-decode-9c9b54cb6-gkzmr,114m,23467Mi
1789784290,program-aware-vllm-decode-9c9b54cb6-kccxc,113m,23466Mi
1789784290,program-aware-vllm-decode-9c9b54cb6-mngw2,105m,23445Mi
1789784290,weka-bench-epp-thunder-c192-8c9fr,1618m,4629Mi
1789784321,program-aware-scheduling-epp-74574465bb-kf4mx,678m,128Mi
1789784321,program-aware-vllm-decode-9c9b54cb6-f9qsh,108m,23463Mi
1789784321,program-aware-vllm-decode-9c9b54cb6-gkzmr,112m,23466Mi
1789784321,program-aware-vllm-decode-9c9b54cb6-kccxc,114m,23466Mi
1789784321,program-aware-vllm-decode-9c9b54cb6-mngw2,105m,23443Mi
1789784321,weka-bench-epp-thunder-c192-8c9fr,1623m,4648Mi
1789784353,program-aware-scheduling-epp-74574465bb-kf4mx,664m,129Mi
1789784353,program-aware-vllm-decode-9c9b54cb6-f9qsh,104m,23463Mi
1789784353,program-aware-vllm-decode-9c9b54cb6-gkzmr,110m,23466Mi
1789784353,program-aware-vllm-decode-9c9b54cb6-kccxc,112m,23466Mi
1789784353,program-aware-vllm-decode-9c9b54cb6-mngw2,104m,23443Mi
1789784353,weka-bench-epp-thunder-c192-8c9fr,1611m,4657Mi
1789784385,program-aware-scheduling-epp-74574465bb-kf4mx,668m,125Mi
1789784385,program-aware-vllm-decode-9c9b54cb6-f9qsh,104m,23463Mi
1789784385,program-aware-vllm-decode-9c9b54cb6-gkzmr,111m,23466Mi
1789784385,program-aware-vllm-decode-9c9b54cb6-kccxc,110m,23466Mi
1789784385,program-aware-vllm-decode-9c9b54cb6-mngw2,101m,23443Mi
1789784385,weka-bench-epp-thunder-c192-8c9fr,1616m,4667Mi
1789784417,program-aware-scheduling-epp-74574465bb-kf4mx,672m,127Mi
1789784417,program-aware-vllm-decode-9c9b54cb6-f9qsh,105m,23463Mi
1789784417,program-aware-vllm-decode-9c9b54cb6-gkzmr,111m,23467Mi
1789784417,program-aware-vllm-decode-9c9b54cb6-kccxc,110m,23466Mi
1789784417,program-aware-vllm-decode-9c9b54cb6-mngw2,105m,23443Mi
1789784417,weka-bench-epp-thunder-c192-8c9fr,1592m,5148Mi
