ts,programs_running,programs_idle,programs_marked,programs_paused,holds_reasoning,holds_paused,holds_new,releases_reasoning,releases_paused,releases_new,pauses_total,resumes_total,rebinds_total,starvation_promotions_total,origin_waits_total,urgent_promotions_total,pod_utilization,fc_queue_size,fc_queue_wait_sum,fc_queue_wait_count
1789993608.3,0.0,0.0,0.0,0.0,,,,,,,0.0,0.0,0.0,0.0,0.0,0.0,0.0,,,
1789993610.4,0.0,0.0,0.0,0.0,,,,,,,0.0,0.0,0.0,0.0,0.0,0.0,0.0,,,
1789993612.5,0.0,0.0,0.0,0.0,,,,,,,0.0,0.0,0.0,0.0,0.0,0.0,0.0,,,
1789993614.6,0.0,0.0,0.0,0.0,,,,,,,0.0,0.0,0.0,0.0,0.0,0.0,0.0,,,
1789993616.6,0.0,0.0,0.0,0.0,,,,,,,0.0,0.0,0.0,0.0,0.0,0.0,0.0,,,
1789993618.7,0.0,0.0,0.0,0.0,,,,,,,0.0,0.0,0.0,0.0,0.0,0.0,0.0,,,
1789993620.8,0.0,0.0,0.0,0.0,,,,,,,0.0,0.0,0.0,0.0,0.0,0.0,0.0,,,
1789993622.8,0.0,0.0,0.0,0.0,,,,,,,0.0,0.0,0.0,0.0,0.0,0.0,0.0,,,
1789993624.9,0.0,0.0,0.0,0.0,,,,,,,0.0,0.0,0.0,0.0,0.0,0.0,0.0,,,
1789993627.0,0.0,0.0,0.0,0.0,,,,,,,0.0,0.0,0.0,0.0,0.0,0.0,0.0,,,
1789993629.0,0.0,0.0,0.0,0.0,,,,,,,0.0,0.0,0.0,0.0,0.0,0.0,0.0,,,
1789993631.1,0.0,0.0,0.0,0.0,,,,,,,0.0,0.0,0.0,0.0,0.0,0.0,0.0,,,
1789993633.2,0.0,0.0,0.0,0.0,,,,,,,0.0,0.0,0.0,0.0,0.0,0.0,0.0,,,
1789993635.2,0.0,0.0,0.0,0.0,,,,,,,0.0,0.0,0.0,0.0,0.0,0.0,0.0,,,
1789993637.3,0.0,0.0,0.0,0.0,,,,,,,0.0,0.0,0.0,0.0,0.0,0.0,0.0,,,
1789993639.4,0.0,0.0,0.0,0.0,,,,,,,0.0,0.0,0.0,0.0,0.0,0.0,0.0,,,
1789993641.4,0.0,0.0,0.0,0.0,,,,,,,0.0,0.0,0.0,0.0,0.0,0.0,0.0,,,
1789993643.5,0.0,0.0,0.0,0.0,,,,,,,0.0,0.0,0.0,0.0,0.0,0.0,0.0,,,
1789993645.6,0.0,0.0,0.0,0.0,,,,,,,0.0,0.0,0.0,0.0,0.0,0.0,0.0,,,
1789993647.6,0.0,0.0,0.0,0.0,,,,,,,0.0,0.0,0.0,0.0,0.0,0.0,0.0,,,
1789993649.7,0.0,0.0,0.0,0.0,,,,,,,0.0,0.0,0.0,0.0,0.0,0.0,0.0,,,
1789993651.8,0.0,0.0,0.0,0.0,,,,,,,0.0,0.0,0.0,0.0,0.0,0.0,0.0,,,
1789993653.8,0.0,0.0,0.0,0.0,,,,,,,0.0,0.0,0.0,0.0,0.0,0.0,0.0,,,
1789993655.9,0.0,0.0,0.0,0.0,,,,,,,0.0,0.0,0.0,0.0,0.0,0.0,0.0,,,
1789993658.0,0.0,0.0,0.0,0.0,,,,,,,0.0,0.0,0.0,0.0,0.0,0.0,0.0,,,
1789993660.0,0.0,0.0,0.0,0.0,,,,,,,0.0,0.0,0.0,0.0,0.0,0.0,0.0,,,
1789993662.1,0.0,0.0,0.0,0.0,,,,,,,0.0,0.0,0.0,0.0,0.0,0.0,0.0,,,
1789993664.2,0.0,0.0,0.0,0.0,,,,,,,0.0,0.0,0.0,0.0,0.0,0.0,0.0,,,
1789993666.3,0.0,0.0,0.0,0.0,,,,,,,0.0,0.0,0.0,0.0,0.0,0.0,0.0,,,
1789993668.4,0.0,0.0,0.0,0.0,,,,,,,0.0,0.0,0.0,0.0,0.0,0.0,0.0,,,
1789993670.5,0.0,0.0,0.0,0.0,,,,,,,0.0,0.0,0.0,0.0,0.0,0.0,0.0,,,
1789993672.5,0.0,0.0,0.0,0.0,,,,,,,0.0,0.0,0.0,0.0,0.0,0.0,0.0,,,
1789993674.6,0.0,0.0,0.0,0.0,,,,,,,0.0,0.0,0.0,0.0,0.0,0.0,0.0,,,
1789993676.7,0.0,0.0,0.0,0.0,,,,,,,0.0,0.0,0.0,0.0,0.0,0.0,0.0,,,
1789993678.7,0.0,0.0,0.0,0.0,,,,,,,0.0,0.0,0.0,0.0,0.0,0.0,0.0,,,
1789993680.8,0.0,0.0,0.0,0.0,,,,,,,0.0,0.0,0.0,0.0,0.0,0.0,0.0,,,
1789993682.9,0.0,0.0,0.0,0.0,,,,,,,0.0,0.0,0.0,0.0,0.0,0.0,0.0,,,
1789993684.9,0.0,0.0,0.0,0.0,,,,,,,0.0,0.0,0.0,0.0,0.0,0.0,0.0,,,
1789993687.0,0.0,0.0,0.0,0.0,,,,,,,0.0,0.0,0.0,0.0,0.0,0.0,0.0,,,
1789993689.1,0.0,0.0,0.0,0.0,,,,,,,0.0,0.0,0.0,0.0,0.0,0.0,0.0,,,
1789993691.1,0.0,0.0,0.0,0.0,,,,,,,0.0,0.0,0.0,0.0,0.0,0.0,0.0,,,
1789993693.2,0.0,0.0,0.0,0.0,,,,,,,0.0,0.0,0.0,0.0,0.0,0.0,0.0,,,
1789993695.3,0.0,0.0,0.0,0.0,,,,,,,0.0,0.0,0.0,0.0,0.0,0.0,0.0,,,
1789993697.3,0.0,0.0,0.0,0.0,,,,,,,0.0,0.0,0.0,0.0,0.0,0.0,0.0,,,
1789993699.4,0.0,0.0,0.0,0.0,,,,,,,0.0,0.0,0.0,0.0,0.0,0.0,0.0,,,
1789993701.5,0.0,0.0,0.0,0.0,,,,,,,0.0,0.0,0.0,0.0,0.0,0.0,0.0,,,
1789993703.5,0.0,0.0,0.0,0.0,,,,,,,0.0,0.0,0.0,0.0,0.0,0.0,0.0,,,
1789993705.6,0.0,0.0,0.0,0.0,,,,,,,0.0,0.0,0.0,0.0,0.0,0.0,0.0,,,
1789993707.7,0.0,0.0,0.0,0.0,,,,,,,0.0,0.0,0.0,0.0,0.0,0.0,0.0,,,
1789993709.7,0.0,0.0,0.0,0.0,,,,,,,0.0,0.0,0.0,0.0,0.0,0.0,0.0,,,
1789993711.8,0.0,0.0,0.0,0.0,,,,,,,0.0,0.0,0.0,0.0,0.0,0.0,0.0,,,
1789993713.9,0.0,0.0,0.0,0.0,,,,,,,0.0,0.0,0.0,0.0,0.0,0.0,0.0,,,
1789993715.9,0.0,0.0,0.0,0.0,,,,,,,0.0,0.0,0.0,0.0,0.0,0.0,0.0,,,
1789993718.0,0.0,0.0,0.0,0.0,,,,,,,0.0,0.0,0.0,0.0,0.0,0.0,0.0,,,
1789993720.1,0.0,0.0,0.0,0.0,,,,,,,0.0,0.0,0.0,0.0,0.0,0.0,0.0,,,
1789993722.2,0.0,0.0,0.0,0.0,,,,,,,0.0,0.0,0.0,0.0,0.0,0.0,0.0,,,
1789993724.2,0.0,0.0,0.0,0.0,,,,,,,0.0,0.0,0.0,0.0,0.0,0.0,0.0,,,
1789993726.3,0.0,0.0,0.0,0.0,,,,,,,0.0,0.0,0.0,0.0,0.0,0.0,0.0,,,
1789993728.4,0.0,0.0,0.0,0.0,,,,,,,0.0,0.0,0.0,0.0,0.0,0.0,0.0,,,
1789993730.4,0.0,0.0,0.0,0.0,,,,,,,0.0,0.0,0.0,0.0,0.0,0.0,0.0,,,
1789993732.5,0.0,0.0,0.0,0.0,,,,,,,0.0,0.0,0.0,0.0,0.0,0.0,0.0,,,
1789993734.6,0.0,0.0,0.0,0.0,,,,,,,0.0,0.0,0.0,0.0,0.0,0.0,0.0,,,
1789993736.6,0.0,0.0,0.0,0.0,,,,,,,0.0,0.0,0.0,0.0,0.0,0.0,0.0,,,
1789993738.7,0.0,0.0,0.0,0.0,,,,,,,0.0,0.0,0.0,0.0,0.0,0.0,0.0,,,
1789993740.8,0.0,0.0,0.0,0.0,,,,,,,0.0,0.0,0.0,0.0,0.0,0.0,0.0,,,
1789993742.8,0.0,0.0,0.0,0.0,,,,,,,0.0,0.0,0.0,0.0,0.0,0.0,0.0,,,
1789993744.9,0.0,0.0,0.0,0.0,,,,,,,0.0,0.0,0.0,0.0,0.0,0.0,0.0,,,
1789993747.0,0.0,0.0,0.0,0.0,,,,,,,0.0,0.0,0.0,0.0,0.0,0.0,0.0,,,
1789993749.0,30.0,0.0,0.0,0.0,,,,19.0,,30.0,0.0,0.0,0.0,0.0,0.0,0.0,0.0699768444015306,,0.01432408,98.0
1789993751.9,43.0,0.0,0.0,0.0,,,,19.0,,43.0,0.0,0.0,0.0,0.0,0.0,0.0,0.07162366341236634,,0.017752356,124.0
1789993754.8,55.0,0.0,0.0,0.0,,,,38.0,,55.0,0.0,0.0,0.0,0.0,0.0,0.0,0.24646273647319672,,0.026584868,186.0
1789993758.5,75.0,0.0,0.0,0.0,,,,48.0,,75.0,0.0,0.0,0.0,0.0,0.0,0.0,0.2464984980152344,,0.03666963,246.0
1789993762.3,102.0,0.0,0.0,0.0,,,,50.0,,102.0,0.0,0.0,0.0,0.0,0.0,0.0,0.2801581554196617,,0.047306686,304.0
1789993766.0,115.0,0.0,0.0,0.0,,,,60.0,,115.0,0.0,0.0,0.0,0.0,0.0,0.0,0.2912169652755427,,0.055670488,350.0
1789993769.9,121.0,2.0,0.0,0.0,,,,92.0,,123.0,0.0,0.0,0.0,0.0,0.0,0.0,0.4321898580266781,,0.069071948,430.0
1789993774.3,125.0,2.0,0.0,0.0,,,,112.0,,127.0,0.0,0.0,0.0,0.0,0.0,0.0,0.6514434252404964,,0.07820477,478.0
1789993778.9,127.0,1.0,0.0,0.0,,,,120.0,,128.0,0.0,0.0,0.0,0.0,0.0,0.0,0.6909979258305619,,0.08181597,496.0
1789993783.6,125.0,3.0,0.0,0.0,,,,121.0,,128.0,0.0,0.0,0.0,0.0,0.0,0.0,0.6930005721846726,,0.082256228,498.0
1789993788.4,128.0,0.0,0.0,0.0,,,,130.0,,128.0,0.0,0.0,0.0,0.0,0.0,0.0,0.6956049064835675,,0.085640424,516.0
1789993793.2,119.0,9.0,0.0,0.0,,,,135.0,,128.0,0.0,0.0,0.0,0.0,0.0,0.0,0.6988127168043486,,0.087426804,526.0
1789993797.9,120.0,8.0,0.0,0.0,,,,151.0,,128.0,0.0,0.0,0.0,0.0,0.0,0.0,0.7000768873153811,,0.094145128,558.0
1789993802.8,123.0,5.0,0.0,0.0,,,,177.0,,128.0,0.0,0.0,0.0,0.0,0.0,0.0,0.6921677752744698,,0.103950616,610.0
1789993807.7,117.0,12.0,0.0,0.0,,,,195.0,,129.0,0.0,0.0,0.0,0.0,0.0,0.0,0.7277585559489326,,0.111249272,648.0
1789993812.7,115.0,14.0,0.0,0.0,,,,227.0,,129.0,0.0,0.0,0.0,0.0,0.0,0.0,0.748356757143368,,0.122980692,712.0
1789993817.6,118.0,11.0,0.0,0.0,,,,254.0,,129.0,0.0,0.0,0.0,0.0,0.0,0.0,0.7648388048492651,,0.13459435,766.0
1789993822.6,117.0,12.0,0.0,0.0,,,,283.0,,129.0,0.0,0.0,0.0,0.0,0.0,0.0,0.7917337195579873,,0.1451474,824.0
1789993827.6,120.0,9.0,0.0,0.0,,,,322.0,,129.0,0.0,0.0,0.0,0.0,0.0,0.0,0.8023897650466688,,0.160780312,902.0
1789993832.7,120.0,9.0,0.0,0.0,,,,355.0,,129.0,0.0,0.0,0.0,0.0,0.0,0.0,0.8044281729428173,,0.174102032,968.0
1789993838.0,115.0,14.0,0.0,0.0,,,,386.0,,129.0,0.0,0.0,0.0,0.0,0.0,0.0,0.8258810749919536,,0.186710576,1030.0
1789993843.1,118.0,11.0,0.0,0.0,,,,417.0,,129.0,0.0,0.0,0.0,0.0,0.0,0.0,0.8437707863963094,,0.200564734,1092.0
1789993848.1,118.0,11.0,0.0,0.0,,,,450.0,,129.0,0.0,0.0,0.0,0.0,0.0,0.0,0.8310307370453814,,0.215716494,1158.0
1789993853.2,120.0,9.0,0.0,0.0,,,,473.0,,129.0,0.0,0.0,0.0,0.0,0.0,0.0,0.8353511783428101,,0.22502435,1204.0
1789993858.4,118.0,11.0,0.0,0.0,,,,503.0,,129.0,0.0,0.0,0.0,0.0,0.0,0.0,0.8443447591460144,,0.237631412,1264.0
1789993863.5,121.0,8.0,0.0,0.0,,,,536.0,,129.0,0.0,0.0,0.0,0.0,0.0,0.0,0.8592434645781926,,0.250590166,1330.0
1789993868.5,121.0,8.0,0.0,0.0,,,,563.0,,129.0,0.0,0.0,0.0,0.0,0.0,0.0,0.8916000607946215,,0.259963672,1384.0
1789993873.8,116.0,13.0,0.0,0.0,,,,596.0,,129.0,0.0,0.0,0.0,0.0,0.0,0.0,0.9035596144905769,,0.272134896,1450.0
1789993878.8,118.0,11.0,0.0,0.0,,,,632.0,1.0,129.0,1.0,1.0,0.0,0.0,0.0,0.0,0.9131092872724672,,0.28474857,1524.0
1789993883.9,89.0,7.0,31.0,2.0,,2.0,,651.0,7.0,129.0,9.0,7.0,0.0,0.0,6.0,0.0,0.9221417587526374,,9.761570429999999,1574.0
1789993889.0,90.0,11.0,25.0,3.0,,2.0,,669.0,12.0,129.0,15.0,12.0,0.0,0.0,6.0,0.0,0.92465847727354,,9.770017274,1620.0
1789993894.0,101.0,3.0,24.0,1.0,,2.0,,686.0,15.0,129.0,16.0,15.0,0.0,0.0,6.0,0.0,0.9301031720487788,2.0,9.776246688,1660.0
1789993899.2,88.0,4.0,34.0,3.0,,3.0,,702.0,17.0,129.0,20.0,17.0,0.0,0.0,8.0,0.0,0.9514751636090548,4.0,19.135019924,1696.0
1789993904.3,93.0,7.0,28.0,1.0,,5.0,,716.0,25.0,129.0,26.0,25.0,0.0,0.0,13.0,0.0,0.9585385151807746,2.0,26.884026228,1740.0
1789993909.6,89.0,6.0,33.0,1.0,,7.0,,740.0,30.0,129.0,31.0,30.0,0.0,0.0,16.0,0.0,0.964832099560133,2.0,54.109468604,1798.0
1789993914.6,89.0,6.0,33.0,1.0,,7.0,,759.0,30.0,129.0,31.0,30.0,0.0,0.0,16.0,0.0,0.9695289310875085,2.0,54.116848188,1836.0
1789993919.8,95.0,4.0,30.0,0.0,,8.0,,775.0,34.0,129.0,34.0,34.0,0.0,0.0,17.0,0.0,0.9685919786861209,,71.911789692,1876.0
1789993924.9,83.0,7.0,39.0,0.0,,8.0,,793.0,34.0,129.0,34.0,34.0,0.0,0.0,17.0,0.0,0.9348549869470372,,71.91965107,1912.0
1789993930.0,84.0,7.0,37.0,1.0,,8.0,,806.0,35.0,129.0,36.0,35.0,0.0,0.0,17.0,0.0,0.9385053463505346,2.0,71.92583373000001,1940.0
1789993935.0,90.0,6.0,30.0,3.0,,9.0,,825.0,40.0,129.0,43.0,40.0,0.0,0.0,18.0,0.0,0.9546981725852018,,80.289654536,1988.0
1789993940.1,96.0,3.0,28.0,2.0,,9.0,,842.0,44.0,129.0,46.0,44.0,0.0,0.0,18.0,0.0,0.9614253656617673,2.0,80.297305272,2030.0
1789993945.2,92.0,7.0,28.0,2.0,,9.0,,855.0,44.0,129.0,46.0,44.0,0.0,0.0,18.0,0.0,0.9661713693094446,4.0,80.302295172,2056.0
1789993950.3,96.0,6.0,25.0,2.0,,11.0,,876.0,47.0,129.0,49.0,47.0,0.0,0.0,20.0,0.0,0.9702598076029039,2.0,88.253321126,2104.0
1789993955.5,98.0,6.0,23.0,2.0,,13.0,,894.0,50.0,129.0,52.0,50.0,1.0,0.0,22.0,1.0,0.9840431999427816,2.0,124.991482018,2146.0
1789993960.6,103.0,3.0,22.0,1.0,,13.0,,914.0,52.0,129.0,53.0,52.0,1.0,0.0,22.0,1.0,0.9939187497764903,2.0,125.000382982,2190.0
1789993966.0,98.0,10.0,20.0,1.0,,13.0,,926.0,54.0,129.0,55.0,54.0,1.0,0.0,22.0,1.0,0.9993603154168008,4.0,125.005546964,2218.0
1789993971.2,104.0,4.0,18.0,3.0,1.0,14.0,,945.0,56.0,129.0,59.0,56.0,2.0,0.0,23.0,2.0,0.9804625755462576,,166.35675053399999,2260.0
1789993976.3,107.0,7.0,14.0,1.0,1.0,15.0,,956.0,62.0,129.0,63.0,62.0,2.0,0.0,24.0,2.0,0.9815233522869506,,173.455183286,2294.0
1789993981.5,107.0,5.0,14.0,3.0,1.0,15.0,,976.0,62.0,129.0,65.0,62.0,2.0,0.0,24.0,2.0,0.9885504952973572,,173.462942368,2334.0
1789993986.6,108.0,5.0,14.0,2.0,1.0,15.0,,992.0,64.0,129.0,66.0,64.0,2.0,0.0,24.0,2.0,0.9917082394592854,,173.47004506599998,2370.0
1789993991.8,109.0,4.0,13.0,3.0,1.0,15.0,,1010.0,66.0,129.0,69.0,66.0,2.0,0.0,25.0,2.0,0.9937801738010943,,174.880864998,2410.0
1789993996.9,82.0,1.0,42.0,4.0,1.0,15.0,,1028.0,67.0,129.0,71.0,67.0,2.0,0.0,25.0,2.0,1.0242092229016915,6.0,174.888095894,2448.0
1789994001.9,48.0,4.0,71.0,6.0,1.0,16.0,,1035.0,72.0,129.0,78.0,72.0,2.0,0.0,28.0,2.0,1.025578889961735,6.0,182.715074442,2472.0
1789994006.8,29.0,0.0,93.0,7.0,1.0,17.0,,1050.0,74.0,129.0,81.0,74.0,2.0,0.0,29.0,2.0,0.9927319136001145,12.0,194.33480764,2506.0
1789994011.7,30.0,1.0,89.0,9.0,1.0,21.0,,1051.0,82.0,129.0,91.0,82.0,3.0,0.0,35.0,3.0,0.9778989200014304,12.0,244.825177634,2524.0
1789994016.7,37.0,0.0,84.0,8.0,1.0,27.0,,1053.0,88.0,129.0,96.0,88.0,4.0,0.0,41.0,4.0,0.9817844115438258,8.0,328.448919028,2540.0
1789994021.6,39.0,0.0,82.0,8.0,1.0,31.0,,1058.0,95.0,129.0,103.0,95.0,4.0,0.0,45.0,4.0,0.9903327611486608,8.0,365.559620708,2564.0
1789994026.8,45.0,2.0,74.0,8.0,1.0,37.0,,1065.0,103.0,129.0,111.0,103.0,4.0,0.0,51.0,4.0,0.9960993098022387,10.0,409.602175192,2594.0
1789994031.8,48.0,1.0,73.0,7.0,1.0,43.0,,1072.0,115.0,129.0,122.0,115.0,5.0,0.0,60.0,5.0,0.9844128848835961,4.0,463.864745698,2632.0
1789994036.9,12.0,0.0,111.0,6.0,1.0,45.0,,1076.0,123.0,129.0,129.0,123.0,5.0,0.0,62.0,5.0,0.9840011801308872,6.0,485.68819391,2656.0
1789994042.9,18.0,1.0,103.0,7.0,1.0,49.0,,1079.0,131.0,129.0,138.0,131.0,5.0,0.0,65.0,5.0,0.9914257232771877,8.0,514.340801632,2678.0
1789994048.0,31.0,0.0,90.0,8.0,1.0,55.0,,1081.0,143.0,129.0,151.0,143.0,5.0,0.0,73.0,5.0,0.9984403497478811,14.0,542.606531136,2706.0
1789994053.1,38.0,1.0,80.0,10.0,1.0,60.0,,1087.0,151.0,129.0,161.0,151.0,5.0,0.0,77.0,5.0,0.997441261667203,12.0,590.48722344,2734.0
1789994058.0,29.0,0.0,91.0,9.0,1.0,65.0,,1093.0,157.0,129.0,166.0,157.0,6.0,0.0,80.0,6.0,0.9854097378678969,10.0,649.471512656,2758.0
1789994063.2,19.0,1.0,98.0,11.0,1.0,70.0,,1096.0,164.0,129.0,175.0,164.0,6.0,0.0,85.0,6.0,0.9863288094982655,10.0,715.123013986,2778.0
1789994068.3,28.0,0.0,91.0,10.0,1.0,76.0,,1099.0,173.0,129.0,183.0,173.0,8.0,0.0,91.0,8.0,0.9777223473876193,8.0,812.875741236,2802.0
1789994073.3,33.0,0.0,88.0,8.0,1.0,80.0,,1103.0,180.0,129.0,188.0,180.0,8.0,0.0,95.0,8.0,0.9902563208525552,10.0,842.443551708,2824.0
1789994078.3,23.0,0.0,96.0,10.0,1.0,86.0,,1106.0,189.0,129.0,199.0,189.0,9.0,0.0,102.0,9.0,0.9649344669742159,12.0,900.806571844,2848.0
1789994083.4,30.0,0.0,91.0,8.0,1.0,92.0,,1112.0,200.0,129.0,208.0,200.0,10.0,0.0,108.0,10.0,1.0240205807674427,10.0,972.467968004,2882.0
1789994088.4,3.0,0.0,119.0,7.0,1.0,94.0,,1113.0,204.0,129.0,211.0,204.0,10.0,0.0,109.0,10.0,1.0241815077066123,12.0,995.3701699879999,2892.0
1789994093.4,9.0,1.0,110.0,9.0,1.0,98.0,,1114.0,211.0,129.0,220.0,211.0,11.0,0.0,113.0,11.0,0.9807146944176233,11.0,1085.86651025,2908.0
1789994098.3,12.0,0.0,106.0,11.0,1.0,101.0,,1115.0,214.0,129.0,225.0,214.0,11.0,0.0,116.0,11.0,0.9827379036584057,14.0,1128.29256431,2916.0
1789994103.4,22.0,0.0,98.0,9.0,1.0,106.0,,1115.0,224.0,129.0,233.0,224.0,11.0,0.0,121.0,11.0,0.9847173050101921,16.0,1186.131060978,2936.0
1789994108.6,21.0,1.0,98.0,9.0,1.0,110.0,,1119.0,232.0,129.0,241.0,232.0,11.0,0.0,125.0,11.0,1.0022914208060651,8.0,1220.790602634,2960.0
1789994113.7,22.0,1.0,96.0,10.0,1.0,112.0,,1123.0,240.0,129.0,250.0,240.0,12.0,0.0,127.0,13.0,0.9989790079748239,15.0,1310.492162118,2984.0
1789994118.7,13.0,0.0,106.0,10.0,1.0,115.0,,1128.0,245.0,129.0,255.0,245.0,13.0,0.0,130.0,14.0,0.9717430175589171,16.0,1363.169307974,3004.0
1789994123.7,8.0,0.0,111.0,10.0,1.0,117.0,,1128.0,249.0,129.0,259.0,249.0,13.0,0.0,131.0,14.0,0.979818867789579,18.0,1380.715888004,3012.0
1789994129.1,17.0,0.0,101.0,11.0,1.0,123.0,,1128.0,259.0,129.0,270.0,259.0,14.0,0.0,136.0,16.0,0.9779302113507135,18.0,1483.81350355,3032.0
1789994134.1,23.0,1.0,95.0,10.0,1.0,129.0,,1129.0,266.0,129.0,276.0,266.0,15.0,0.0,142.0,18.0,0.9867472195401066,18.0,1583.83535388,3048.0
1789994139.0,29.0,0.0,89.0,11.0,1.0,134.0,,1130.0,272.0,129.0,283.0,272.0,15.0,0.0,147.0,18.0,0.9991765904945821,14.0,1643.22095998,3062.0
1789994144.1,31.0,2.0,86.0,10.0,1.0,137.0,,1134.0,276.0,129.0,286.0,276.0,15.0,0.0,150.0,18.0,0.9998489074848907,18.0,1671.794878942,3078.0
1789994149.2,22.0,1.0,93.0,13.0,1.0,141.0,,1141.0,282.0,129.0,295.0,282.0,17.0,0.0,155.0,20.0,0.997837767764546,22.0,1751.435250418,3104.0
1789994154.3,28.0,1.0,88.0,12.0,1.0,146.0,,1146.0,288.0,129.0,300.0,288.0,18.0,0.0,160.0,21.0,0.9972915102099202,18.0,1834.545491374,3126.0
1789994159.5,33.0,2.0,84.0,10.0,1.0,151.0,,1150.0,294.0,129.0,304.0,294.0,19.0,0.0,165.0,23.0,0.982594857490255,16.0,1957.087724028,3132.0
1789994165.0,27.0,0.0,92.0,10.0,1.0,156.0,,1152.0,301.0,129.0,311.0,301.0,19.0,0.0,169.0,23.0,0.9865089582662805,14.0,2031.192702004,3150.0
1789994170.0,35.0,0.0,83.0,11.0,1.0,162.0,,1154.0,309.0,129.0,320.0,309.0,19.0,0.0,175.0,24.0,0.9841562958194757,12.0,2135.132343102,3170.0
1789994175.1,39.0,0.0,79.0,11.0,1.0,166.0,,1156.0,315.0,129.0,326.0,315.0,20.0,0.0,180.0,25.0,0.9762614883953796,12.0,2188.751096458,3186.0
1789994180.2,43.0,1.0,74.0,12.0,1.0,168.0,,1161.0,321.0,130.0,333.0,321.0,20.0,0.0,182.0,25.0,0.9746902156420985,20.0,2204.145263504,3210.0
1789994185.4,37.0,1.0,81.0,11.0,1.0,174.0,,1169.0,328.0,130.0,339.0,328.0,21.0,0.0,186.0,26.0,1.0238238922862355,16.0,2414.435898704,3240.0
1789994190.5,36.0,3.0,79.0,12.0,1.0,176.0,,1174.0,330.0,130.0,342.0,330.0,22.0,0.0,187.0,27.0,1.0134521510567536,18.0,2450.706880628,3254.0
1789994195.6,23.0,0.0,94.0,13.0,1.0,181.0,,1177.0,336.0,130.0,349.0,336.0,25.0,0.0,192.0,30.0,1.0330231019561564,18.0,2593.464938046,3272.0
1789994200.7,28.0,1.0,89.0,12.0,1.0,184.0,,1178.0,342.0,130.0,354.0,342.0,26.0,0.0,195.0,32.0,1.0332555519794013,20.0,2673.518920128,3286.0
1789994205.8,16.0,0.0,102.0,12.0,1.0,188.0,,1180.0,347.0,130.0,359.0,347.0,27.0,0.0,198.0,33.0,1.014002878804134,20.0,2738.494440042,3300.0
1789994210.9,23.0,1.0,93.0,13.0,1.0,194.0,,1183.0,355.0,130.0,368.0,355.0,29.0,0.0,204.0,36.0,0.9929688338161141,18.0,2876.521351728,3322.0
1789994216.0,16.0,0.0,99.0,15.0,1.0,200.0,,1186.0,364.0,130.0,379.0,364.0,30.0,0.0,208.0,37.0,0.993180273933412,20.0,2992.21553324,3346.0
1789994220.9,26.0,0.0,89.0,15.0,1.0,206.0,,1187.0,374.0,130.0,389.0,374.0,30.0,0.0,214.0,37.0,0.9745355469727854,18.0,3070.340049156,3368.0
1789994225.9,29.0,0.0,86.0,15.0,1.0,208.0,,1188.0,377.0,130.0,392.0,377.0,31.0,0.0,216.0,38.0,0.9746160104423702,22.0,3114.993796324,3376.0
1789994230.8,32.0,0.0,83.0,15.0,1.0,209.0,,1190.0,380.0,130.0,395.0,380.0,31.0,0.0,217.0,39.0,0.9751345528019169,26.0,3147.988646118,3386.0
1789994235.8,33.0,0.0,82.0,15.0,1.0,217.0,,1193.0,390.0,130.0,405.0,390.0,35.0,0.0,226.0,43.0,1.0339877695526232,24.0,3347.85537255,3412.0
1789994240.8,24.0,1.0,91.0,14.0,1.0,219.0,,1195.0,392.0,130.0,406.0,392.0,36.0,0.0,228.0,44.0,1.0341486964917928,24.0,3398.406585776,3420.0
1789994245.7,28.0,0.0,87.0,15.0,1.0,223.0,,1196.0,396.0,130.0,411.0,396.0,39.0,0.0,232.0,47.0,1.0243607624360762,22.0,3535.13601214,3430.0
1789994250.7,33.0,1.0,82.0,14.0,1.0,232.0,,1200.0,405.0,130.0,419.0,405.0,42.0,0.0,241.0,52.0,0.9902210063297929,18.0,3763.530115068,3456.0
1789994255.6,35.0,0.0,79.0,16.0,1.0,235.0,,1200.0,408.0,130.0,424.0,408.0,44.0,0.0,244.0,54.0,0.9953089797232056,22.0,3840.459155402,3462.0
1789994260.6,28.0,2.0,88.0,12.0,1.0,242.0,,1205.0,417.0,130.0,429.0,417.0,45.0,0.0,252.0,55.0,0.9964394914708722,16.0,3940.468420836,3490.0
1789994265.7,28.0,2.0,88.0,12.0,1.0,245.0,,1207.0,421.0,130.0,433.0,421.0,45.0,0.0,255.0,56.0,0.9968632657440188,18.0,4023.54753534,3502.0
1789994270.7,30.0,1.0,84.0,15.0,1.0,247.0,,1210.0,423.0,130.0,438.0,423.0,45.0,0.0,257.0,57.0,0.9987309122769373,26.0,4060.26696637,3512.0
1789994275.7,25.0,0.0,91.0,14.0,2.0,255.0,,1214.0,432.0,130.0,446.0,432.0,45.0,0.0,264.0,57.0,1.0013379286914852,18.0,4163.850370398,3538.0
1789994280.8,28.0,0.0,85.0,17.0,2.0,259.0,,1219.0,438.0,130.0,455.0,438.0,47.0,0.0,270.0,60.0,0.9971109144226299,24.0,4282.36659957,3560.0
1789994286.1,36.0,1.0,78.0,15.0,2.0,263.0,,1222.0,447.0,130.0,462.0,447.0,47.0,0.0,276.0,60.0,0.9972629009762901,26.0,4311.797786324,3584.0
1789994291.6,38.0,1.0,76.0,15.0,3.0,267.0,,1232.0,452.0,130.0,467.0,452.0,49.0,0.0,280.0,62.0,1.0217023388048492,20.0,4447.554630926,3614.0
1789994296.6,39.0,3.0,73.0,15.0,3.0,271.0,,1234.0,458.0,130.0,473.0,458.0,52.0,0.0,284.0,65.0,0.9834133497836427,26.0,4548.52343497,3630.0
1789994301.6,32.0,0.0,82.0,16.0,3.0,275.0,,1237.0,463.0,130.0,479.0,463.0,53.0,0.0,288.0,66.0,0.9767161069985337,26.0,4629.022089708,3646.0
1789994306.6,38.0,3.0,74.0,15.0,3.0,284.0,,1239.0,473.0,130.0,488.0,473.0,54.0,0.0,295.0,67.0,0.9886586739620212,22.0,4725.519545006,3670.0
1789994311.7,45.0,1.0,68.0,16.0,3.0,289.0,,1241.0,480.0,130.0,496.0,480.0,56.0,0.0,299.0,69.0,1.0000804634695848,20.0,4941.03152372,3688.0
1789994317.1,40.0,1.0,72.0,17.0,3.0,291.0,,1244.0,482.0,130.0,499.0,482.0,57.0,0.0,301.0,71.0,0.9777312877731288,28.0,5005.5076206,3698.0
1789994322.2,44.0,0.0,70.0,16.0,3.0,295.0,,1245.0,487.0,130.0,503.0,487.0,58.0,0.0,305.0,72.0,0.9967439115974681,24.0,5068.854811522,3710.0
1789994327.5,48.0,3.0,64.0,15.0,3.0,301.0,,1251.0,495.0,130.0,510.0,495.0,58.0,0.0,311.0,74.0,1.0197023745663913,20.0,5198.191146694,3738.0
1789994332.6,24.0,0.0,87.0,19.0,3.0,303.0,,1254.0,498.0,130.0,517.0,498.0,59.0,0.0,313.0,76.0,0.9750178807710188,26.0,5267.301543238,3750.0
1789994337.9,18.0,1.0,94.0,17.0,3.0,307.0,,1256.0,504.0,130.0,521.0,504.0,60.0,0.0,319.0,78.0,0.986269355934628,26.0,5360.189540154,3766.0
1789994342.9,22.0,1.0,87.0,20.0,3.0,312.0,,1258.0,509.0,130.0,529.0,509.0,63.0,0.0,324.0,81.0,0.9844853020062225,28.0,5497.668342854,3780.0
1789994348.0,31.0,0.0,82.0,17.0,3.0,318.0,,1259.0,517.0,130.0,534.0,517.0,63.0,0.0,329.0,82.0,0.9933099095232987,30.0,5572.064336056,3798.0
1789994353.2,28.0,1.0,86.0,15.0,3.0,325.0,,1261.0,526.0,130.0,541.0,526.0,65.0,0.0,336.0,84.0,1.0114548689339484,24.0,5729.231206054,3820.0
1789994358.3,17.0,0.0,96.0,17.0,3.0,331.0,,1262.0,532.0,130.0,549.0,532.0,67.0,0.0,341.0,86.0,0.9897494009941709,22.0,5838.611456162,3834.0
1789994363.4,20.0,2.0,92.0,16.0,3.0,337.0,,1266.0,540.0,130.0,556.0,540.0,68.0,0.0,347.0,88.0,1.0011278296320136,24.0,5929.126823554,3858.0
1789994368.6,25.0,0.0,87.0,18.0,3.0,341.0,,1268.0,545.0,130.0,563.0,545.0,69.0,0.0,351.0,89.0,0.9903904266351965,26.0,6002.78115522,3872.0
1789994373.6,29.0,3.0,83.0,15.0,3.0,347.0,,1272.0,552.0,130.0,567.0,552.0,71.0,0.0,356.0,91.0,0.9913559882702142,26.0,6108.744712292,3894.0
1789994378.7,25.0,1.0,86.0,18.0,3.0,351.0,,1274.0,557.0,130.0,575.0,557.0,71.0,0.0,360.0,92.0,0.9999164073954869,28.0,6222.516724752,3908.0
1789994383.7,32.0,1.0,81.0,16.0,3.0,358.0,,1275.0,564.0,130.0,580.0,564.0,73.0,0.0,366.0,94.0,1.0062144619676001,26.0,6567.095217984,3924.0
1789994388.7,23.0,0.0,90.0,17.0,3.0,364.0,,1277.0,570.0,130.0,587.0,570.0,75.0,0.0,372.0,96.0,0.9927927082215785,26.0,6675.749553858,3940.0
1789994393.8,29.0,1.0,84.0,16.0,3.0,369.0,,1279.0,578.0,130.0,594.0,578.0,76.0,0.0,378.0,98.0,1.0069824410828594,22.0,6779.90593677,3960.0
1789994398.8,24.0,1.0,87.0,18.0,3.0,373.0,,1280.0,583.0,130.0,601.0,583.0,78.0,0.0,381.0,100.0,0.9985369059113829,26.0,6861.6838923880005,3972.0
1789994403.8,29.0,1.0,84.0,16.0,3.0,377.0,,1285.0,589.0,130.0,605.0,589.0,78.0,0.0,387.0,100.0,1.0228270393019347,22.0,6922.29114484,3994.0
1789994409.1,32.0,0.0,82.0,16.0,3.0,381.0,,1289.0,595.0,130.0,611.0,595.0,80.0,0.0,391.0,102.0,1.00400842184315,22.0,7014.879219564,4014.0
1789994414.3,22.0,0.0,91.0,17.0,3.0,389.0,,1293.0,603.0,130.0,620.0,603.0,81.0,0.0,399.0,104.0,0.9785640846833316,24.0,7161.572513436,4038.0
1789994419.3,19.0,1.0,93.0,17.0,3.0,391.0,,1295.0,606.0,130.0,623.0,606.0,82.0,0.0,400.0,105.0,0.9786713693094446,28.0,7199.456440126,4048.0
1789994424.4,23.0,0.0,88.0,19.0,3.0,395.0,,1298.0,610.0,130.0,629.0,610.0,83.0,0.0,404.0,106.0,0.9790124450166291,24.0,7291.441999046,4062.0
1789994429.7,19.0,0.0,92.0,19.0,3.0,402.0,,1299.0,621.0,130.0,640.0,621.0,85.0,0.0,411.0,110.0,0.9775220827522083,28.0,7449.73360045,4086.0
1789994434.7,8.0,0.0,104.0,18.0,3.0,406.0,,1302.0,625.0,130.0,643.0,625.0,87.0,0.0,415.0,113.0,1.0227282480420556,32.0,7562.018439892,4100.0
1789994440.0,8.0,0.0,103.0,19.0,3.0,412.0,,1304.0,631.0,130.0,650.0,631.0,87.0,0.0,420.0,113.0,1.0228891749812252,30.0,7624.74023657,4116.0
1789994445.0,15.0,0.0,95.0,20.0,3.0,418.0,,1306.0,638.0,130.0,658.0,638.0,89.0,0.0,426.0,116.0,0.9977657976611951,36.0,7740.2726449500005,4134.0
1789994450.1,19.0,1.0,90.0,20.0,3.0,423.0,,1308.0,643.0,130.0,663.0,643.0,92.0,0.0,431.0,119.0,0.9949643278618174,34.0,7862.543734224,4148.0
1789994455.1,27.0,0.0,83.0,20.0,3.0,429.0,,1310.0,652.0,130.0,672.0,652.0,93.0,0.0,437.0,122.0,1.0020424310696276,28.0,7888.398642188,4026.0
1789994460.1,31.0,0.0,77.0,22.0,3.0,433.0,,1310.0,657.0,130.0,679.0,657.0,95.0,0.0,442.0,125.0,0.9942580374065729,32.0,7997.054858926,4036.0
1789994465.3,25.0,0.0,85.0,20.0,3.0,438.0,,1312.0,662.0,130.0,682.0,662.0,98.0,0.0,447.0,129.0,0.994427904731252,34.0,8148.675127676001,4050.0
1789994470.2,31.0,0.0,79.0,20.0,3.0,443.0,,1315.0,668.0,130.0,688.0,668.0,99.0,0.0,452.0,131.0,0.9919299610199191,34.0,8267.365905618,4068.0
1789994475.2,24.0,0.0,87.0,19.0,3.0,447.0,,1317.0,672.0,130.0,691.0,672.0,99.0,0.0,456.0,132.0,1.0134382934592139,30.0,8333.5699453,4080.0
1789994480.2,19.0,0.0,93.0,18.0,3.0,452.0,,1319.0,677.0,130.0,695.0,677.0,103.0,0.0,461.0,136.0,0.9991770375138576,24.0,8495.268054684,4094.0
1789994485.3,8.0,0.0,100.0,22.0,3.0,455.0,,1321.0,680.0,130.0,702.0,680.0,106.0,0.0,463.0,139.0,0.9908794657225619,32.0,8980.08365085,4104.0
1789994490.4,11.0,0.0,96.0,23.0,3.0,458.0,,1321.0,683.0,130.0,706.0,683.0,106.0,0.0,466.0,141.0,0.9901356256481779,38.0,9062.539901842,4110.0
1789994495.4,19.0,0.0,89.0,22.0,3.0,464.0,,1322.0,692.0,130.0,714.0,692.0,109.0,0.0,472.0,144.0,0.9987957300718807,36.0,9225.636649814,4130.0
1789994500.3,17.0,0.0,91.0,22.0,3.0,468.0,,1324.0,697.0,130.0,719.0,697.0,110.0,0.0,476.0,147.0,1.006936398097486,38.0,9338.45494621,4144.0
1789994505.3,21.0,0.0,87.0,22.0,3.0,472.0,,1324.0,701.0,130.0,723.0,701.0,112.0,0.0,480.0,149.0,0.986562600579337,40.0,9443.25007434,4152.0
1789994510.3,25.0,0.0,83.0,22.0,4.0,476.0,,1325.0,706.0,130.0,728.0,706.0,114.0,0.0,484.0,152.0,0.9718570074741623,40.0,9619.806102146,4164.0
1789994515.3,26.0,0.0,82.0,22.0,4.0,479.0,,1330.0,710.0,130.0,732.0,710.0,115.0,0.0,487.0,155.0,1.0007688731538105,36.0,9762.008060904,4182.0
1789994520.3,30.0,1.0,77.0,23.0,4.0,484.0,,1330.0,715.0,131.0,738.0,715.0,120.0,0.0,492.0,160.0,0.9930139827629367,36.0,9945.468473572,4194.0
1789994525.3,18.0,0.0,90.0,23.0,4.0,486.0,,1331.0,717.0,131.0,740.0,717.0,122.0,0.0,494.0,162.0,0.9937113328326718,36.0,10025.70007802,4200.0
1789994530.4,17.0,0.0,93.0,21.0,4.0,491.0,,1332.0,722.0,131.0,743.0,722.0,125.0,0.0,499.0,165.0,0.989274219504345,34.0,10172.372974426,4212.0
1789994536.0,12.0,0.0,98.0,21.0,4.0,499.0,,1335.0,730.0,131.0,751.0,730.0,129.0,0.0,506.0,169.0,1.0167198619604478,30.0,10406.492603736,4234.0
1789994541.0,17.0,1.0,91.0,22.0,4.0,505.0,,1336.0,736.0,131.0,758.0,736.0,130.0,0.0,511.0,171.0,0.9894771662554089,34.0,10561.497808376,4248.0
1789994546.0,21.0,0.0,88.0,22.0,4.0,510.0,,1337.0,741.0,131.0,763.0,741.0,132.0,0.0,515.0,173.0,0.9932701248077818,30.0,10668.70284856,4260.0
1789994551.0,25.0,1.0,85.0,20.0,4.0,515.0,,1342.0,746.0,131.0,766.0,746.0,134.0,0.0,520.0,176.0,1.0268533419161034,32.0,10794.88847868,4280.0
1789994556.1,18.0,1.0,91.0,21.0,4.0,518.0,,1346.0,751.0,131.0,772.0,751.0,136.0,0.0,524.0,178.0,0.9986781640024318,32.0,10880.026437928,4298.0
1789994561.1,21.0,0.0,87.0,23.0,4.0,521.0,,1349.0,755.0,131.0,778.0,755.0,137.0,0.0,527.0,179.0,0.9992592890605443,34.0,10948.10843375,4312.0
1789994566.2,19.0,1.0,90.0,21.0,4.0,526.0,,1353.0,764.0,131.0,785.0,764.0,139.0,0.0,533.0,181.0,1.0100083145585237,30.0,11067.337496944001,4338.0
1789994571.3,18.0,1.0,90.0,22.0,4.0,529.0,,1354.0,769.0,131.0,791.0,769.0,142.0,0.0,537.0,184.0,1.0203018274147981,28.0,11190.542587424,4350.0
1789994576.3,8.0,1.0,100.0,22.0,4.0,532.0,,1358.0,774.0,131.0,796.0,774.0,144.0,0.0,539.0,187.0,1.0155459893430605,34.0,11683.241490724,4368.0
1789994581.3,10.0,0.0,98.0,23.0,4.0,536.0,,1360.0,778.0,131.0,801.0,778.0,146.0,0.0,543.0,190.0,0.9919760040052927,34.0,11821.559805358,4380.0
1789994586.2,13.0,0.0,94.0,24.0,4.0,539.0,,1360.0,781.0,131.0,805.0,781.0,148.0,0.0,545.0,192.0,0.9894856596216429,36.0,11922.475489452001,4386.0
1789994591.2,15.0,0.0,91.0,25.0,4.0,542.0,,1361.0,784.0,131.0,809.0,784.0,150.0,0.0,548.0,194.0,0.9869689411007403,40.0,12029.222892400001,4394.0
1789994596.2,13.0,0.0,94.0,24.0,4.0,546.0,,1363.0,788.0,131.0,812.0,788.0,152.0,0.0,552.0,196.0,0.9872013911239853,38.0,12119.715648012001,4406.0
1789994601.3,19.0,0.0,87.0,25.0,4.0,552.0,,1364.0,794.0,131.0,819.0,794.0,156.0,0.0,558.0,200.0,0.9915580409827272,40.0,12342.752088296,4420.0
1789994606.4,20.0,1.0,87.0,23.0,4.0,555.0,,1364.0,797.0,131.0,820.0,797.0,156.0,0.0,561.0,200.0,0.987702052712513,38.0,12403.290384552,4426.0
1789994611.4,10.0,0.0,97.0,24.0,4.0,559.0,,1366.0,802.0,131.0,826.0,802.0,157.0,0.0,565.0,202.0,1.0039404749132783,38.0,12508.778796550001,4440.0
1789994616.4,19.0,0.0,87.0,25.0,4.0,566.0,,1367.0,811.0,131.0,836.0,811.0,161.0,0.0,572.0,207.0,0.9967456996745699,38.0,12765.255373268,4460.0
1789994621.4,22.0,1.0,83.0,25.0,4.0,570.0,,1367.0,815.0,131.0,840.0,815.0,163.0,0.0,576.0,210.0,0.9971390766369845,40.0,13019.916893078,4468.0
1789994626.5,24.0,1.0,81.0,25.0,4.0,573.0,,1367.0,818.0,131.0,843.0,818.0,164.0,0.0,579.0,212.0,0.9834906841182992,44.0,13120.167310158,4474.0
1789994631.6,23.0,1.0,84.0,23.0,4.0,578.0,,1370.0,823.0,131.0,846.0,823.0,169.0,0.0,584.0,217.0,1.019924990165576,40.0,13318.363796238,4490.0
1789994636.7,15.0,2.0,91.0,23.0,4.0,583.0,,1375.0,828.0,131.0,851.0,828.0,171.0,0.0,589.0,221.0,1.0254215391767694,36.0,13484.2853147,4510.0
1789994641.7,5.0,0.0,103.0,23.0,4.0,587.0,,1378.0,832.0,131.0,855.0,832.0,175.0,0.0,593.0,225.0,0.9974801523441691,40.0,13727.85787896,4524.0
1789994646.7,5.0,0.0,102.0,24.0,4.0,590.0,,1379.0,835.0,131.0,859.0,835.0,176.0,0.0,595.0,227.0,1.025326324071094,44.0,14455.683112318,4532.0
1789994651.7,8.0,0.0,99.0,24.0,4.0,592.0,,1379.0,838.0,131.0,862.0,838.0,177.0,0.0,597.0,229.0,0.9996839573722419,46.0,14555.121383468,4538.0
1789994656.6,8.0,0.0,98.0,25.0,6.0,598.0,,1383.0,844.0,131.0,869.0,844.0,179.0,0.0,603.0,234.0,0.9933420949111326,40.0,14844.987389544,4558.0
1789994661.6,13.0,0.0,93.0,25.0,6.0,602.0,,1383.0,849.0,131.0,874.0,849.0,180.0,0.0,607.0,237.0,0.9935030218503021,42.0,15011.203726788,4568.0
1789994666.6,11.0,0.0,95.0,25.0,6.0,608.0,,1384.0,855.0,131.0,880.0,855.0,183.0,0.0,613.0,241.0,1.0207703036154918,44.0,15275.845612644,4582.0
1789994671.7,17.0,0.0,89.0,25.0,6.0,613.0,,1384.0,861.0,131.0,886.0,861.0,184.0,0.0,618.0,245.0,1.0209938132532275,42.0,15478.331886552,4594.0
1789994676.7,21.0,0.0,85.0,25.0,6.0,616.0,,1384.0,865.0,131.0,890.0,865.0,186.0,0.0,621.0,247.0,0.9995954475556986,40.0,15562.2207777,4602.0
1789994681.8,20.0,0.0,87.0,24.0,6.0,620.0,,1390.0,870.0,131.0,894.0,870.0,188.0,0.0,624.0,249.0,1.0219660801773773,40.0,15706.774429464,4624.0
1789994686.9,16.0,0.0,91.0,24.0,6.0,625.0,,1394.0,875.0,131.0,899.0,875.0,191.0,0.0,629.0,253.0,0.9958221578514466,38.0,15910.64028169,4642.0
1789994692.2,21.0,0.0,84.0,26.0,6.0,630.0,,1395.0,880.0,131.0,906.0,880.0,194.0,0.0,634.0,257.0,1.0032922969638451,38.0,16138.144455794,4654.0
1789994697.2,24.0,1.0,81.0,25.0,6.0,634.0,,1397.0,885.0,131.0,910.0,885.0,196.0,0.0,639.0,260.0,0.9921449772914208,42.0,16304.924249472,4668.0
1789994702.2,23.0,1.0,81.0,26.0,6.0,640.0,,1399.0,891.0,131.0,917.0,891.0,200.0,0.0,645.0,265.0,0.9943782855916747,40.0,16553.854882386,4684.0
1789994707.3,25.0,0.0,84.0,22.0,6.0,645.0,,1402.0,896.0,131.0,918.0,896.0,200.0,0.0,649.0,265.0,1.0197716625540894,36.0,16633.535256968,4700.0
1789994712.4,25.0,1.0,84.0,21.0,6.0,647.0,,1404.0,898.0,131.0,919.0,898.0,201.0,0.0,651.0,267.0,1.0204868933948432,36.0,16707.367491054,4708.0
1789994717.6,9.0,0.0,100.0,23.0,6.0,651.0,,1406.0,903.0,132.0,926.0,903.0,203.0,0.0,654.0,270.0,0.990235310946608,34.0,17360.026248644,4724.0
1789994723.1,15.0,0.0,93.0,24.0,6.0,658.0,,1406.0,910.0,132.0,934.0,910.0,207.0,0.0,661.0,276.0,0.9961525050960197,36.0,17723.9939334,4738.0
1789994728.2,17.0,1.0,91.0,23.0,6.0,660.0,,1406.0,913.0,132.0,936.0,913.0,207.0,0.0,663.0,278.0,0.996412670314344,38.0,17807.181054434,4744.0
1789994733.2,20.0,0.0,87.0,25.0,6.0,663.0,,1407.0,916.0,132.0,941.0,916.0,208.0,0.0,666.0,279.0,0.9965199549404571,38.0,17898.668503984,4752.0
1789994738.3,27.0,0.0,80.0,25.0,6.0,670.0,,1410.0,923.0,132.0,948.0,923.0,211.0,0.0,673.0,283.0,0.9780424131888567,38.0,18210.754839468,4772.0
1789994743.9,34.0,0.0,75.0,23.0,7.0,676.0,,1413.0,930.0,132.0,953.0,930.0,214.0,0.0,680.0,287.0,1.0059037835711475,36.0,18405.206429902,4792.0
1789994749.0,6.0,0.0,102.0,24.0,7.0,678.0,,1414.0,932.0,132.0,956.0,932.0,215.0,0.0,682.0,288.0,0.9944247755963237,38.0,18488.313810236,4798.0
1789994754.2,6.0,0.0,101.0,26.0,7.0,682.0,,1414.0,936.0,133.0,962.0,936.0,218.0,0.0,686.0,292.0,0.9946259342702858,38.0,18668.604286432,4808.0
1789994759.6,11.0,0.0,96.0,26.0,7.0,687.0,,1416.0,941.0,133.0,967.0,941.0,220.0,0.0,691.0,297.0,1.0085599721059972,38.0,16328.564397564,4444.0
1789994764.5,12.0,1.0,94.0,26.0,7.0,692.0,,1416.0,946.0,133.0,972.0,946.0,223.0,0.0,696.0,300.0,0.9980027178771949,38.0,16498.952371658,4454.0
1789994769.5,18.0,0.0,89.0,26.0,7.0,697.0,,1416.0,952.0,133.0,978.0,952.0,224.0,0.0,700.0,305.0,0.9782082573400565,32.0,17224.991536802,4466.0
1789994774.7,12.0,0.0,97.0,24.0,7.0,702.0,,1418.0,958.0,133.0,982.0,958.0,228.0,0.0,704.0,310.0,1.0096511461574222,36.0,17441.460073286,4482.0
1789994780.5,17.0,0.0,92.0,24.0,7.0,707.0,,1418.0,963.0,133.0,987.0,963.0,232.0,0.0,709.0,314.0,0.9892831598898545,36.0,17619.186693964,4492.0
1789994785.4,23.0,0.0,86.0,25.0,7.0,712.0,,1418.0,968.0,134.0,993.0,968.0,236.0,0.0,714.0,318.0,0.9894083252869864,34.0,17772.252531868002,4504.0
1789994790.6,22.0,0.0,87.0,25.0,7.0,715.0,,1419.0,971.0,134.0,996.0,971.0,238.0,0.0,717.0,321.0,0.9943380538568823,34.0,17876.092871126,4512.0
1789994795.6,25.0,0.0,82.0,27.0,7.0,718.0,,1421.0,974.0,134.0,1001.0,974.0,238.0,0.0,719.0,324.0,0.9977756320852555,38.0,18246.349410154,4522.0
1789994800.6,17.0,0.0,90.0,27.0,7.0,722.0,,1422.0,978.0,134.0,1005.0,978.0,242.0,0.0,723.0,328.0,0.999101491256303,38.0,18424.05729422,4532.0
1789994805.6,20.0,0.0,86.0,28.0,7.0,726.0,,1422.0,982.0,134.0,1010.0,982.0,244.0,0.0,727.0,330.0,0.9953536816507528,40.0,18538.091681548,4540.0
1789994810.8,13.0,1.0,94.0,26.0,7.0,729.0,,1423.0,985.0,134.0,1011.0,985.0,245.0,0.0,730.0,331.0,1.016815077066123,40.0,18635.335028014,4548.0
1789994816.1,8.0,0.0,101.0,25.0,7.0,735.0,,1426.0,992.0,134.0,1017.0,992.0,250.0,0.0,736.0,336.0,0.9941386832600222,32.0,18877.20004331,4568.0
1789994821.2,14.0,0.0,95.0,25.0,7.0,740.0,,1427.0,998.0,134.0,1023.0,998.0,254.0,0.0,741.0,341.0,0.9962709652040196,38.0,19089.044716348,4582.0
1789994826.3,19.0,0.0,90.0,25.0,7.0,745.0,,1427.0,1003.0,134.0,1028.0,1003.0,256.0,0.0,746.0,345.0,0.9904691020276795,36.0,19313.216099596,4592.0
1789994831.5,15.0,0.0,93.0,26.0,7.0,749.0,,1428.0,1007.0,134.0,1033.0,1007.0,259.0,0.0,749.0,348.0,1.0075935164324286,36.0,19478.732306252,4602.0
1789994836.5,20.0,0.0,88.0,26.0,7.0,754.0,,1429.0,1012.0,134.0,1038.0,1012.0,261.0,0.0,753.0,350.0,0.99982923863677,38.0,19782.300475998,4614.0
1789994841.9,24.0,1.0,81.0,28.0,8.0,759.0,,1430.0,1017.0,134.0,1045.0,1017.0,265.0,0.0,758.0,355.0,0.9979982476844401,42.0,20002.252564362,4626.0
1789994846.9,28.0,0.0,78.0,28.0,8.0,762.0,,1431.0,1020.0,134.0,1048.0,1020.0,266.0,0.0,761.0,358.0,0.9893140042198619,42.0,20123.855118664,4634.0
1789994852.1,33.0,1.0,74.0,27.0,8.0,769.0,,1431.0,1027.0,135.0,1054.0,1027.0,269.0,0.0,768.0,361.0,0.9914771304938669,34.0,20347.111855966,4650.0
1789994857.1,27.0,0.0,80.0,28.0,8.0,772.0,,1433.0,1031.0,135.0,1059.0,1031.0,271.0,0.0,771.0,364.0,0.9916738189750742,40.0,20448.722290704,4662.0
1789994862.3,35.0,0.0,73.0,27.0,8.0,780.0,,1435.0,1039.0,135.0,1066.0,1039.0,275.0,0.0,779.0,370.0,0.9903001287415514,40.0,20759.915158548,4682.0
1789994867.3,37.0,2.0,70.0,26.0,8.0,784.0,,1436.0,1043.0,135.0,1069.0,1043.0,278.0,0.0,783.0,373.0,0.9904431749097021,38.0,20892.840932548,4692.0
1789994872.3,13.0,0.0,96.0,26.0,8.0,785.0,,1440.0,1044.0,135.0,1070.0,1044.0,279.0,0.0,784.0,374.0,0.9905057576082681,40.0,20934.07050894,4702.0
1789994877.4,6.0,0.0,103.0,26.0,9.0,788.0,,1442.0,1047.0,135.0,1073.0,1047.0,281.0,0.0,787.0,376.0,1.0009861245216893,36.0,21040.710672064,4712.0
1789994882.6,11.0,1.0,96.0,27.0,9.0,792.0,,1443.0,1053.0,135.0,1080.0,1053.0,283.0,0.0,791.0,378.0,0.9905115688588492,36.0,21143.123763346,4726.0
1789994887.8,14.0,0.0,93.0,28.0,9.0,798.0,,1444.0,1061.0,135.0,1089.0,1061.0,286.0,0.0,797.0,382.0,0.9900220827522083,36.0,21350.744925638,4744.0
1789994892.9,16.0,1.0,91.0,27.0,9.0,801.0,,1445.0,1064.0,135.0,1091.0,1064.0,288.0,0.0,800.0,384.0,0.9924319636662733,40.0,21441.980650308,4752.0
1789994898.0,15.0,0.0,91.0,29.0,9.0,806.0,,1448.0,1071.0,135.0,1100.0,1071.0,288.0,0.0,805.0,386.0,1.0054281550620463,38.0,21554.3667762,4772.0
1789994903.1,11.0,2.0,93.0,29.0,9.0,810.0,,1451.0,1076.0,135.0,1105.0,1076.0,290.0,0.0,810.0,388.0,0.9837834817437328,40.0,21645.331593192,4788.0
1789994908.1,19.0,0.0,86.0,30.0,9.0,818.0,,1452.0,1084.0,135.0,1114.0,1084.0,294.0,0.0,817.0,393.0,0.9992937095447556,42.0,21913.98811529,4806.0
1789994913.2,21.0,1.0,85.0,28.0,9.0,820.0,,1452.0,1087.0,135.0,1115.0,1087.0,295.0,0.0,818.0,394.0,0.9994188749418875,42.0,21953.571682858,4812.0
1789994918.3,25.0,2.0,82.0,26.0,9.0,827.0,,1454.0,1094.0,135.0,1120.0,1094.0,297.0,0.0,825.0,396.0,1.0355058470121232,38.0,22207.39710309,4830.0
1789994923.6,31.0,1.0,77.0,26.0,9.0,833.0,,1455.0,1101.0,135.0,1127.0,1101.0,300.0,0.0,831.0,400.0,0.9963634981940421,30.0,22399.33589822,4846.0
1789994928.7,36.0,1.0,71.0,27.0,9.0,837.0,,1456.0,1107.0,135.0,1134.0,1107.0,301.0,0.0,834.0,403.0,0.9968744412259056,36.0,22809.271523362,4860.0
1789994934.0,38.0,1.0,70.0,26.0,9.0,840.0,,1458.0,1110.0,135.0,1136.0,1110.0,303.0,0.0,836.0,405.0,1.0185012337732002,38.0,22894.96028822,4870.0
1789994939.0,29.0,1.0,77.0,28.0,9.0,842.0,,1459.0,1112.0,135.0,1140.0,1112.0,303.0,0.0,838.0,407.0,0.9861035117834281,38.0,22978.690968274,4876.0
1789994944.1,30.0,0.0,76.0,29.0,9.0,843.0,,1459.0,1113.0,135.0,1142.0,1113.0,304.0,0.0,839.0,408.0,0.9977944068948253,44.0,23020.162417044,4878.0
1789994949.3,35.0,0.0,72.0,28.0,9.0,848.0,,1466.0,1118.0,135.0,1146.0,1118.0,308.0,0.0,844.0,412.0,0.9996575832349891,42.0,23392.449660308,4902.0
1789994954.6,24.0,1.0,83.0,27.0,9.0,852.0,,1467.0,1122.0,135.0,1149.0,1122.0,309.0,0.0,848.0,415.0,0.996388084254193,38.0,23542.623908112,4912.0
1789994960.2,27.0,0.0,80.0,28.0,9.0,856.0,,1469.0,1126.0,135.0,1154.0,1126.0,312.0,0.0,852.0,418.0,0.9989436934520617,40.0,23720.876882924,4924.0
1789994965.8,33.0,0.0,72.0,31.0,9.0,860.0,,1471.0,1131.0,136.0,1162.0,1131.0,314.0,0.0,855.0,422.0,0.9826422415334549,46.0,24146.850693520002,4940.0
1789994971.2,34.0,1.0,70.0,31.0,9.0,862.0,,1473.0,1133.0,136.0,1164.0,1133.0,314.0,0.0,857.0,424.0,0.982315917462361,46.0,24272.056737688,4948.0
1789994976.4,37.0,2.0,67.0,30.0,9.0,868.0,,1476.0,1140.0,136.0,1170.0,1140.0,315.0,0.0,863.0,428.0,0.9991537925115331,38.0,24494.59870328,4968.0
1789994981.5,41.0,1.0,64.0,30.0,9.0,871.0,,1479.0,1144.0,136.0,1174.0,1144.0,317.0,0.0,866.0,430.0,0.9999289239352,39.0,24644.189317916,4982.0
1789994986.7,42.0,3.0,63.0,28.0,9.0,875.0,,1483.0,1148.0,136.0,1176.0,1148.0,319.0,0.0,870.0,432.0,0.9850619568715803,38.0,24741.855396442,4998.0
1789994992.0,31.0,2.0,75.0,28.0,9.0,881.0,,1488.0,1157.0,136.0,1185.0,1157.0,322.0,0.0,876.0,435.0,1.0040128920359046,32.0,24912.032322702,5026.0
1789994997.0,35.0,0.0,73.0,29.0,9.0,884.0,,1488.0,1161.0,137.0,1190.0,1161.0,323.0,0.0,879.0,438.0,0.9946026892679612,36.0,25077.602570378,5036.0
1789995002.3,24.0,1.0,83.0,29.0,9.0,887.0,,1490.0,1164.0,137.0,1193.0,1164.0,325.0,0.0,882.0,441.0,1.0147856095554841,40.0,25284.473409608,5046.0
1789995007.5,33.0,0.0,73.0,31.0,9.0,893.0,,1490.0,1174.0,137.0,1205.0,1174.0,330.0,0.0,888.0,446.0,0.9949719271895004,42.0,25541.409347188,5066.0
1789995012.6,37.0,1.0,70.0,30.0,9.0,897.0,,1493.0,1179.0,138.0,1209.0,1179.0,331.0,0.0,892.0,447.0,1.016605425025927,40.0,25607.677339226,5084.0
1789995017.6,25.0,0.0,83.0,30.0,9.0,901.0,,1497.0,1183.0,138.0,1213.0,1183.0,332.0,0.0,895.0,448.0,1.0164176769302293,36.0,25679.37923057,5100.0
1789995022.9,30.0,2.0,78.0,28.0,9.0,908.0,,1499.0,1191.0,138.0,1219.0,1191.0,338.0,0.0,902.0,455.0,1.0100476522547652,32.0,26251.701620494,5120.0
1789995028.1,22.0,1.0,87.0,28.0,9.0,910.0,,1501.0,1193.0,138.0,1221.0,1193.0,339.0,0.0,904.0,456.0,0.9972892751135429,36.0,26305.160088182,5128.0
1789995033.2,27.0,1.0,81.0,29.0,9.0,916.0,,1501.0,1199.0,138.0,1228.0,1199.0,343.0,0.0,908.0,460.0,0.9819328219432822,32.0,26789.76023714,5140.0
1789995038.5,33.0,0.0,76.0,30.0,9.0,920.0,,1502.0,1206.0,139.0,1236.0,1206.0,344.0,0.0,912.0,462.0,0.9999432285520151,34.0,26916.147795286,5158.0
1789995043.7,35.0,1.0,74.0,29.0,9.0,923.0,,1502.0,1209.0,139.0,1238.0,1209.0,344.0,0.0,915.0,463.0,0.9960662303758538,36.0,26974.752509344,5164.0
1789995049.0,40.0,3.0,69.0,28.0,9.0,930.0,,1504.0,1216.0,140.0,1244.0,1216.0,346.0,0.0,922.0,466.0,0.9971363945213317,32.0,27171.736820602,5184.0
1789995054.2,42.0,1.0,67.0,30.0,9.0,933.0,,1509.0,1219.0,140.0,1249.0,1219.0,346.0,0.0,925.0,467.0,0.9894400636555448,34.0,27231.674611878,5200.0
1789995059.5,46.0,1.0,64.0,30.0,9.0,937.0,,1512.0,1223.0,141.0,1253.0,1223.0,349.0,0.0,929.0,470.0,0.9980501019203948,32.0,25995.953742898,4814.0
1789995064.6,50.0,0.0,61.0,30.0,9.0,942.0,,1518.0,1228.0,141.0,1258.0,1228.0,352.0,0.0,934.0,474.0,1.0361258627472016,32.0,26226.300846326,4836.0
1789995069.8,9.0,0.0,101.0,31.0,9.0,943.0,,1520.0,1229.0,141.0,1260.0,1229.0,352.0,0.0,935.0,474.0,1.0362867896863712,32.0,26253.319552038,4842.0
1789995075.2,2.0,0.0,106.0,33.0,9.0,945.0,,1524.0,1233.0,141.0,1266.0,1233.0,352.0,0.0,938.0,475.0,0.9992986267567857,36.0,26312.011443808,4858.0
1789995080.5,6.0,0.0,101.0,34.0,9.0,949.0,,1524.0,1237.0,141.0,1271.0,1237.0,356.0,0.0,942.0,479.0,0.9942218288452598,36.0,26500.94331948,4866.0
1789995085.7,15.0,0.0,92.0,34.0,9.0,956.0,,1525.0,1246.0,141.0,1280.0,1246.0,360.0,0.0,947.0,484.0,0.9887914386868362,34.0,26743.121068964,4886.0
1789995090.8,17.0,0.0,90.0,34.0,9.0,960.0,,1526.0,1252.0,141.0,1286.0,1252.0,363.0,0.0,950.0,487.0,1.0076882845188284,38.0,27089.243435012,4900.0
1789995096.0,23.0,0.0,83.0,35.0,9.0,964.0,,1526.0,1259.0,141.0,1294.0,1259.0,366.0,0.0,955.0,490.0,0.9900784071809177,40.0,27207.840902798,4914.0
1789995101.1,26.0,0.0,80.0,35.0,9.0,966.0,,1526.0,1262.0,141.0,1297.0,1262.0,367.0,0.0,957.0,491.0,0.9961002038407896,40.0,27251.540637662,4920.0
1789995106.5,30.0,1.0,75.0,35.0,9.0,970.0,,1526.0,1267.0,141.0,1302.0,1267.0,369.0,0.0,961.0,495.0,0.9970903515359583,44.0,27518.87649439,4930.0
1789995111.7,33.0,2.0,70.0,36.0,9.0,976.0,,1532.0,1273.0,141.0,1309.0,1273.0,371.0,0.0,967.0,500.0,0.9870279476451025,42.0,27774.262232858,4954.0
1789995116.8,29.0,0.0,75.0,37.0,9.0,979.0,,1534.0,1276.0,141.0,1313.0,1276.0,373.0,0.0,968.0,502.0,0.9871262918857061,46.0,27856.56442862,4964.0
1789995122.0,34.0,0.0,71.0,36.0,9.0,984.0,,1535.0,1282.0,141.0,1318.0,1282.0,377.0,0.0,972.0,507.0,0.9947591460143761,44.0,28404.489231694,4978.0
1789995127.1,29.0,1.0,76.0,35.0,9.0,986.0,,1536.0,1284.0,141.0,1319.0,1284.0,378.0,0.0,974.0,508.0,1.021180220291099,44.0,28467.106843408,4984.0
1789995132.4,20.0,0.0,84.0,37.0,9.0,990.0,,1539.0,1289.0,141.0,1326.0,1289.0,381.0,0.0,979.0,511.0,1.000899402782248,44.0,28601.946629866,5000.0
1789995137.6,20.0,2.0,82.0,37.0,9.0,992.0,,1541.0,1291.0,141.0,1328.0,1291.0,382.0,0.0,981.0,513.0,0.9957309659192505,48.0,28698.909215856,5008.0
1789995142.8,9.0,0.0,94.0,38.0,9.0,997.0,,1544.0,1296.0,141.0,1334.0,1296.0,385.0,0.0,984.0,518.0,1.0000764402961055,48.0,29220.809150508,5024.0
1789995148.0,13.0,0.0,90.0,38.0,9.0,1000.0,,1544.0,1300.0,141.0,1338.0,1300.0,388.0,0.0,987.0,521.0,1.0001390229946716,48.0,29401.84674783,5032.0
1789995153.2,16.0,1.0,87.0,37.0,9.0,1003.0,,1545.0,1303.0,141.0,1340.0,1303.0,389.0,0.0,990.0,524.0,1.0004966384150484,45.0,29569.421351805002,5041.0
1789995158.3,21.0,0.0,82.0,38.0,9.0,1009.0,,1545.0,1309.0,141.0,1347.0,1309.0,390.0,0.0,996.0,530.0,0.9806659693165969,46.0,29899.303334696,5052.0
1789995163.4,21.0,0.0,84.0,36.0,9.0,1016.0,,1547.0,1317.0,141.0,1353.0,1317.0,395.0,0.0,1002.0,535.0,1.0096699209669922,40.0,30325.0868816,5072.0
1789995168.6,19.0,1.0,85.0,37.0,9.0,1018.0,,1549.0,1319.0,142.0,1356.0,1319.0,396.0,0.0,1004.0,537.0,1.0113708293101598,44.0,30428.95348683,5082.0
1789995173.7,22.0,2.0,81.0,37.0,9.0,1022.0,,1551.0,1324.0,142.0,1361.0,1324.0,398.0,0.0,1007.0,540.0,1.0114691735507635,44.0,30643.607803766,5096.0
1789995178.8,28.0,0.0,76.0,38.0,9.0,1028.0,,1551.0,1330.0,142.0,1368.0,1330.0,402.0,0.0,1013.0,546.0,0.9885263562564818,42.0,30985.913931308,5108.0
1789995184.1,31.0,1.0,72.0,38.0,9.0,1032.0,,1554.0,1334.0,142.0,1372.0,1334.0,405.0,0.0,1016.0,550.0,1.0414275113542897,46.0,31177.4335684,5122.0
1789995189.3,29.0,1.0,73.0,39.0,9.0,1034.0,,1554.0,1336.0,142.0,1375.0,1336.0,407.0,0.0,1018.0,552.0,1.0415169152093837,50.0,31294.556745948,5126.0
1789995194.4,33.0,0.0,68.0,41.0,9.0,1036.0,,1557.0,1339.0,142.0,1380.0,1339.0,408.0,0.0,1020.0,554.0,0.9826136322998248,53.0,31375.134023302002,5138.0
1789995199.5,26.0,0.0,76.0,40.0,9.0,1043.0,,1558.0,1346.0,142.0,1386.0,1346.0,412.0,0.0,1027.0,560.0,0.9976021886063727,52.0,31739.536487906,5154.0
1789995204.8,14.0,0.0,88.0,40.0,9.0,1046.0,,1560.0,1349.0,142.0,1389.0,1349.0,413.0,0.0,1030.0,562.0,1.0090320244608948,52.0,31879.755699274,5164.0
1789995210.2,20.0,0.0,84.0,39.0,9.0,1052.0,,1562.0,1355.0,143.0,1394.0,1355.0,416.0,0.0,1036.0,566.0,1.0106444229875193,48.0,32256.455313534,5182.0
1789995215.3,17.0,1.0,85.0,40.0,9.0,1057.0,,1564.0,1360.0,143.0,1400.0,1360.0,418.0,0.0,1041.0,570.0,1.0025627615062762,44.0,32542.142606408,5196.0
1789995220.5,20.0,0.0,83.0,40.0,9.0,1059.0,,1567.0,1363.0,143.0,1403.0,1363.0,420.0,0.0,1043.0,572.0,1.0064683689160676,48.0,32658.151699148002,5208.0
1789995226.0,22.0,1.0,79.0,41.0,9.0,1061.0,,1569.0,1366.0,143.0,1407.0,1366.0,422.0,0.0,1045.0,574.0,0.9976951686156708,52.0,32775.553583536,5218.0
1789995231.3,27.0,2.0,73.0,41.0,9.0,1067.0,,1573.0,1372.0,143.0,1413.0,1372.0,425.0,0.0,1051.0,579.0,0.9944314808854557,48.0,33224.983608042,5238.0
1789995236.5,9.0,0.0,92.0,42.0,9.0,1070.0,,1578.0,1376.0,143.0,1418.0,1376.0,426.0,0.0,1053.0,581.0,0.9966665772628116,52.0,33340.297178024,5256.0
1789995241.7,14.0,0.0,87.0,42.0,9.0,1075.0,,1580.0,1381.0,143.0,1423.0,1381.0,429.0,0.0,1058.0,585.0,0.9993156134892537,54.0,33642.514233712,5270.0
1789995246.8,16.0,0.0,85.0,42.0,9.0,1077.0,,1580.0,1383.0,143.0,1425.0,1383.0,431.0,0.0,1060.0,587.0,0.989778904266352,54.0,33812.52126259,5274.0
1789995252.0,19.0,0.0,84.0,41.0,9.0,1081.0,,1580.0,1387.0,144.0,1428.0,1387.0,433.0,0.0,1063.0,591.0,0.9887404784894325,50.0,34074.042894408,5284.0
1789995257.1,23.0,0.0,79.0,42.0,9.0,1083.0,,1580.0,1391.0,144.0,1433.0,1391.0,434.0,0.0,1065.0,593.0,0.9888745842720739,48.0,34242.67452969,5292.0
1789995262.4,22.0,0.0,81.0,41.0,9.0,1090.0,,1582.0,1399.0,144.0,1440.0,1399.0,440.0,0.0,1073.0,600.0,1.0202016950970927,44.0,34647.129258878,5312.0
1789995268.1,25.0,1.0,80.0,38.0,9.0,1097.0,,1584.0,1406.0,144.0,1444.0,1406.0,445.0,0.0,1080.0,605.0,1.027031255587741,44.0,34901.278110638,5330.0
1789995273.7,26.0,2.0,77.0,39.0,9.0,1101.0,,1586.0,1411.0,144.0,1450.0,1411.0,447.0,0.0,1084.0,607.0,0.9938436505382112,44.0,35028.275411402,5344.0
1789995279.0,29.0,0.0,74.0,41.0,9.0,1104.0,,1587.0,1414.0,144.0,1455.0,1414.0,448.0,0.0,1087.0,610.0,0.993196366627329,48.0,35226.27807449,5352.0
1789995284.4,20.0,0.0,82.0,42.0,9.0,1106.0,,1589.0,1416.0,144.0,1458.0,1416.0,450.0,0.0,1089.0,612.0,0.9925325430032543,48.0,35329.69871248,5360.0
1789995289.9,25.0,0.0,77.0,42.0,9.0,1111.0,,1589.0,1422.0,144.0,1464.0,1422.0,453.0,0.0,1094.0,616.0,0.9966750706290455,44.0,35617.45045583,5372.0
1789995295.3,27.0,0.0,75.0,42.0,9.0,1114.0,,1589.0,1425.0,144.0,1467.0,1425.0,454.0,0.0,1096.0,618.0,0.9870163251439402,48.0,35936.564978314,5378.0
1789995300.5,31.0,0.0,72.0,41.0,9.0,1119.0,,1589.0,1430.0,144.0,1471.0,1430.0,458.0,0.0,1100.0,623.0,0.9873471194077889,48.0,37195.704271048,5388.0
1789995305.8,34.0,0.0,70.0,40.0,9.0,1123.0,,1593.0,1434.0,144.0,1474.0,1434.0,460.0,0.0,1103.0,625.0,0.9979343239280478,46.0,37276.814772774,5404.0
1789995311.0,33.0,0.0,70.0,41.0,9.0,1123.0,,1594.0,1434.0,144.0,1475.0,1434.0,460.0,0.0,1103.0,625.0,0.999690662661374,50.0,37276.814975694,5406.0
1789995316.6,33.0,1.0,68.0,42.0,9.0,1124.0,,1598.0,1436.0,144.0,1478.0,1436.0,461.0,0.0,1104.0,626.0,0.9785091013124486,52.0,37451.358977422,5418.0
1789995322.1,9.0,0.0,92.0,44.0,9.0,1127.0,,1601.0,1439.0,145.0,1483.0,1439.0,463.0,0.0,1106.0,628.0,0.9785806243965239,52.0,37674.62403993,5432.0
1789995327.5,12.0,0.0,88.0,45.0,9.0,1130.0,,1603.0,1442.0,145.0,1487.0,1442.0,466.0,0.0,1109.0,631.0,0.9939714980509959,56.0,38007.319324844,5442.0
1789995332.7,16.0,1.0,83.0,45.0,9.0,1134.0,,1603.0,1447.0,145.0,1492.0,1447.0,470.0,0.0,1113.0,635.0,0.9940698422915996,56.0,38450.442585572004,5452.0
1789995338.2,18.0,0.0,83.0,44.0,9.0,1138.0,,1604.0,1453.0,145.0,1497.0,1453.0,473.0,0.0,1117.0,639.0,0.9994144047491328,56.0,38790.47393383,5466.0
1789995343.8,23.0,3.0,77.0,43.0,9.0,1143.0,,1605.0,1460.0,146.0,1503.0,1460.0,478.0,0.0,1122.0,644.0,0.9982365089582663,48.0,39316.11558337,5484.0
1789995349.1,25.0,4.0,76.0,41.0,10.0,1147.0,,1607.0,1464.0,146.0,1505.0,1464.0,480.0,0.0,1126.0,646.0,1.0268850802846619,46.0,39598.96134536,5496.0
1789995354.5,19.0,0.0,84.0,43.0,10.0,1152.0,,1611.0,1469.0,146.0,1512.0,1469.0,484.0,0.0,1131.0,651.0,1.017453420591496,46.0,34034.1393112,4692.0
1789995359.9,3.0,0.0,97.0,46.0,10.0,1155.0,,1611.0,1472.0,146.0,1518.0,1472.0,486.0,0.0,1134.0,654.0,0.9916876765726138,50.0,34287.260116304,4698.0
1789995365.0,6.0,0.0,93.0,47.0,10.0,1158.0,,1611.0,1475.0,146.0,1522.0,1475.0,488.0,0.0,1137.0,656.0,0.9975610628330294,52.0,34448.970949162,4704.0
1789995370.3,8.0,0.0,94.0,45.0,10.0,1166.0,,1613.0,1483.0,147.0,1528.0,1483.0,491.0,0.0,1145.0,663.0,1.0159281908235882,52.0,34879.198867542,4726.0
1789995375.4,10.0,0.0,92.0,45.0,10.0,1168.0,,1613.0,1485.0,147.0,1530.0,1485.0,492.0,0.0,1147.0,665.0,1.0160175946786825,52.0,34958.184336226,4730.0
1789995380.7,7.0,0.0,96.0,44.0,10.0,1173.0,,1615.0,1490.0,147.0,1534.0,1490.0,496.0,0.0,1152.0,670.0,1.0176827414798126,50.0,35150.089418232,4744.0
1789995386.0,9.0,2.0,92.0,45.0,10.0,1175.0,,1618.0,1493.0,148.0,1538.0,1493.0,498.0,0.0,1155.0,672.0,1.020015288059221,50.0,35340.42117329,4758.0
1789995391.4,14.0,0.0,87.0,47.0,10.0,1179.0,,1621.0,1498.0,148.0,1545.0,1498.0,499.0,0.0,1158.0,676.0,0.99902281586382,50.0,35661.556700888,4774.0
1789995396.7,19.0,1.0,82.0,46.0,10.0,1185.0,,1621.0,1504.0,148.0,1550.0,1504.0,503.0,0.0,1164.0,682.0,0.9951221256660587,52.0,36062.706101164,4786.0
1789995402.3,22.0,0.0,79.0,47.0,10.0,1187.0,,1622.0,1506.0,148.0,1553.0,1506.0,505.0,0.0,1166.0,684.0,0.9987917068984015,54.0,36155.929430116,4792.0
1789995407.5,23.0,4.0,78.0,43.0,10.0,1192.0,,1622.0,1511.0,148.0,1554.0,1511.0,509.0,0.0,1171.0,688.0,0.9980264098987949,46.0,36326.573087532,4802.0
1789995412.8,23.0,0.0,80.0,45.0,10.0,1196.0,,1624.0,1516.0,148.0,1561.0,1516.0,512.0,0.0,1175.0,692.0,0.9981636448163644,48.0,36697.985360141996,4816.0
1789995418.2,30.0,0.0,72.0,46.0,10.0,1201.0,,1624.0,1523.0,148.0,1569.0,1523.0,514.0,0.0,1179.0,696.0,0.9985212602367414,52.0,37167.595925048,4830.0
1789995423.5,31.0,0.0,73.0,44.0,10.0,1203.0,,1627.0,1525.0,148.0,1569.0,1525.0,515.0,0.0,1181.0,698.0,1.025078675392483,48.0,37235.987850318,4840.0
1789995429.3,19.0,0.0,83.0,46.0,10.0,1209.0,,1630.0,1533.0,148.0,1579.0,1533.0,517.0,0.0,1187.0,702.0,1.028092926366985,50.0,37627.618721972,4862.0
1789995434.6,20.0,0.0,82.0,46.0,10.0,1212.0,,1630.0,1538.0,148.0,1584.0,1538.0,520.0,0.0,1190.0,705.0,1.028200210993098,52.0,37932.584198822,4872.0
1789995439.8,22.0,0.0,80.0,47.0,10.0,1215.0,1.0,1632.0,1541.0,149.0,1588.0,1541.0,522.0,0.0,1193.0,708.0,1.0284661874620034,48.0,38226.866512282,4884.0
1789995445.2,24.0,0.0,76.0,49.0,10.0,1217.0,1.0,1632.0,1543.0,149.0,1592.0,1543.0,524.0,0.0,1194.0,710.0,0.9895696992454315,54.0,38494.629799342,4888.0
1789995450.7,26.0,0.0,74.0,49.0,10.0,1219.0,1.0,1632.0,1545.0,149.0,1594.0,1545.0,526.0,0.0,1196.0,712.0,0.9896769838715446,58.0,38670.881655636,4892.0
1789995456.1,25.0,0.0,78.0,46.0,10.0,1225.0,1.0,1634.0,1551.0,149.0,1597.0,1551.0,529.0,0.0,1202.0,717.0,0.9924721954010657,50.0,39013.481070486,4908.0
1789995461.8,1.0,0.0,101.0,47.0,10.0,1229.0,1.0,1636.0,1555.0,149.0,1602.0,1555.0,530.0,0.0,1206.0,720.0,1.0147038050280728,50.0,39238.71552292,4920.0
1789995467.3,5.0,0.0,96.0,48.0,10.0,1233.0,1.0,1637.0,1559.0,149.0,1607.0,1559.0,534.0,0.0,1209.0,724.0,1.0150922647784573,54.0,39630.78379726,4930.0
1789995472.8,8.0,0.0,94.0,47.0,10.0,1237.0,1.0,1638.0,1563.0,149.0,1610.0,1563.0,538.0,0.0,1213.0,728.0,1.0212048063512498,54.0,39924.062553506,4940.0
1789995478.1,9.0,0.0,93.0,47.0,10.0,1240.0,1.0,1638.0,1566.0,149.0,1613.0,1566.0,540.0,0.0,1216.0,730.0,1.0217175374602152,54.0,40104.992108584,4946.0
1789995483.6,14.0,0.0,88.0,47.0,11.0,1244.0,1.0,1639.0,1571.0,149.0,1618.0,1571.0,543.0,0.0,1220.0,734.0,0.9927368308121446,50.0,40508.319728768,4958.0
1789995489.3,18.0,0.0,84.0,47.0,11.0,1248.0,1.0,1639.0,1575.0,149.0,1622.0,1575.0,545.0,0.0,1224.0,738.0,0.9928172942817294,50.0,40771.826058956,4966.0
1789995494.7,22.0,0.0,79.0,48.0,11.0,1251.0,1.0,1639.0,1579.0,149.0,1627.0,1579.0,548.0,0.0,1227.0,741.0,0.9965601866752495,52.0,40949.400354718,4974.0
1789995500.0,27.0,0.0,74.0,48.0,11.0,1257.0,1.0,1640.0,1585.0,149.0,1633.0,1585.0,552.0,0.0,1233.0,746.0,0.9988878160426278,52.0,41256.981556836,4988.0
1789995505.5,33.0,0.0,69.0,47.0,11.0,1264.0,1.0,1641.0,1592.0,149.0,1639.0,1592.0,554.0,0.0,1238.0,749.0,0.9987452168937525,46.0,41706.120245114,5004.0
1789995510.8,38.0,0.0,64.0,47.0,11.0,1270.0,1.0,1641.0,1598.0,149.0,1645.0,1598.0,556.0,0.0,1243.0,753.0,0.9903287379751815,50.0,41968.330099524,5016.0
1789995517.0,39.0,4.0,63.0,43.0,11.0,1274.0,1.0,1644.0,1603.0,149.0,1646.0,1603.0,557.0,0.0,1248.0,756.0,0.9908293995637092,44.0,42106.104837861996,5032.0
1789995522.3,33.0,1.0,69.0,46.0,11.0,1276.0,1.0,1647.0,1607.0,149.0,1653.0,1607.0,559.0,0.0,1250.0,758.0,1.000262847333977,46.0,42215.560044358,5046.0
1789995527.8,17.0,0.0,86.0,46.0,11.0,1280.0,1.0,1649.0,1613.0,149.0,1659.0,1613.0,563.0,0.0,1253.0,762.0,0.9963599220398384,48.0,42478.774309858,5062.0
1789995533.2,21.0,0.0,81.0,47.0,11.0,1284.0,1.0,1649.0,1617.0,149.0,1664.0,1617.0,563.0,0.0,1257.0,763.0,0.9960836641275972,48.0,42546.324768494,5070.0
1789995538.8,27.0,1.0,77.0,45.0,11.0,1288.0,1.0,1654.0,1623.0,150.0,1668.0,1623.0,566.0,0.0,1260.0,766.0,0.996473464935808,44.0,42886.894298928,5094.0
1789995544.5,17.0,0.0,85.0,48.0,11.0,1292.0,1.0,1655.0,1628.0,150.0,1676.0,1628.0,569.0,0.0,1263.0,769.0,0.9965986303329399,48.0,43327.063406436,5106.0
1789995549.7,18.0,0.0,84.0,48.0,11.0,1292.0,1.0,1655.0,1629.0,150.0,1677.0,1629.0,569.0,0.0,1263.0,769.0,0.9966969745735436,52.0,43327.063648096,5108.0
1789995555.0,20.0,0.0,81.0,49.0,11.0,1294.0,1.0,1655.0,1631.0,150.0,1680.0,1631.0,571.0,0.0,1265.0,771.0,0.9968131995851661,48.0,43476.148965932,5112.0
1789995560.3,23.0,0.0,77.0,50.0,11.0,1298.0,1.0,1655.0,1635.0,150.0,1685.0,1635.0,575.0,0.0,1269.0,775.0,0.9969830669098452,40.0,43939.050668882,5120.0
1789995565.6,23.0,2.0,73.0,52.0,11.0,1300.0,1.0,1655.0,1637.0,150.0,1688.0,1637.0,577.0,0.0,1270.0,777.0,0.9768238386439223,36.0,44173.222831464,5124.0
1789995570.9,26.0,1.0,70.0,53.0,11.0,1304.0,1.0,1655.0,1641.0,150.0,1694.0,1641.0,579.0,0.0,1273.0,781.0,0.9995127489897364,28.0,44576.252157296,5132.0
1789995576.3,29.0,2.0,67.0,52.0,11.0,1309.0,1.0,1655.0,1646.0,150.0,1698.0,1646.0,583.0,0.0,1276.0,786.0,0.9996200336158495,18.0,45046.030150178,5142.0
1789995581.6,30.0,0.0,64.0,56.0,11.0,1310.0,1.0,1655.0,1647.0,150.0,1703.0,1647.0,583.0,0.0,1277.0,787.0,0.9657091513786075,16.0,45135.55589044,5144.0
1789995586.9,30.0,2.0,62.0,56.0,11.0,1316.0,1.0,1655.0,1653.0,150.0,1709.0,1653.0,587.0,0.0,1283.0,793.0,0.9942897757751314,4.0,45631.261564492,5156.0
1789995592.1,31.0,2.0,60.0,57.0,11.0,1317.0,1.0,1655.0,1654.0,150.0,1711.0,1654.0,588.0,0.0,1283.0,794.0,0.9943881200157351,2.0,45924.547357276,5158.0
1789995597.3,30.0,4.0,57.0,59.0,11.0,1318.0,1.0,1655.0,1655.0,150.0,1714.0,1655.0,588.0,0.0,1283.0,795.0,0.9880949826556521,,46113.56523457,5160.0
1789995602.6,27.0,6.0,55.0,62.0,11.0,1318.0,1.0,1655.0,1655.0,150.0,1717.0,1655.0,588.0,0.0,1283.0,795.0,0.9873332618102493,,46113.56523457,5160.0
1789995607.9,23.0,10.0,52.0,65.0,11.0,1318.0,1.0,1655.0,1655.0,150.0,1720.0,1655.0,588.0,0.0,1283.0,795.0,0.9882451811322104,,46113.56523457,5160.0
1789995613.3,20.0,13.0,48.0,69.0,11.0,1318.0,1.0,1655.0,1655.0,150.0,1724.0,1655.0,588.0,0.0,1283.0,795.0,0.9894735901012052,,46113.56523457,5160.0
1789995618.9,18.0,15.0,41.0,76.0,11.0,1318.0,1.0,1655.0,1655.0,150.0,1731.0,1655.0,588.0,0.0,1283.0,795.0,0.9232213103029002,,46113.56523457,5160.0
1789995624.3,12.0,21.0,35.0,82.0,11.0,1318.0,1.0,1655.0,1655.0,150.0,1737.0,1655.0,588.0,0.0,1283.0,795.0,0.9247451990129815,,46113.56523457,5160.0
1789995629.9,10.0,23.0,31.0,86.0,11.0,1318.0,1.0,1655.0,1655.0,150.0,1741.0,1655.0,588.0,0.0,1283.0,795.0,0.8655477774201623,,46113.56523457,5160.0
1789995635.5,7.0,26.0,22.0,95.0,11.0,1318.0,1.0,1655.0,1655.0,150.0,1750.0,1655.0,588.0,0.0,1283.0,795.0,0.82803123770697,,46113.56523457,5160.0
1789995640.9,6.0,27.0,18.0,99.0,11.0,1318.0,1.0,1655.0,1655.0,150.0,1754.0,1655.0,588.0,0.0,1283.0,795.0,0.7976088938955048,,46113.56523457,5160.0
1789995646.2,4.0,29.0,16.0,101.0,11.0,1318.0,1.0,1655.0,1655.0,150.0,1756.0,1655.0,588.0,0.0,1283.0,795.0,0.7737152666022958,,46113.56523457,5160.0
1789995651.6,3.0,30.0,12.0,105.0,11.0,1318.0,1.0,1655.0,1655.0,150.0,1760.0,1655.0,588.0,0.0,1283.0,795.0,0.7305032543003255,,46113.56523457,5160.0
1789995656.9,3.0,30.0,9.0,108.0,11.0,1318.0,1.0,1655.0,1655.0,150.0,1763.0,1655.0,588.0,0.0,1283.0,795.0,0.6876662911704753,,35318.209432238,3832.0
1789995661.9,3.0,30.0,9.0,108.0,11.0,1318.0,1.0,1655.0,1655.0,150.0,1763.0,1655.0,588.0,0.0,1283.0,795.0,0.6885960912634553,,35318.209432238,3832.0
1789995667.0,2.0,31.0,9.0,108.0,11.0,1318.0,1.0,1655.0,1655.0,150.0,1764.0,1655.0,588.0,0.0,1283.0,795.0,0.6895348317419447,,35318.209432238,3832.0
1789995672.2,0.0,33.0,0.0,117.0,11.0,1318.0,1.0,1655.0,1655.0,150.0,1772.0,1655.0,588.0,0.0,1283.0,795.0,0.5128290061867468,,35318.209432238,3832.0
1789995677.1,0.0,33.0,0.0,117.0,11.0,1318.0,1.0,1655.0,1655.0,150.0,1772.0,1655.0,588.0,0.0,1283.0,795.0,0.5128290061867468,,35318.209432238,3832.0
1789995682.2,0.0,33.0,0.0,117.0,11.0,1318.0,1.0,1655.0,1655.0,150.0,1772.0,1655.0,588.0,0.0,1283.0,795.0,0.5128290061867468,,35318.209432238,3832.0
1789995687.1,0.0,33.0,0.0,117.0,11.0,1318.0,1.0,1655.0,1655.0,150.0,1772.0,1655.0,588.0,0.0,1283.0,795.0,0.5128290061867468,,35318.209432238,3832.0
1789995692.1,0.0,33.0,0.0,117.0,11.0,1318.0,1.0,1655.0,1655.0,150.0,1772.0,1655.0,588.0,0.0,1283.0,795.0,0.5128290061867468,,35318.209432238,3832.0
1789995697.1,0.0,33.0,0.0,117.0,11.0,1318.0,1.0,1655.0,1655.0,150.0,1772.0,1655.0,588.0,0.0,1283.0,795.0,0.5128290061867468,,35318.209432238,3832.0
1789995702.1,0.0,33.0,0.0,117.0,11.0,1318.0,1.0,1655.0,1655.0,150.0,1772.0,1655.0,588.0,0.0,1283.0,795.0,0.5128290061867468,,35318.209432238,3832.0
1789995707.1,0.0,33.0,0.0,117.0,11.0,1318.0,1.0,1655.0,1655.0,150.0,1772.0,1655.0,588.0,0.0,1283.0,795.0,0.5128290061867468,,35318.209432238,3832.0
1789995712.1,0.0,33.0,0.0,117.0,11.0,1318.0,1.0,1655.0,1655.0,150.0,1772.0,1655.0,588.0,0.0,1283.0,795.0,0.5128290061867468,,35318.209432238,3832.0
1789995717.0,0.0,33.0,0.0,117.0,11.0,1318.0,1.0,1655.0,1655.0,150.0,1772.0,1655.0,588.0,0.0,1283.0,795.0,0.5128290061867468,,35318.209432238,3832.0
1789995722.0,0.0,33.0,0.0,117.0,11.0,1318.0,1.0,1655.0,1655.0,150.0,1772.0,1655.0,588.0,0.0,1283.0,795.0,0.5128290061867468,,35318.209432238,3832.0
1789995727.0,0.0,33.0,0.0,117.0,11.0,1318.0,1.0,1655.0,1655.0,150.0,1772.0,1655.0,588.0,0.0,1283.0,795.0,0.5128290061867468,,35318.209432238,3832.0
1789995732.0,0.0,33.0,0.0,117.0,11.0,1318.0,1.0,1655.0,1655.0,150.0,1772.0,1655.0,588.0,0.0,1283.0,795.0,0.5128290061867468,,35318.209432238,3832.0
1789995737.0,0.0,33.0,0.0,117.0,11.0,1318.0,1.0,1655.0,1655.0,150.0,1772.0,1655.0,588.0,0.0,1283.0,795.0,0.5128290061867468,,35318.209432238,3832.0
1789995742.0,0.0,33.0,0.0,117.0,11.0,1318.0,1.0,1655.0,1655.0,150.0,1772.0,1655.0,588.0,0.0,1283.0,795.0,0.5128290061867468,,35318.209432238,3832.0
1789995747.0,0.0,33.0,0.0,117.0,11.0,1318.0,1.0,1655.0,1655.0,150.0,1772.0,1655.0,588.0,0.0,1283.0,795.0,0.5128290061867468,,35318.209432238,3832.0
1789995752.0,0.0,33.0,0.0,117.0,11.0,1318.0,1.0,1655.0,1655.0,150.0,1772.0,1655.0,588.0,0.0,1283.0,795.0,0.5128290061867468,,35318.209432238,3832.0
1789995757.1,0.0,33.0,0.0,117.0,11.0,1318.0,1.0,1655.0,1655.0,150.0,1772.0,1655.0,588.0,0.0,1283.0,795.0,0.5128290061867468,,35318.209432238,3832.0
1789995762.2,0.0,33.0,0.0,117.0,11.0,1318.0,1.0,1655.0,1655.0,150.0,1772.0,1655.0,588.0,0.0,1283.0,795.0,0.5128290061867468,,35318.209432238,3832.0
1789995767.2,0.0,33.0,0.0,117.0,11.0,1318.0,1.0,1655.0,1655.0,150.0,1772.0,1655.0,588.0,0.0,1283.0,795.0,0.5128290061867468,,35318.209432238,3832.0
1789995772.2,0.0,33.0,0.0,117.0,11.0,1318.0,1.0,1655.0,1655.0,150.0,1772.0,1655.0,588.0,0.0,1283.0,795.0,0.5128290061867468,,35318.209432238,3832.0
1789995777.2,0.0,33.0,0.0,117.0,11.0,1318.0,1.0,1655.0,1655.0,150.0,1772.0,1655.0,588.0,0.0,1283.0,795.0,0.5128290061867468,,35318.209432238,3832.0
1789995782.3,0.0,33.0,0.0,117.0,11.0,1318.0,1.0,1655.0,1655.0,150.0,1772.0,1655.0,588.0,0.0,1283.0,795.0,0.5128290061867468,,35318.209432238,3832.0
1789995787.3,0.0,33.0,0.0,117.0,11.0,1318.0,1.0,1655.0,1655.0,150.0,1772.0,1655.0,588.0,0.0,1283.0,795.0,0.5128290061867468,,35318.209432238,3832.0
1789995792.3,0.0,33.0,0.0,117.0,11.0,1318.0,1.0,1655.0,1655.0,150.0,1772.0,1655.0,588.0,0.0,1283.0,795.0,0.5128290061867468,,35318.209432238,3832.0
1789995797.3,0.0,33.0,0.0,117.0,11.0,1318.0,1.0,1655.0,1655.0,150.0,1772.0,1655.0,588.0,0.0,1283.0,795.0,0.5128290061867468,,35318.209432238,3832.0
1789995802.3,0.0,33.0,0.0,117.0,11.0,1318.0,1.0,1655.0,1655.0,150.0,1772.0,1655.0,588.0,0.0,1283.0,795.0,0.5128290061867468,,35318.209432238,3832.0
1789995807.4,0.0,33.0,0.0,117.0,11.0,1318.0,1.0,1655.0,1655.0,150.0,1772.0,1655.0,588.0,0.0,1283.0,795.0,0.5128290061867468,,35318.209432238,3832.0
1789995812.5,0.0,33.0,0.0,117.0,11.0,1318.0,1.0,1655.0,1655.0,150.0,1772.0,1655.0,588.0,0.0,1283.0,795.0,0.5128290061867468,,35318.209432238,3832.0
1789995817.5,0.0,33.0,0.0,117.0,11.0,1318.0,1.0,1655.0,1655.0,150.0,1772.0,1655.0,588.0,0.0,1283.0,795.0,0.5128290061867468,,35318.209432238,3832.0
1789995822.5,0.0,33.0,0.0,117.0,11.0,1318.0,1.0,1655.0,1655.0,150.0,1772.0,1655.0,588.0,0.0,1283.0,795.0,0.5128290061867468,,35318.209432238,3832.0
1789995827.5,0.0,33.0,0.0,117.0,11.0,1318.0,1.0,1655.0,1655.0,150.0,1772.0,1655.0,588.0,0.0,1283.0,795.0,0.5128290061867468,,35318.209432238,3832.0
1789995832.5,0.0,33.0,0.0,117.0,11.0,1318.0,1.0,1655.0,1655.0,150.0,1772.0,1655.0,588.0,0.0,1283.0,795.0,0.5128290061867468,,35318.209432238,3832.0
1789995837.5,0.0,33.0,0.0,117.0,11.0,1318.0,1.0,1655.0,1655.0,150.0,1772.0,1655.0,588.0,0.0,1283.0,795.0,0.5128290061867468,,35318.209432238,3832.0
1789995842.6,0.0,33.0,0.0,117.0,11.0,1318.0,1.0,1655.0,1655.0,150.0,1772.0,1655.0,588.0,0.0,1283.0,795.0,0.5128290061867468,,35318.209432238,3832.0
1789995847.5,0.0,33.0,0.0,117.0,11.0,1318.0,1.0,1655.0,1655.0,150.0,1772.0,1655.0,588.0,0.0,1283.0,795.0,0.5128290061867468,,35318.209432238,3832.0
1789995852.6,0.0,33.0,0.0,117.0,11.0,1318.0,1.0,1655.0,1655.0,150.0,1772.0,1655.0,588.0,0.0,1283.0,795.0,0.5128290061867468,,35318.209432238,3832.0
1789995857.6,0.0,33.0,0.0,117.0,11.0,1318.0,1.0,1655.0,1655.0,150.0,1772.0,1655.0,588.0,0.0,1283.0,795.0,0.5128290061867468,,35318.209432238,3832.0
1789995862.7,0.0,33.0,0.0,117.0,11.0,1318.0,1.0,1655.0,1655.0,150.0,1772.0,1655.0,588.0,0.0,1283.0,795.0,0.5128290061867468,,35318.209432238,3832.0
1789995867.8,0.0,33.0,0.0,117.0,11.0,1318.0,1.0,1655.0,1655.0,150.0,1772.0,1655.0,588.0,0.0,1283.0,795.0,0.5128290061867468,,35318.209432238,3832.0
1789995872.8,0.0,33.0,0.0,117.0,11.0,1318.0,1.0,1655.0,1655.0,150.0,1772.0,1655.0,588.0,0.0,1283.0,795.0,0.5128290061867468,,35318.209432238,3832.0
1789995877.9,0.0,33.0,0.0,117.0,11.0,1318.0,1.0,1655.0,1655.0,150.0,1772.0,1655.0,588.0,0.0,1283.0,795.0,0.5128290061867468,,35318.209432238,3832.0
1789995882.9,0.0,33.0,0.0,117.0,11.0,1318.0,1.0,1655.0,1655.0,150.0,1772.0,1655.0,588.0,0.0,1283.0,795.0,0.5128290061867468,,35318.209432238,3832.0
1789995887.9,0.0,33.0,0.0,117.0,11.0,1318.0,1.0,1655.0,1655.0,150.0,1772.0,1655.0,588.0,0.0,1283.0,795.0,0.5128290061867468,,35318.209432238,3832.0
1789995893.0,0.0,33.0,0.0,117.0,11.0,1318.0,1.0,1655.0,1655.0,150.0,1772.0,1655.0,588.0,0.0,1283.0,795.0,0.5128290061867468,,35318.209432238,3832.0
1789995898.0,0.0,33.0,0.0,117.0,11.0,1318.0,1.0,1655.0,1655.0,150.0,1772.0,1655.0,588.0,0.0,1283.0,795.0,0.5128290061867468,,35318.209432238,3832.0
1789995903.1,0.0,33.0,0.0,117.0,11.0,1318.0,1.0,1655.0,1655.0,150.0,1772.0,1655.0,588.0,0.0,1283.0,795.0,0.5128290061867468,,35318.209432238,3832.0
1789995908.1,0.0,33.0,0.0,117.0,11.0,1318.0,1.0,1655.0,1655.0,150.0,1772.0,1655.0,588.0,0.0,1283.0,795.0,0.5128290061867468,,35318.209432238,3832.0
1789995913.1,0.0,33.0,0.0,117.0,11.0,1318.0,1.0,1655.0,1655.0,150.0,1772.0,1655.0,588.0,0.0,1283.0,795.0,0.5128290061867468,,35318.209432238,3832.0
1789995918.1,0.0,33.0,0.0,117.0,11.0,1318.0,1.0,1655.0,1655.0,150.0,1772.0,1655.0,588.0,0.0,1283.0,795.0,0.5128290061867468,,35318.209432238,3832.0
1789995923.2,0.0,33.0,0.0,117.0,11.0,1318.0,1.0,1655.0,1655.0,150.0,1772.0,1655.0,588.0,0.0,1283.0,795.0,0.5128290061867468,,35318.209432238,3832.0
1789995928.2,0.0,33.0,0.0,117.0,11.0,1318.0,1.0,1655.0,1655.0,150.0,1772.0,1655.0,588.0,0.0,1283.0,795.0,0.5128290061867468,,35318.209432238,3832.0
1789995933.3,0.0,33.0,0.0,117.0,11.0,1318.0,1.0,1655.0,1655.0,150.0,1772.0,1655.0,588.0,0.0,1283.0,795.0,0.5128290061867468,,35318.209432238,3832.0
1789995938.5,0.0,33.0,0.0,117.0,11.0,1318.0,1.0,1655.0,1655.0,150.0,1772.0,1655.0,588.0,0.0,1283.0,795.0,0.5128290061867468,,35318.209432238,3832.0
1789995943.5,0.0,33.0,0.0,117.0,11.0,1318.0,1.0,1655.0,1655.0,150.0,1772.0,1655.0,588.0,0.0,1283.0,795.0,0.5128290061867468,,35318.209432238,3832.0
1789995948.6,0.0,33.0,0.0,117.0,11.0,1318.0,1.0,1655.0,1655.0,150.0,1772.0,1655.0,588.0,0.0,1283.0,795.0,0.5128290061867468,,35318.209432238,3832.0
1789995953.8,0.0,33.0,0.0,117.0,11.0,1318.0,1.0,1655.0,1655.0,150.0,1772.0,1655.0,588.0,0.0,1283.0,795.0,0.5128290061867468,,35318.209432238,3832.0
1789995958.8,0.0,33.0,0.0,117.0,11.0,1318.0,1.0,1655.0,1655.0,150.0,1772.0,1655.0,588.0,0.0,1283.0,795.0,0.5128290061867468,,,
1789995963.3,0.0,33.0,0.0,117.0,11.0,1318.0,1.0,1655.0,1655.0,150.0,1772.0,1655.0,588.0,0.0,1283.0,795.0,0.5128290061867468,,,
1789995967.8,0.0,33.0,0.0,117.0,11.0,1318.0,1.0,1655.0,1655.0,150.0,1772.0,1655.0,588.0,0.0,1283.0,795.0,0.5128290061867468,,,
1789995972.3,0.0,33.0,0.0,117.0,11.0,1318.0,1.0,1655.0,1655.0,150.0,1772.0,1655.0,588.0,0.0,1283.0,795.0,0.5128290061867468,,,
1789995976.8,0.0,33.0,0.0,117.0,11.0,1318.0,1.0,1655.0,1655.0,150.0,1772.0,1655.0,588.0,0.0,1283.0,795.0,0.5128290061867468,,,
1789995981.4,0.0,33.0,0.0,117.0,11.0,1318.0,1.0,1655.0,1655.0,150.0,1772.0,1655.0,588.0,0.0,1283.0,795.0,0.5128290061867468,,,
1789995985.8,0.0,33.0,0.0,117.0,11.0,1318.0,1.0,1655.0,1655.0,150.0,1772.0,1655.0,588.0,0.0,1283.0,795.0,0.5128290061867468,,,
1789995990.3,0.0,33.0,0.0,117.0,11.0,1318.0,1.0,1655.0,1655.0,150.0,1772.0,1655.0,588.0,0.0,1283.0,795.0,0.5128290061867468,,,
1789995994.9,0.0,33.0,0.0,117.0,11.0,1318.0,1.0,1655.0,1655.0,150.0,1772.0,1655.0,588.0,0.0,1283.0,795.0,0.5128290061867468,,,
1789995999.5,0.0,33.0,0.0,117.0,11.0,1318.0,1.0,1655.0,1655.0,150.0,1772.0,1655.0,588.0,0.0,1283.0,795.0,0.5128290061867468,,,
1789996004.3,0.0,33.0,0.0,117.0,11.0,1318.0,1.0,1655.0,1655.0,150.0,1772.0,1655.0,588.0,0.0,1283.0,795.0,0.5128290061867468,,,
1789996008.8,0.0,33.0,0.0,117.0,11.0,1318.0,1.0,1655.0,1655.0,150.0,1772.0,1655.0,588.0,0.0,1283.0,795.0,0.5128290061867468,,,
1789996013.4,0.0,33.0,0.0,117.0,11.0,1318.0,1.0,1655.0,1655.0,150.0,1772.0,1655.0,588.0,0.0,1283.0,795.0,0.5128290061867468,,,
1789996018.1,0.0,33.0,0.0,117.0,11.0,1318.0,1.0,1655.0,1655.0,150.0,1772.0,1655.0,588.0,0.0,1283.0,795.0,0.5128290061867468,,,
1789996022.7,0.0,33.0,0.0,117.0,11.0,1318.0,1.0,1655.0,1655.0,150.0,1772.0,1655.0,588.0,0.0,1283.0,795.0,0.5128290061867468,,,
1789996027.3,0.0,33.0,0.0,117.0,11.0,1318.0,1.0,1655.0,1655.0,150.0,1772.0,1655.0,588.0,0.0,1283.0,795.0,0.5128290061867468,,,
1789996031.9,0.0,33.0,0.0,117.0,11.0,1318.0,1.0,1655.0,1655.0,150.0,1772.0,1655.0,588.0,0.0,1283.0,795.0,0.5128290061867468,,,
1789996036.4,0.0,33.0,0.0,117.0,11.0,1318.0,1.0,1655.0,1655.0,150.0,1772.0,1655.0,588.0,0.0,1283.0,795.0,0.5128290061867468,,,
1789996041.0,0.0,33.0,0.0,117.0,11.0,1318.0,1.0,1655.0,1655.0,150.0,1772.0,1655.0,588.0,0.0,1283.0,795.0,0.5128290061867468,,,
1789996045.4,0.0,33.0,0.0,117.0,11.0,1318.0,1.0,1655.0,1655.0,150.0,1772.0,1655.0,588.0,0.0,1283.0,795.0,0.5128290061867468,,,
1789996049.9,0.0,33.0,0.0,117.0,11.0,1318.0,1.0,1655.0,1655.0,150.0,1772.0,1655.0,588.0,0.0,1283.0,795.0,0.5128290061867468,,,
1789996054.4,0.0,33.0,0.0,117.0,11.0,1318.0,1.0,1655.0,1655.0,150.0,1772.0,1655.0,588.0,0.0,1283.0,795.0,0.5128290061867468,,,
1789996058.9,0.0,33.0,0.0,117.0,11.0,1318.0,1.0,1655.0,1655.0,150.0,1772.0,1655.0,588.0,0.0,1283.0,795.0,0.5128290061867468,,,
1789996063.4,0.0,33.0,0.0,117.0,11.0,1318.0,1.0,1655.0,1655.0,150.0,1772.0,1655.0,588.0,0.0,1283.0,795.0,0.5128290061867468,,,
1789996067.9,0.0,33.0,0.0,117.0,11.0,1318.0,1.0,1655.0,1655.0,150.0,1772.0,1655.0,588.0,0.0,1283.0,795.0,0.5128290061867468,,,
1789996072.4,0.0,33.0,0.0,117.0,11.0,1318.0,1.0,1655.0,1655.0,150.0,1772.0,1655.0,588.0,0.0,1283.0,795.0,0.5128290061867468,,,
1789996076.9,0.0,33.0,0.0,117.0,11.0,1318.0,1.0,1655.0,1655.0,150.0,1772.0,1655.0,588.0,0.0,1283.0,795.0,0.5128290061867468,,,
1789996081.3,0.0,33.0,0.0,117.0,11.0,1318.0,1.0,1655.0,1655.0,150.0,1772.0,1655.0,588.0,0.0,1283.0,795.0,0.5128290061867468,,,
1789996085.8,0.0,33.0,0.0,117.0,11.0,1318.0,1.0,1655.0,1655.0,150.0,1772.0,1655.0,588.0,0.0,1283.0,795.0,0.5128290061867468,,,
1789996090.3,0.0,33.0,0.0,117.0,11.0,1318.0,1.0,1655.0,1655.0,150.0,1772.0,1655.0,588.0,0.0,1283.0,795.0,0.5128290061867468,,,
1789996094.8,0.0,33.0,0.0,117.0,11.0,1318.0,1.0,1655.0,1655.0,150.0,1772.0,1655.0,588.0,0.0,1283.0,795.0,0.5128290061867468,,,
1789996099.3,0.0,33.0,0.0,117.0,11.0,1318.0,1.0,1655.0,1655.0,150.0,1772.0,1655.0,588.0,0.0,1283.0,795.0,0.5128290061867468,,,
1789996103.7,0.0,33.0,0.0,117.0,11.0,1318.0,1.0,1655.0,1655.0,150.0,1772.0,1655.0,588.0,0.0,1283.0,795.0,0.5128290061867468,,,
1789996108.2,0.0,33.0,0.0,117.0,11.0,1318.0,1.0,1655.0,1655.0,150.0,1772.0,1655.0,588.0,0.0,1283.0,795.0,0.5128290061867468,,,
1789996112.6,0.0,33.0,0.0,117.0,11.0,1318.0,1.0,1655.0,1655.0,150.0,1772.0,1655.0,588.0,0.0,1283.0,795.0,0.5128290061867468,,,
1789996117.2,0.0,33.0,0.0,117.0,11.0,1318.0,1.0,1655.0,1655.0,150.0,1772.0,1655.0,588.0,0.0,1283.0,795.0,0.5128290061867468,,,
1789996121.6,0.0,33.0,0.0,117.0,11.0,1318.0,1.0,1655.0,1655.0,150.0,1772.0,1655.0,588.0,0.0,1283.0,795.0,0.5128290061867468,,,
1789996126.1,0.0,33.0,0.0,117.0,11.0,1318.0,1.0,1655.0,1655.0,150.0,1772.0,1655.0,588.0,0.0,1283.0,795.0,0.5128290061867468,,,
1789996130.7,0.0,33.0,0.0,117.0,11.0,1318.0,1.0,1655.0,1655.0,150.0,1772.0,1655.0,588.0,0.0,1283.0,795.0,0.5128290061867468,,,
1789996135.2,0.0,33.0,0.0,117.0,11.0,1318.0,1.0,1655.0,1655.0,150.0,1772.0,1655.0,588.0,0.0,1283.0,795.0,0.5128290061867468,,,
1789996139.7,0.0,33.0,0.0,117.0,11.0,1318.0,1.0,1655.0,1655.0,150.0,1772.0,1655.0,588.0,0.0,1283.0,795.0,0.5128290061867468,,,
1789996144.3,0.0,33.0,0.0,117.0,11.0,1318.0,1.0,1655.0,1655.0,150.0,1772.0,1655.0,588.0,0.0,1283.0,795.0,0.5128290061867468,,,
1789996148.7,0.0,33.0,0.0,117.0,11.0,1318.0,1.0,1655.0,1655.0,150.0,1772.0,1655.0,588.0,0.0,1283.0,795.0,0.5128290061867468,,,
1789996153.2,0.0,33.0,0.0,117.0,11.0,1318.0,1.0,1655.0,1655.0,150.0,1772.0,1655.0,588.0,0.0,1283.0,795.0,0.5128290061867468,,,
1789996157.7,0.0,33.0,0.0,117.0,11.0,1318.0,1.0,1655.0,1655.0,150.0,1772.0,1655.0,588.0,0.0,1283.0,795.0,0.5128290061867468,,,
1789996162.2,0.0,33.0,0.0,117.0,11.0,1318.0,1.0,1655.0,1655.0,150.0,1772.0,1655.0,588.0,0.0,1283.0,795.0,0.5128290061867468,,,
1789996166.7,0.0,33.0,0.0,117.0,11.0,1318.0,1.0,1655.0,1655.0,150.0,1772.0,1655.0,588.0,0.0,1283.0,795.0,0.5128290061867468,,,
1789996171.2,0.0,33.0,0.0,117.0,11.0,1318.0,1.0,1655.0,1655.0,150.0,1772.0,1655.0,588.0,0.0,1283.0,795.0,0.5128290061867468,,,
1789996175.6,0.0,33.0,0.0,117.0,11.0,1318.0,1.0,1655.0,1655.0,150.0,1772.0,1655.0,588.0,0.0,1283.0,795.0,0.5128290061867468,,,
1789996180.1,0.0,33.0,0.0,117.0,11.0,1318.0,1.0,1655.0,1655.0,150.0,1772.0,1655.0,588.0,0.0,1283.0,795.0,0.5128290061867468,,,
1789996184.6,0.0,33.0,0.0,117.0,11.0,1318.0,1.0,1655.0,1655.0,150.0,1772.0,1655.0,588.0,0.0,1283.0,795.0,0.5128290061867468,,,
1789996189.1,0.0,33.0,0.0,117.0,11.0,1318.0,1.0,1655.0,1655.0,150.0,1772.0,1655.0,588.0,0.0,1283.0,795.0,0.5128290061867468,,,
1789996193.6,0.0,33.0,0.0,117.0,11.0,1318.0,1.0,1655.0,1655.0,150.0,1772.0,1655.0,588.0,0.0,1283.0,795.0,0.5128290061867468,,,
1789996198.0,0.0,33.0,0.0,117.0,11.0,1318.0,1.0,1655.0,1655.0,150.0,1772.0,1655.0,588.0,0.0,1283.0,795.0,0.5128290061867468,,,
1789996202.5,0.0,33.0,0.0,117.0,11.0,1318.0,1.0,1655.0,1655.0,150.0,1772.0,1655.0,588.0,0.0,1283.0,795.0,0.5128290061867468,,,
1789996207.1,0.0,33.0,0.0,117.0,11.0,1318.0,1.0,1655.0,1655.0,150.0,1772.0,1655.0,588.0,0.0,1283.0,795.0,0.5128290061867468,,,
1789996211.5,0.0,33.0,0.0,117.0,11.0,1318.0,1.0,1655.0,1655.0,150.0,1772.0,1655.0,588.0,0.0,1283.0,795.0,0.5128290061867468,,,
1789996216.0,0.0,33.0,0.0,117.0,11.0,1318.0,1.0,1655.0,1655.0,150.0,1772.0,1655.0,588.0,0.0,1283.0,795.0,0.5128290061867468,,,
1789996220.5,0.0,33.0,0.0,117.0,11.0,1318.0,1.0,1655.0,1655.0,150.0,1772.0,1655.0,588.0,0.0,1283.0,795.0,0.5128290061867468,,,
1789996225.0,0.0,33.0,0.0,117.0,11.0,1318.0,1.0,1655.0,1655.0,150.0,1772.0,1655.0,588.0,0.0,1283.0,795.0,0.5128290061867468,,,
1789996229.6,0.0,33.0,0.0,117.0,11.0,1318.0,1.0,1655.0,1655.0,150.0,1772.0,1655.0,588.0,0.0,1283.0,795.0,0.5128290061867468,,,
1789996234.1,0.0,33.0,0.0,117.0,11.0,1318.0,1.0,1655.0,1655.0,150.0,1772.0,1655.0,588.0,0.0,1283.0,795.0,0.5128290061867468,,,
1789996238.6,0.0,33.0,0.0,117.0,11.0,1318.0,1.0,1655.0,1655.0,150.0,1772.0,1655.0,588.0,0.0,1283.0,795.0,0.5128290061867468,,,
1789996243.1,0.0,33.0,0.0,117.0,11.0,1318.0,1.0,1655.0,1655.0,150.0,1772.0,1655.0,588.0,0.0,1283.0,795.0,0.5128290061867468,,,
1789996247.8,0.0,33.0,0.0,117.0,11.0,1318.0,1.0,1655.0,1655.0,150.0,1772.0,1655.0,588.0,0.0,1283.0,795.0,0.5128290061867468,,,
1789996252.3,0.0,33.0,0.0,117.0,11.0,1318.0,1.0,1655.0,1655.0,150.0,1772.0,1655.0,588.0,0.0,1283.0,795.0,0.5128290061867468,,,
1789996254.8,0.0,33.0,0.0,117.0,11.0,1318.0,1.0,1655.0,1655.0,150.0,1772.0,1655.0,588.0,0.0,1283.0,795.0,0.5128290061867468,,,
