1789733372,program-aware-scheduling-epp-7b85c4c5fc-b9srx,677m,41Mi
1789733372,program-aware-vllm-decode-9c9b54cb6-f9qsh,125m,23656Mi
1789733372,program-aware-vllm-decode-9c9b54cb6-gkzmr,116m,23528Mi
1789733372,program-aware-vllm-decode-9c9b54cb6-kccxc,40m,23782Mi
1789733372,program-aware-vllm-decode-9c9b54cb6-mngw2,117m,23601Mi
1789733404,program-aware-scheduling-epp-7b85c4c5fc-b9srx,584m,45Mi
1789733404,program-aware-vllm-decode-9c9b54cb6-f9qsh,185m,23656Mi
1789733404,program-aware-vllm-decode-9c9b54cb6-gkzmr,189m,23528Mi
1789733404,program-aware-vllm-decode-9c9b54cb6-kccxc,109m,23782Mi
1789733404,program-aware-vllm-decode-9c9b54cb6-mngw2,187m,23601Mi
1789733404,weka-bench-epp-thunder-r2-hqcmn,1163m,370Mi
1789733436,program-aware-scheduling-epp-7b85c4c5fc-b9srx,554m,44Mi
1789733436,program-aware-vllm-decode-9c9b54cb6-f9qsh,190m,23656Mi
1789733436,program-aware-vllm-decode-9c9b54cb6-gkzmr,190m,23529Mi
1789733436,program-aware-vllm-decode-9c9b54cb6-kccxc,108m,23782Mi
1789733436,program-aware-vllm-decode-9c9b54cb6-mngw2,219m,23601Mi
1789733436,weka-bench-epp-thunder-r2-hqcmn,5137m,4620Mi
1789733468,program-aware-scheduling-epp-7b85c4c5fc-b9srx,561m,75Mi
1789733468,program-aware-vllm-decode-9c9b54cb6-f9qsh,192m,23656Mi
1789733468,program-aware-vllm-decode-9c9b54cb6-gkzmr,191m,23530Mi
1789733468,program-aware-vllm-decode-9c9b54cb6-kccxc,110m,23783Mi
1789733468,program-aware-vllm-decode-9c9b54cb6-mngw2,219m,23601Mi
1789733468,weka-bench-epp-thunder-r2-hqcmn,7595m,3080Mi
1789733499,program-aware-scheduling-epp-7b85c4c5fc-b9srx,921m,423Mi
1789733499,program-aware-vllm-decode-9c9b54cb6-f9qsh,3063m,23601Mi
1789733499,program-aware-vllm-decode-9c9b54cb6-gkzmr,3106m,23530Mi
1789733499,program-aware-vllm-decode-9c9b54cb6-kccxc,3051m,23639Mi
1789733499,program-aware-vllm-decode-9c9b54cb6-mngw2,2927m,23454Mi
1789733499,weka-bench-epp-thunder-r2-hqcmn,11973m,8316Mi
1789733531,program-aware-scheduling-epp-7b85c4c5fc-b9srx,973m,727Mi
1789733531,program-aware-vllm-decode-9c9b54cb6-f9qsh,3207m,23624Mi
1789733531,program-aware-vllm-decode-9c9b54cb6-gkzmr,3132m,23507Mi
1789733531,program-aware-vllm-decode-9c9b54cb6-kccxc,3059m,23690Mi
1789733531,program-aware-vllm-decode-9c9b54cb6-mngw2,3234m,23505Mi
1789733531,weka-bench-epp-thunder-r2-hqcmn,2184m,8400Mi
1789733563,program-aware-scheduling-epp-7b85c4c5fc-b9srx,1235m,729Mi
1789733563,program-aware-vllm-decode-9c9b54cb6-f9qsh,2998m,23637Mi
1789733563,program-aware-vllm-decode-9c9b54cb6-gkzmr,2769m,23507Mi
1789733563,program-aware-vllm-decode-9c9b54cb6-kccxc,2877m,23689Mi
1789733563,program-aware-vllm-decode-9c9b54cb6-mngw2,3008m,23508Mi
1789733563,weka-bench-epp-thunder-r2-hqcmn,2247m,8455Mi
1789733595,program-aware-scheduling-epp-7b85c4c5fc-b9srx,1230m,749Mi
1789733595,program-aware-vllm-decode-9c9b54cb6-f9qsh,3001m,23633Mi
1789733595,program-aware-vllm-decode-9c9b54cb6-gkzmr,2827m,23508Mi
1789733595,program-aware-vllm-decode-9c9b54cb6-kccxc,2940m,23686Mi
1789733595,program-aware-vllm-decode-9c9b54cb6-mngw2,3010m,23508Mi
1789733595,weka-bench-epp-thunder-r2-hqcmn,2267m,8501Mi
1789733626,program-aware-scheduling-epp-7b85c4c5fc-b9srx,1396m,752Mi
1789733626,program-aware-vllm-decode-9c9b54cb6-f9qsh,3011m,23634Mi
1789733626,program-aware-vllm-decode-9c9b54cb6-gkzmr,2885m,23505Mi
1789733626,program-aware-vllm-decode-9c9b54cb6-kccxc,2442m,23684Mi
1789733626,program-aware-vllm-decode-9c9b54cb6-mngw2,3100m,23504Mi
1789733626,weka-bench-epp-thunder-r2-hqcmn,2307m,8582Mi
1789733658,program-aware-scheduling-epp-7b85c4c5fc-b9srx,1401m,760Mi
1789733658,program-aware-vllm-decode-9c9b54cb6-f9qsh,3051m,23629Mi
1789733658,program-aware-vllm-decode-9c9b54cb6-gkzmr,2716m,23504Mi
1789733658,program-aware-vllm-decode-9c9b54cb6-kccxc,2602m,23681Mi
1789733658,program-aware-vllm-decode-9c9b54cb6-mngw2,2930m,23505Mi
1789733658,weka-bench-epp-thunder-r2-hqcmn,2342m,8626Mi
1789733690,program-aware-scheduling-epp-7b85c4c5fc-b9srx,1343m,778Mi
1789733690,program-aware-vllm-decode-9c9b54cb6-f9qsh,3054m,23560Mi
1789733690,program-aware-vllm-decode-9c9b54cb6-gkzmr,2903m,23506Mi
1789733690,program-aware-vllm-decode-9c9b54cb6-kccxc,2672m,23679Mi
1789733690,program-aware-vllm-decode-9c9b54cb6-mngw2,2851m,23505Mi
1789733690,weka-bench-epp-thunder-r2-hqcmn,2325m,8696Mi
1789733722,program-aware-scheduling-epp-7b85c4c5fc-b9srx,1433m,781Mi
1789733722,program-aware-vllm-decode-9c9b54cb6-f9qsh,2812m,23559Mi
1789733722,program-aware-vllm-decode-9c9b54cb6-gkzmr,2851m,23506Mi
1789733722,program-aware-vllm-decode-9c9b54cb6-kccxc,2916m,23678Mi
1789733722,program-aware-vllm-decode-9c9b54cb6-mngw2,2786m,23505Mi
1789733722,weka-bench-epp-thunder-r2-hqcmn,2381m,8772Mi
1789733754,program-aware-scheduling-epp-7b85c4c5fc-b9srx,1318m,799Mi
1789733754,program-aware-vllm-decode-9c9b54cb6-f9qsh,2874m,23558Mi
1789733754,program-aware-vllm-decode-9c9b54cb6-gkzmr,2834m,23503Mi
1789733754,program-aware-vllm-decode-9c9b54cb6-kccxc,2996m,23678Mi
1789733754,program-aware-vllm-decode-9c9b54cb6-mngw2,3001m,23504Mi
1789733754,weka-bench-epp-thunder-r2-hqcmn,2332m,8840Mi
1789733785,program-aware-scheduling-epp-7b85c4c5fc-b9srx,1383m,819Mi
1789733785,program-aware-vllm-decode-9c9b54cb6-f9qsh,2728m,23556Mi
1789733785,program-aware-vllm-decode-9c9b54cb6-gkzmr,2763m,23504Mi
1789733785,program-aware-vllm-decode-9c9b54cb6-kccxc,2833m,23678Mi
1789733785,program-aware-vllm-decode-9c9b54cb6-mngw2,2798m,23504Mi
1789733785,weka-bench-epp-thunder-r2-hqcmn,2369m,8924Mi
1789733817,program-aware-scheduling-epp-7b85c4c5fc-b9srx,1328m,831Mi
1789733817,program-aware-vllm-decode-9c9b54cb6-f9qsh,2818m,23557Mi
1789733817,program-aware-vllm-decode-9c9b54cb6-gkzmr,2844m,23504Mi
1789733817,program-aware-vllm-decode-9c9b54cb6-kccxc,2902m,23677Mi
1789733817,program-aware-vllm-decode-9c9b54cb6-mngw2,2938m,23504Mi
1789733817,weka-bench-epp-thunder-r2-hqcmn,2336m,8949Mi
1789733849,program-aware-scheduling-epp-7b85c4c5fc-b9srx,1442m,838Mi
1789733849,program-aware-vllm-decode-9c9b54cb6-f9qsh,2518m,23557Mi
1789733849,program-aware-vllm-decode-9c9b54cb6-gkzmr,2848m,23505Mi
1789733849,program-aware-vllm-decode-9c9b54cb6-kccxc,2908m,23677Mi
1789733849,program-aware-vllm-decode-9c9b54cb6-mngw2,2519m,23505Mi
1789733849,weka-bench-epp-thunder-r2-hqcmn,2334m,9064Mi
1789733881,program-aware-scheduling-epp-7b85c4c5fc-b9srx,1487m,849Mi
1789733881,program-aware-vllm-decode-9c9b54cb6-f9qsh,2819m,23556Mi
1789733881,program-aware-vllm-decode-9c9b54cb6-gkzmr,2669m,23504Mi
1789733881,program-aware-vllm-decode-9c9b54cb6-kccxc,2656m,23678Mi
1789733881,program-aware-vllm-decode-9c9b54cb6-mngw2,2652m,23505Mi
1789733881,weka-bench-epp-thunder-r2-hqcmn,2438m,9129Mi
1789733913,program-aware-scheduling-epp-7b85c4c5fc-b9srx,1424m,853Mi
1789733913,program-aware-vllm-decode-9c9b54cb6-f9qsh,2678m,23557Mi
1789733913,program-aware-vllm-decode-9c9b54cb6-gkzmr,2401m,23505Mi
1789733913,program-aware-vllm-decode-9c9b54cb6-kccxc,2807m,23677Mi
1789733913,program-aware-vllm-decode-9c9b54cb6-mngw2,2921m,23504Mi
1789733913,weka-bench-epp-thunder-r2-hqcmn,2433m,9193Mi
1789733944,program-aware-scheduling-epp-7b85c4c5fc-b9srx,1468m,869Mi
1789733944,program-aware-vllm-decode-9c9b54cb6-f9qsh,2762m,23559Mi
1789733944,program-aware-vllm-decode-9c9b54cb6-gkzmr,2525m,23506Mi
1789733944,program-aware-vllm-decode-9c9b54cb6-kccxc,2491m,23676Mi
1789733944,program-aware-vllm-decode-9c9b54cb6-mngw2,2654m,23504Mi
1789733944,weka-bench-epp-thunder-r2-hqcmn,2440m,9228Mi
1789733976,program-aware-scheduling-epp-7b85c4c5fc-b9srx,1330m,878Mi
1789733976,program-aware-vllm-decode-9c9b54cb6-f9qsh,2723m,23558Mi
1789733976,program-aware-vllm-decode-9c9b54cb6-gkzmr,2862m,23506Mi
1789733976,program-aware-vllm-decode-9c9b54cb6-kccxc,2664m,23676Mi
1789733976,program-aware-vllm-decode-9c9b54cb6-mngw2,2806m,23505Mi
1789733976,weka-bench-epp-thunder-r2-hqcmn,2469m,9326Mi
1789734008,program-aware-scheduling-epp-7b85c4c5fc-b9srx,1320m,881Mi
1789734008,program-aware-vllm-decode-9c9b54cb6-f9qsh,2700m,23559Mi
1789734008,program-aware-vllm-decode-9c9b54cb6-gkzmr,2968m,23505Mi
1789734008,program-aware-vllm-decode-9c9b54cb6-kccxc,2873m,23676Mi
1789734008,program-aware-vllm-decode-9c9b54cb6-mngw2,2707m,23451Mi
1789734008,weka-bench-epp-thunder-r2-hqcmn,2391m,9373Mi
1789734040,program-aware-scheduling-epp-7b85c4c5fc-b9srx,1337m,919Mi
1789734040,program-aware-vllm-decode-9c9b54cb6-f9qsh,2744m,23557Mi
1789734040,program-aware-vllm-decode-9c9b54cb6-gkzmr,2785m,23504Mi
1789734040,program-aware-vllm-decode-9c9b54cb6-kccxc,2861m,23677Mi
1789734040,program-aware-vllm-decode-9c9b54cb6-mngw2,3025m,23452Mi
1789734040,weka-bench-epp-thunder-r2-hqcmn,2442m,9522Mi
1789734072,program-aware-scheduling-epp-7b85c4c5fc-b9srx,1449m,922Mi
1789734072,program-aware-vllm-decode-9c9b54cb6-f9qsh,2654m,23557Mi
1789734072,program-aware-vllm-decode-9c9b54cb6-gkzmr,2494m,23499Mi
1789734072,program-aware-vllm-decode-9c9b54cb6-kccxc,2612m,23676Mi
1789734072,program-aware-vllm-decode-9c9b54cb6-mngw2,2949m,23451Mi
1789734072,weka-bench-epp-thunder-r2-hqcmn,2463m,9584Mi
1789734104,program-aware-scheduling-epp-7b85c4c5fc-b9srx,1536m,923Mi
1789734104,program-aware-vllm-decode-9c9b54cb6-f9qsh,2609m,23555Mi
1789734104,program-aware-vllm-decode-9c9b54cb6-gkzmr,2840m,23499Mi
1789734104,program-aware-vllm-decode-9c9b54cb6-kccxc,2493m,23676Mi
1789734104,program-aware-vllm-decode-9c9b54cb6-mngw2,2716m,23451Mi
1789734104,weka-bench-epp-thunder-r2-hqcmn,2472m,9655Mi
1789734135,program-aware-scheduling-epp-7b85c4c5fc-b9srx,1493m,923Mi
1789734135,program-aware-vllm-decode-9c9b54cb6-f9qsh,2859m,23554Mi
1789734135,program-aware-vllm-decode-9c9b54cb6-gkzmr,2559m,23498Mi
1789734135,program-aware-vllm-decode-9c9b54cb6-kccxc,2523m,23676Mi
1789734135,program-aware-vllm-decode-9c9b54cb6-mngw2,2736m,23450Mi
1789734135,weka-bench-epp-thunder-r2-hqcmn,2515m,9697Mi
1789734167,program-aware-scheduling-epp-7b85c4c5fc-b9srx,1406m,930Mi
1789734167,program-aware-vllm-decode-9c9b54cb6-f9qsh,2480m,23555Mi
1789734167,program-aware-vllm-decode-9c9b54cb6-gkzmr,2997m,23499Mi
1789734167,program-aware-vllm-decode-9c9b54cb6-kccxc,2687m,23677Mi
1789734167,program-aware-vllm-decode-9c9b54cb6-mngw2,2648m,23451Mi
1789734167,weka-bench-epp-thunder-r2-hqcmn,2552m,9779Mi
1789734199,program-aware-scheduling-epp-7b85c4c5fc-b9srx,1327m,939Mi
1789734199,program-aware-vllm-decode-9c9b54cb6-f9qsh,2723m,23555Mi
1789734199,program-aware-vllm-decode-9c9b54cb6-gkzmr,2857m,23499Mi
1789734199,program-aware-vllm-decode-9c9b54cb6-kccxc,2667m,23676Mi
1789734199,program-aware-vllm-decode-9c9b54cb6-mngw2,2863m,23452Mi
1789734199,weka-bench-epp-thunder-r2-hqcmn,2434m,9863Mi
1789734231,program-aware-scheduling-epp-7b85c4c5fc-b9srx,1378m,954Mi
1789734231,program-aware-vllm-decode-9c9b54cb6-f9qsh,2817m,23494Mi
1789734231,program-aware-vllm-decode-9c9b54cb6-gkzmr,2908m,23500Mi
1789734231,program-aware-vllm-decode-9c9b54cb6-kccxc,2515m,23676Mi
1789734231,program-aware-vllm-decode-9c9b54cb6-mngw2,2778m,23451Mi
1789734231,weka-bench-epp-thunder-r2-hqcmn,2428m,9928Mi
1789734262,program-aware-scheduling-epp-7b85c4c5fc-b9srx,1403m,954Mi
1789734262,program-aware-vllm-decode-9c9b54cb6-f9qsh,2726m,23495Mi
1789734262,program-aware-vllm-decode-9c9b54cb6-gkzmr,2853m,23500Mi
1789734262,program-aware-vllm-decode-9c9b54cb6-kccxc,2682m,23676Mi
1789734262,program-aware-vllm-decode-9c9b54cb6-mngw2,2791m,23451Mi
1789734262,weka-bench-epp-thunder-r2-hqcmn,2422m,9974Mi
1789734294,program-aware-scheduling-epp-7b85c4c5fc-b9srx,1400m,954Mi
1789734294,program-aware-vllm-decode-9c9b54cb6-f9qsh,2617m,23495Mi
1789734294,program-aware-vllm-decode-9c9b54cb6-gkzmr,2984m,23501Mi
1789734294,program-aware-vllm-decode-9c9b54cb6-kccxc,2409m,23677Mi
1789734294,program-aware-vllm-decode-9c9b54cb6-mngw2,2683m,23451Mi
1789734294,weka-bench-epp-thunder-r2-hqcmn,2541m,10036Mi
1789734326,program-aware-scheduling-epp-7b85c4c5fc-b9srx,1395m,955Mi
1789734326,program-aware-vllm-decode-9c9b54cb6-f9qsh,2579m,23495Mi
1789734326,program-aware-vllm-decode-9c9b54cb6-gkzmr,2525m,23501Mi
1789734326,program-aware-vllm-decode-9c9b54cb6-kccxc,2516m,23676Mi
1789734326,program-aware-vllm-decode-9c9b54cb6-mngw2,3146m,23451Mi
1789734326,weka-bench-epp-thunder-r2-hqcmn,2455m,10082Mi
1789734358,program-aware-scheduling-epp-7b85c4c5fc-b9srx,1403m,958Mi
1789734358,program-aware-vllm-decode-9c9b54cb6-f9qsh,2620m,23494Mi
1789734358,program-aware-vllm-decode-9c9b54cb6-gkzmr,2435m,23501Mi
1789734358,program-aware-vllm-decode-9c9b54cb6-kccxc,2611m,23676Mi
1789734358,program-aware-vllm-decode-9c9b54cb6-mngw2,2599m,23451Mi
1789734358,weka-bench-epp-thunder-r2-hqcmn,2437m,10202Mi
1789734390,program-aware-scheduling-epp-7b85c4c5fc-b9srx,1657m,972Mi
1789734390,program-aware-vllm-decode-9c9b54cb6-f9qsh,2705m,23494Mi
1789734390,program-aware-vllm-decode-9c9b54cb6-gkzmr,2705m,23499Mi
1789734390,program-aware-vllm-decode-9c9b54cb6-kccxc,2165m,23676Mi
1789734390,program-aware-vllm-decode-9c9b54cb6-mngw2,2634m,23452Mi
1789734390,weka-bench-epp-thunder-r2-hqcmn,2582m,10229Mi
1789734421,program-aware-scheduling-epp-7b85c4c5fc-b9srx,1410m,985Mi
1789734421,program-aware-vllm-decode-9c9b54cb6-f9qsh,2699m,23495Mi
1789734421,program-aware-vllm-decode-9c9b54cb6-gkzmr,2584m,23500Mi
1789734421,program-aware-vllm-decode-9c9b54cb6-kccxc,2668m,23677Mi
1789734421,program-aware-vllm-decode-9c9b54cb6-mngw2,2639m,23451Mi
1789734421,weka-bench-epp-thunder-r2-hqcmn,2530m,10324Mi
1789734454,program-aware-scheduling-epp-7b85c4c5fc-b9srx,1375m,987Mi
1789734454,program-aware-vllm-decode-9c9b54cb6-f9qsh,2662m,23495Mi
1789734454,program-aware-vllm-decode-9c9b54cb6-gkzmr,2920m,23499Mi
1789734454,program-aware-vllm-decode-9c9b54cb6-kccxc,2618m,23676Mi
1789734454,program-aware-vllm-decode-9c9b54cb6-mngw2,2802m,23451Mi
1789734454,weka-bench-epp-thunder-r2-hqcmn,2445m,10360Mi
1789734486,program-aware-scheduling-epp-7b85c4c5fc-b9srx,1415m,988Mi
1789734486,program-aware-vllm-decode-9c9b54cb6-f9qsh,2432m,23495Mi
1789734486,program-aware-vllm-decode-9c9b54cb6-gkzmr,2830m,23500Mi
1789734486,program-aware-vllm-decode-9c9b54cb6-kccxc,2493m,23676Mi
1789734486,program-aware-vllm-decode-9c9b54cb6-mngw2,3009m,23451Mi
1789734486,weka-bench-epp-thunder-r2-hqcmn,2432m,10435Mi
1789734518,program-aware-scheduling-epp-7b85c4c5fc-b9srx,1309m,993Mi
1789734518,program-aware-vllm-decode-9c9b54cb6-f9qsh,2522m,23496Mi
1789734518,program-aware-vllm-decode-9c9b54cb6-gkzmr,3055m,23500Mi
1789734518,program-aware-vllm-decode-9c9b54cb6-kccxc,2779m,23676Mi
1789734518,program-aware-vllm-decode-9c9b54cb6-mngw2,2905m,23451Mi
1789734518,weka-bench-epp-thunder-r2-hqcmn,2452m,10464Mi
1789734550,program-aware-scheduling-epp-7b85c4c5fc-b9srx,1427m,994Mi
1789734550,program-aware-vllm-decode-9c9b54cb6-f9qsh,2400m,23496Mi
1789734550,program-aware-vllm-decode-9c9b54cb6-gkzmr,2918m,23500Mi
1789734550,program-aware-vllm-decode-9c9b54cb6-kccxc,2562m,23676Mi
1789734550,program-aware-vllm-decode-9c9b54cb6-mngw2,2618m,23451Mi
1789734550,weka-bench-epp-thunder-r2-hqcmn,2521m,10595Mi
1789734582,program-aware-scheduling-epp-7b85c4c5fc-b9srx,1357m,997Mi
1789734582,program-aware-vllm-decode-9c9b54cb6-f9qsh,2731m,23495Mi
1789734582,program-aware-vllm-decode-9c9b54cb6-gkzmr,2696m,23501Mi
1789734582,program-aware-vllm-decode-9c9b54cb6-kccxc,2640m,23676Mi
1789734582,program-aware-vllm-decode-9c9b54cb6-mngw2,2744m,23451Mi
1789734582,weka-bench-epp-thunder-r2-hqcmn,2427m,10642Mi
1789734613,program-aware-scheduling-epp-7b85c4c5fc-b9srx,1518m,1016Mi
1789734613,program-aware-vllm-decode-9c9b54cb6-f9qsh,2358m,23496Mi
1789734613,program-aware-vllm-decode-9c9b54cb6-gkzmr,2673m,23499Mi
1789734613,program-aware-vllm-decode-9c9b54cb6-kccxc,2643m,23676Mi
1789734613,program-aware-vllm-decode-9c9b54cb6-mngw2,2848m,23451Mi
1789734613,weka-bench-epp-thunder-r2-hqcmn,2507m,10701Mi
1789734645,program-aware-scheduling-epp-7b85c4c5fc-b9srx,1438m,1016Mi
1789734645,program-aware-vllm-decode-9c9b54cb6-f9qsh,2502m,23495Mi
1789734645,program-aware-vllm-decode-9c9b54cb6-gkzmr,2600m,23500Mi
1789734645,program-aware-vllm-decode-9c9b54cb6-kccxc,2407m,23676Mi
1789734645,program-aware-vllm-decode-9c9b54cb6-mngw2,2834m,23450Mi
1789734645,weka-bench-epp-thunder-r2-hqcmn,2503m,10750Mi
1789734677,program-aware-scheduling-epp-7b85c4c5fc-b9srx,1377m,1014Mi
1789734677,program-aware-vllm-decode-9c9b54cb6-f9qsh,2699m,23496Mi
1789734677,program-aware-vllm-decode-9c9b54cb6-gkzmr,2754m,23500Mi
1789734677,program-aware-vllm-decode-9c9b54cb6-kccxc,2671m,23676Mi
1789734677,program-aware-vllm-decode-9c9b54cb6-mngw2,2699m,23450Mi
1789734677,weka-bench-epp-thunder-r2-hqcmn,2487m,10812Mi
1789734709,program-aware-scheduling-epp-7b85c4c5fc-b9srx,1413m,1015Mi
1789734709,program-aware-vllm-decode-9c9b54cb6-f9qsh,2789m,23495Mi
1789734709,program-aware-vllm-decode-9c9b54cb6-gkzmr,2643m,23500Mi
1789734709,program-aware-vllm-decode-9c9b54cb6-kccxc,2592m,23676Mi
1789734709,program-aware-vllm-decode-9c9b54cb6-mngw2,2650m,23449Mi
1789734709,weka-bench-epp-thunder-r2-hqcmn,2450m,10863Mi
1789734741,program-aware-scheduling-epp-7b85c4c5fc-b9srx,1390m,1016Mi
1789734741,program-aware-vllm-decode-9c9b54cb6-f9qsh,2264m,23492Mi
1789734741,program-aware-vllm-decode-9c9b54cb6-gkzmr,3108m,23499Mi
1789734741,program-aware-vllm-decode-9c9b54cb6-kccxc,2515m,23676Mi
1789734741,program-aware-vllm-decode-9c9b54cb6-mngw2,2909m,23449Mi
1789734741,weka-bench-epp-thunder-r2-hqcmn,2538m,10929Mi
1789734772,program-aware-scheduling-epp-7b85c4c5fc-b9srx,1410m,1019Mi
1789734772,program-aware-vllm-decode-9c9b54cb6-f9qsh,2582m,23492Mi
1789734772,program-aware-vllm-decode-9c9b54cb6-gkzmr,2675m,23500Mi
1789734772,program-aware-vllm-decode-9c9b54cb6-kccxc,2428m,23675Mi
1789734772,program-aware-vllm-decode-9c9b54cb6-mngw2,2699m,23451Mi
1789734772,weka-bench-epp-thunder-r2-hqcmn,2480m,10980Mi
1789734804,program-aware-scheduling-epp-7b85c4c5fc-b9srx,1342m,1019Mi
1789734804,program-aware-vllm-decode-9c9b54cb6-f9qsh,2535m,23492Mi
1789734804,program-aware-vllm-decode-9c9b54cb6-gkzmr,2980m,23500Mi
1789734804,program-aware-vllm-decode-9c9b54cb6-kccxc,2917m,23676Mi
1789734804,program-aware-vllm-decode-9c9b54cb6-mngw2,2547m,23401Mi
1789734804,weka-bench-epp-thunder-r2-hqcmn,2483m,11070Mi
1789734836,program-aware-scheduling-epp-7b85c4c5fc-b9srx,1352m,1019Mi
1789734836,program-aware-vllm-decode-9c9b54cb6-f9qsh,2747m,23493Mi
1789734836,program-aware-vllm-decode-9c9b54cb6-gkzmr,2587m,23500Mi
1789734836,program-aware-vllm-decode-9c9b54cb6-kccxc,2763m,23675Mi
1789734836,program-aware-vllm-decode-9c9b54cb6-mngw2,2635m,23403Mi
1789734836,weka-bench-epp-thunder-r2-hqcmn,2479m,11102Mi
1789734868,program-aware-scheduling-epp-7b85c4c5fc-b9srx,1374m,1020Mi
1789734868,program-aware-vllm-decode-9c9b54cb6-f9qsh,2723m,23493Mi
1789734868,program-aware-vllm-decode-9c9b54cb6-gkzmr,2887m,23499Mi
1789734868,program-aware-vllm-decode-9c9b54cb6-kccxc,2773m,23676Mi
1789734868,program-aware-vllm-decode-9c9b54cb6-mngw2,2893m,23401Mi
1789734868,weka-bench-epp-thunder-r2-hqcmn,2398m,11151Mi
1789734900,program-aware-scheduling-epp-7b85c4c5fc-b9srx,1334m,1019Mi
1789734900,program-aware-vllm-decode-9c9b54cb6-f9qsh,2693m,23493Mi
1789734900,program-aware-vllm-decode-9c9b54cb6-gkzmr,2910m,23499Mi
1789734900,program-aware-vllm-decode-9c9b54cb6-kccxc,2659m,23675Mi
1789734900,program-aware-vllm-decode-9c9b54cb6-mngw2,2570m,23402Mi
1789734900,weka-bench-epp-thunder-r2-hqcmn,2506m,11198Mi
1789734931,program-aware-scheduling-epp-7b85c4c5fc-b9srx,1432m,1026Mi
1789734931,program-aware-vllm-decode-9c9b54cb6-f9qsh,2395m,23493Mi
1789734931,program-aware-vllm-decode-9c9b54cb6-gkzmr,2810m,23499Mi
1789734931,program-aware-vllm-decode-9c9b54cb6-kccxc,2385m,23675Mi
1789734931,program-aware-vllm-decode-9c9b54cb6-mngw2,2475m,23402Mi
1789734931,weka-bench-epp-thunder-r2-hqcmn,2462m,11255Mi
1789734963,program-aware-scheduling-epp-7b85c4c5fc-b9srx,1294m,1026Mi
1789734963,program-aware-vllm-decode-9c9b54cb6-f9qsh,2917m,23492Mi
1789734963,program-aware-vllm-decode-9c9b54cb6-gkzmr,2723m,23498Mi
1789734963,program-aware-vllm-decode-9c9b54cb6-kccxc,2645m,23675Mi
1789734963,program-aware-vllm-decode-9c9b54cb6-mngw2,2694m,23402Mi
1789734963,weka-bench-epp-thunder-r2-hqcmn,2439m,11281Mi
1789734995,program-aware-scheduling-epp-7b85c4c5fc-b9srx,1282m,1025Mi
1789734995,program-aware-vllm-decode-9c9b54cb6-f9qsh,2746m,23493Mi
1789734995,program-aware-vllm-decode-9c9b54cb6-gkzmr,2638m,23499Mi
1789734995,program-aware-vllm-decode-9c9b54cb6-kccxc,2970m,23676Mi
1789734995,program-aware-vllm-decode-9c9b54cb6-mngw2,2759m,23403Mi
1789734995,weka-bench-epp-thunder-r2-hqcmn,2420m,11332Mi
1789735027,program-aware-scheduling-epp-7b85c4c5fc-b9srx,1309m,1026Mi
1789735027,program-aware-vllm-decode-9c9b54cb6-f9qsh,2513m,23492Mi
1789735027,program-aware-vllm-decode-9c9b54cb6-gkzmr,2934m,23498Mi
1789735027,program-aware-vllm-decode-9c9b54cb6-kccxc,2722m,23675Mi
1789735027,program-aware-vllm-decode-9c9b54cb6-mngw2,2540m,23403Mi
1789735027,weka-bench-epp-thunder-r2-hqcmn,2482m,11390Mi
1789735059,program-aware-scheduling-epp-7b85c4c5fc-b9srx,1420m,1025Mi
1789735059,program-aware-vllm-decode-9c9b54cb6-f9qsh,2542m,23491Mi
1789735059,program-aware-vllm-decode-9c9b54cb6-gkzmr,2678m,23498Mi
1789735059,program-aware-vllm-decode-9c9b54cb6-kccxc,2537m,23675Mi
1789735059,program-aware-vllm-decode-9c9b54cb6-mngw2,2424m,23403Mi
1789735059,weka-bench-epp-thunder-r2-hqcmn,2507m,11425Mi
1789735090,program-aware-scheduling-epp-7b85c4c5fc-b9srx,1476m,1026Mi
1789735090,program-aware-vllm-decode-9c9b54cb6-f9qsh,2866m,23489Mi
1789735090,program-aware-vllm-decode-9c9b54cb6-gkzmr,2809m,23499Mi
1789735090,program-aware-vllm-decode-9c9b54cb6-kccxc,2561m,23673Mi
1789735090,program-aware-vllm-decode-9c9b54cb6-mngw2,2528m,23402Mi
1789735090,weka-bench-epp-thunder-r2-hqcmn,2509m,11549Mi
1789735122,program-aware-scheduling-epp-7b85c4c5fc-b9srx,1336m,1024Mi
1789735122,program-aware-vllm-decode-9c9b54cb6-f9qsh,2658m,23488Mi
1789735122,program-aware-vllm-decode-9c9b54cb6-gkzmr,2945m,23498Mi
1789735122,program-aware-vllm-decode-9c9b54cb6-kccxc,2558m,23674Mi
1789735122,program-aware-vllm-decode-9c9b54cb6-mngw2,2694m,23433Mi
1789735122,weka-bench-epp-thunder-r2-hqcmn,2543m,11570Mi
1789735154,program-aware-scheduling-epp-7b85c4c5fc-b9srx,1376m,1025Mi
1789735154,program-aware-vllm-decode-9c9b54cb6-f9qsh,2688m,23489Mi
1789735154,program-aware-vllm-decode-9c9b54cb6-gkzmr,2803m,23498Mi
1789735154,program-aware-vllm-decode-9c9b54cb6-kccxc,2635m,23674Mi
1789735154,program-aware-vllm-decode-9c9b54cb6-mngw2,2219m,23433Mi
1789735154,weka-bench-epp-thunder-r2-hqcmn,2460m,11627Mi
1789735186,program-aware-scheduling-epp-7b85c4c5fc-b9srx,1321m,1024Mi
1789735186,program-aware-vllm-decode-9c9b54cb6-f9qsh,2635m,23489Mi
1789735186,program-aware-vllm-decode-9c9b54cb6-gkzmr,2627m,23498Mi
1789735186,program-aware-vllm-decode-9c9b54cb6-kccxc,2709m,23674Mi
1789735186,program-aware-vllm-decode-9c9b54cb6-mngw2,2586m,23433Mi
1789735186,weka-bench-epp-thunder-r2-hqcmn,2536m,11672Mi
1789735218,program-aware-scheduling-epp-7b85c4c5fc-b9srx,1346m,1026Mi
1789735218,program-aware-vllm-decode-9c9b54cb6-f9qsh,2785m,23489Mi
1789735218,program-aware-vllm-decode-9c9b54cb6-gkzmr,2879m,23499Mi
1789735218,program-aware-vllm-decode-9c9b54cb6-kccxc,2595m,23674Mi
1789735218,program-aware-vllm-decode-9c9b54cb6-mngw2,2692m,23433Mi
1789735218,weka-bench-epp-thunder-r2-hqcmn,2475m,11729Mi
1789735249,program-aware-scheduling-epp-7b85c4c5fc-b9srx,1355m,1026Mi
1789735249,program-aware-vllm-decode-9c9b54cb6-f9qsh,2348m,23488Mi
1789735249,program-aware-vllm-decode-9c9b54cb6-gkzmr,2467m,23499Mi
1789735249,program-aware-vllm-decode-9c9b54cb6-kccxc,2796m,23675Mi
1789735249,program-aware-vllm-decode-9c9b54cb6-mngw2,2753m,23403Mi
1789735249,weka-bench-epp-thunder-r2-hqcmn,2497m,11819Mi
1789735281,program-aware-scheduling-epp-7b85c4c5fc-b9srx,1348m,1027Mi
1789735281,program-aware-vllm-decode-9c9b54cb6-f9qsh,2758m,23488Mi
1789735281,program-aware-vllm-decode-9c9b54cb6-gkzmr,2834m,23499Mi
1789735281,program-aware-vllm-decode-9c9b54cb6-kccxc,2433m,23674Mi
1789735281,program-aware-vllm-decode-9c9b54cb6-mngw2,2455m,23402Mi
1789735281,weka-bench-epp-thunder-r2-hqcmn,2460m,11820Mi
1789735313,program-aware-scheduling-epp-7b85c4c5fc-b9srx,1338m,1026Mi
1789735313,program-aware-vllm-decode-9c9b54cb6-f9qsh,2632m,23488Mi
1789735313,program-aware-vllm-decode-9c9b54cb6-gkzmr,2588m,23499Mi
1789735313,program-aware-vllm-decode-9c9b54cb6-kccxc,2548m,23674Mi
1789735313,program-aware-vllm-decode-9c9b54cb6-mngw2,2681m,23410Mi
1789735313,weka-bench-epp-thunder-r2-hqcmn,2502m,11871Mi
1789735345,program-aware-scheduling-epp-7b85c4c5fc-b9srx,1404m,1028Mi
1789735345,program-aware-vllm-decode-9c9b54cb6-f9qsh,2616m,23489Mi
1789735345,program-aware-vllm-decode-9c9b54cb6-gkzmr,2576m,23499Mi
1789735345,program-aware-vllm-decode-9c9b54cb6-kccxc,2526m,23676Mi
1789735345,program-aware-vllm-decode-9c9b54cb6-mngw2,2856m,23484Mi
1789735345,weka-bench-epp-thunder-r2-hqcmn,2560m,11903Mi
1789735376,program-aware-scheduling-epp-7b85c4c5fc-b9srx,1397m,1029Mi
1789735376,program-aware-vllm-decode-9c9b54cb6-f9qsh,2852m,23499Mi
1789735376,program-aware-vllm-decode-9c9b54cb6-gkzmr,2320m,23499Mi
1789735376,program-aware-vllm-decode-9c9b54cb6-kccxc,2439m,23673Mi
1789735376,program-aware-vllm-decode-9c9b54cb6-mngw2,2715m,23484Mi
1789735376,weka-bench-epp-thunder-r2-hqcmn,2537m,11953Mi
1789735408,program-aware-scheduling-epp-7b85c4c5fc-b9srx,1275m,1030Mi
1789735408,program-aware-vllm-decode-9c9b54cb6-f9qsh,2929m,23498Mi
1789735408,program-aware-vllm-decode-9c9b54cb6-gkzmr,2706m,23508Mi
1789735408,program-aware-vllm-decode-9c9b54cb6-kccxc,2686m,23674Mi
1789735408,program-aware-vllm-decode-9c9b54cb6-mngw2,2689m,23484Mi
1789735408,weka-bench-epp-thunder-r2-hqcmn,2478m,11999Mi
1789735440,program-aware-scheduling-epp-7b85c4c5fc-b9srx,1302m,1028Mi
1789735440,program-aware-vllm-decode-9c9b54cb6-f9qsh,2643m,23497Mi
1789735440,program-aware-vllm-decode-9c9b54cb6-gkzmr,2928m,23508Mi
1789735440,program-aware-vllm-decode-9c9b54cb6-kccxc,2525m,23673Mi
1789735440,program-aware-vllm-decode-9c9b54cb6-mngw2,2520m,23483Mi
1789735440,weka-bench-epp-thunder-r2-hqcmn,2433m,12038Mi
1789735472,program-aware-scheduling-epp-7b85c4c5fc-b9srx,1479m,1032Mi
1789735472,program-aware-vllm-decode-9c9b54cb6-f9qsh,2358m,23498Mi
1789735472,program-aware-vllm-decode-9c9b54cb6-gkzmr,2562m,23507Mi
1789735472,program-aware-vllm-decode-9c9b54cb6-kccxc,2400m,23674Mi
1789735472,program-aware-vllm-decode-9c9b54cb6-mngw2,2839m,23483Mi
1789735472,weka-bench-epp-thunder-r2-hqcmn,2572m,12082Mi
1789735504,program-aware-scheduling-epp-7b85c4c5fc-b9srx,1408m,1034Mi
1789735504,program-aware-vllm-decode-9c9b54cb6-f9qsh,2941m,23497Mi
1789735504,program-aware-vllm-decode-9c9b54cb6-gkzmr,2331m,23506Mi
1789735504,program-aware-vllm-decode-9c9b54cb6-kccxc,2771m,23674Mi
1789735504,program-aware-vllm-decode-9c9b54cb6-mngw2,2486m,23483Mi
1789735504,weka-bench-epp-thunder-r2-hqcmn,2589m,12139Mi
1789735535,program-aware-scheduling-epp-7b85c4c5fc-b9srx,1371m,1031Mi
1789735535,program-aware-vllm-decode-9c9b54cb6-f9qsh,2509m,23497Mi
1789735535,program-aware-vllm-decode-9c9b54cb6-gkzmr,2730m,23506Mi
1789735535,program-aware-vllm-decode-9c9b54cb6-kccxc,2544m,23673Mi
1789735535,program-aware-vllm-decode-9c9b54cb6-mngw2,2692m,23484Mi
1789735535,weka-bench-epp-thunder-r2-hqcmn,2516m,12176Mi
1789735567,program-aware-scheduling-epp-7b85c4c5fc-b9srx,1258m,1032Mi
1789735567,program-aware-vllm-decode-9c9b54cb6-f9qsh,2719m,23498Mi
1789735567,program-aware-vllm-decode-9c9b54cb6-gkzmr,2744m,23508Mi
1789735567,program-aware-vllm-decode-9c9b54cb6-kccxc,2646m,23674Mi
1789735567,program-aware-vllm-decode-9c9b54cb6-mngw2,2765m,23484Mi
1789735567,weka-bench-epp-thunder-r2-hqcmn,2442m,12227Mi
1789735599,program-aware-scheduling-epp-7b85c4c5fc-b9srx,1326m,1031Mi
1789735599,program-aware-vllm-decode-9c9b54cb6-f9qsh,2806m,23497Mi
1789735599,program-aware-vllm-decode-9c9b54cb6-gkzmr,2766m,23507Mi
1789735599,program-aware-vllm-decode-9c9b54cb6-kccxc,2781m,23674Mi
1789735599,program-aware-vllm-decode-9c9b54cb6-mngw2,2517m,23484Mi
1789735599,weka-bench-epp-thunder-r2-hqcmn,2536m,12268Mi
1789735631,program-aware-scheduling-epp-7b85c4c5fc-b9srx,1362m,1033Mi
1789735631,program-aware-vllm-decode-9c9b54cb6-f9qsh,2636m,23498Mi
1789735631,program-aware-vllm-decode-9c9b54cb6-gkzmr,2397m,23506Mi
1789735631,program-aware-vllm-decode-9c9b54cb6-kccxc,2529m,23673Mi
1789735631,program-aware-vllm-decode-9c9b54cb6-mngw2,2537m,23485Mi
1789735631,weka-bench-epp-thunder-r2-hqcmn,2541m,12372Mi
1789735662,program-aware-scheduling-epp-7b85c4c5fc-b9srx,1305m,1029Mi
1789735662,program-aware-vllm-decode-9c9b54cb6-f9qsh,2623m,23498Mi
1789735662,program-aware-vllm-decode-9c9b54cb6-gkzmr,2700m,23507Mi
1789735662,program-aware-vllm-decode-9c9b54cb6-kccxc,2830m,23674Mi
1789735662,program-aware-vllm-decode-9c9b54cb6-mngw2,2507m,23484Mi
1789735662,weka-bench-epp-thunder-r2-hqcmn,2373m,12425Mi
1789735694,program-aware-scheduling-epp-7b85c4c5fc-b9srx,1276m,1030Mi
1789735694,program-aware-vllm-decode-9c9b54cb6-f9qsh,2570m,23498Mi
1789735694,program-aware-vllm-decode-9c9b54cb6-gkzmr,2755m,23505Mi
1789735694,program-aware-vllm-decode-9c9b54cb6-kccxc,2795m,23675Mi
1789735694,program-aware-vllm-decode-9c9b54cb6-mngw2,2875m,23484Mi
1789735694,weka-bench-epp-thunder-r2-hqcmn,2446m,12469Mi
1789735726,program-aware-scheduling-epp-7b85c4c5fc-b9srx,1350m,1031Mi
1789735726,program-aware-vllm-decode-9c9b54cb6-f9qsh,2885m,23499Mi
1789735726,program-aware-vllm-decode-9c9b54cb6-gkzmr,2590m,23505Mi
1789735726,program-aware-vllm-decode-9c9b54cb6-kccxc,2755m,23674Mi
1789735726,program-aware-vllm-decode-9c9b54cb6-mngw2,2573m,23484Mi
1789735726,weka-bench-epp-thunder-r2-hqcmn,2386m,12502Mi
1789735758,program-aware-scheduling-epp-7b85c4c5fc-b9srx,1307m,1030Mi
1789735758,program-aware-vllm-decode-9c9b54cb6-f9qsh,2756m,23498Mi
1789735758,program-aware-vllm-decode-9c9b54cb6-gkzmr,2477m,23504Mi
1789735758,program-aware-vllm-decode-9c9b54cb6-kccxc,2741m,23674Mi
1789735758,program-aware-vllm-decode-9c9b54cb6-mngw2,2687m,23484Mi
1789735758,weka-bench-epp-thunder-r2-hqcmn,2370m,12560Mi
1789735789,program-aware-scheduling-epp-7b85c4c5fc-b9srx,1216m,1031Mi
1789735789,program-aware-vllm-decode-9c9b54cb6-f9qsh,2611m,23498Mi
1789735789,program-aware-vllm-decode-9c9b54cb6-gkzmr,2957m,23503Mi
1789735789,program-aware-vllm-decode-9c9b54cb6-kccxc,2538m,23674Mi
1789735789,program-aware-vllm-decode-9c9b54cb6-mngw2,2823m,23484Mi
1789735789,weka-bench-epp-thunder-r2-hqcmn,2420m,12585Mi
1789735821,program-aware-scheduling-epp-7b85c4c5fc-b9srx,1260m,1032Mi
1789735821,program-aware-vllm-decode-9c9b54cb6-f9qsh,2439m,23498Mi
1789735821,program-aware-vllm-decode-9c9b54cb6-gkzmr,2772m,23504Mi
1789735821,program-aware-vllm-decode-9c9b54cb6-kccxc,2720m,23674Mi
1789735821,program-aware-vllm-decode-9c9b54cb6-mngw2,2673m,23484Mi
1789735821,weka-bench-epp-thunder-r2-hqcmn,2349m,12628Mi
1789735853,program-aware-scheduling-epp-7b85c4c5fc-b9srx,1285m,1033Mi
1789735853,program-aware-vllm-decode-9c9b54cb6-f9qsh,2498m,23497Mi
1789735853,program-aware-vllm-decode-9c9b54cb6-gkzmr,2809m,23504Mi
1789735853,program-aware-vllm-decode-9c9b54cb6-kccxc,2274m,23674Mi
1789735853,program-aware-vllm-decode-9c9b54cb6-mngw2,2887m,23484Mi
1789735853,weka-bench-epp-thunder-r2-hqcmn,2381m,12660Mi
1789735885,program-aware-scheduling-epp-7b85c4c5fc-b9srx,1235m,1027Mi
1789735885,program-aware-vllm-decode-9c9b54cb6-f9qsh,2802m,23499Mi
1789735885,program-aware-vllm-decode-9c9b54cb6-gkzmr,2742m,23506Mi
1789735885,program-aware-vllm-decode-9c9b54cb6-kccxc,2803m,23674Mi
1789735885,program-aware-vllm-decode-9c9b54cb6-mngw2,2742m,23483Mi
1789735885,weka-bench-epp-thunder-r2-hqcmn,2428m,12697Mi
1789735917,program-aware-scheduling-epp-7b85c4c5fc-b9srx,1232m,1028Mi
1789735917,program-aware-vllm-decode-9c9b54cb6-f9qsh,2654m,23497Mi
1789735917,program-aware-vllm-decode-9c9b54cb6-gkzmr,2567m,23507Mi
1789735917,program-aware-vllm-decode-9c9b54cb6-kccxc,2809m,23675Mi
1789735917,program-aware-vllm-decode-9c9b54cb6-mngw2,2739m,23483Mi
1789735917,weka-bench-epp-thunder-r2-hqcmn,2345m,12743Mi
1789735949,program-aware-scheduling-epp-7b85c4c5fc-b9srx,1188m,1031Mi
1789735949,program-aware-vllm-decode-9c9b54cb6-f9qsh,2388m,23498Mi
1789735949,program-aware-vllm-decode-9c9b54cb6-gkzmr,3051m,23507Mi
1789735949,program-aware-vllm-decode-9c9b54cb6-kccxc,2664m,23675Mi
1789735949,program-aware-vllm-decode-9c9b54cb6-mngw2,2892m,23483Mi
1789735949,weka-bench-epp-thunder-r2-hqcmn,2317m,12785Mi
1789735981,program-aware-scheduling-epp-7b85c4c5fc-b9srx,1249m,1018Mi
1789735981,program-aware-vllm-decode-9c9b54cb6-f9qsh,2564m,23498Mi
1789735981,program-aware-vllm-decode-9c9b54cb6-gkzmr,3038m,23506Mi
1789735981,program-aware-vllm-decode-9c9b54cb6-kccxc,2659m,23675Mi
1789735981,program-aware-vllm-decode-9c9b54cb6-mngw2,3033m,23483Mi
1789735981,weka-bench-epp-thunder-r2-hqcmn,2365m,12814Mi
1789736013,program-aware-scheduling-epp-7b85c4c5fc-b9srx,1278m,1017Mi
1789736013,program-aware-vllm-decode-9c9b54cb6-f9qsh,2669m,23498Mi
1789736013,program-aware-vllm-decode-9c9b54cb6-gkzmr,2852m,23506Mi
1789736013,program-aware-vllm-decode-9c9b54cb6-kccxc,2441m,23675Mi
1789736013,program-aware-vllm-decode-9c9b54cb6-mngw2,2829m,23483Mi
1789736013,weka-bench-epp-thunder-r2-hqcmn,2322m,12858Mi
1789736046,program-aware-scheduling-epp-7b85c4c5fc-b9srx,1217m,1015Mi
1789736046,program-aware-vllm-decode-9c9b54cb6-f9qsh,2685m,23498Mi
1789736046,program-aware-vllm-decode-9c9b54cb6-gkzmr,2625m,23506Mi
1789736046,program-aware-vllm-decode-9c9b54cb6-kccxc,2504m,23676Mi
1789736046,program-aware-vllm-decode-9c9b54cb6-mngw2,2904m,23483Mi
1789736046,weka-bench-epp-thunder-r2-hqcmn,2414m,12882Mi
1789736077,program-aware-scheduling-epp-7b85c4c5fc-b9srx,1201m,1013Mi
1789736077,program-aware-vllm-decode-9c9b54cb6-f9qsh,2189m,23497Mi
1789736077,program-aware-vllm-decode-9c9b54cb6-gkzmr,2833m,23507Mi
1789736077,program-aware-vllm-decode-9c9b54cb6-kccxc,2627m,23676Mi
1789736077,program-aware-vllm-decode-9c9b54cb6-mngw2,2706m,23482Mi
1789736077,weka-bench-epp-thunder-r2-hqcmn,2383m,12931Mi
1789736110,program-aware-scheduling-epp-7b85c4c5fc-b9srx,1303m,1008Mi
1789736110,program-aware-vllm-decode-9c9b54cb6-f9qsh,2291m,23497Mi
1789736110,program-aware-vllm-decode-9c9b54cb6-gkzmr,2825m,23506Mi
1789736110,program-aware-vllm-decode-9c9b54cb6-kccxc,2790m,23676Mi
1789736110,program-aware-vllm-decode-9c9b54cb6-mngw2,2633m,23481Mi
1789736110,weka-bench-epp-thunder-r2-hqcmn,2425m,13008Mi
1789736142,program-aware-scheduling-epp-7b85c4c5fc-b9srx,1223m,1000Mi
1789736142,program-aware-vllm-decode-9c9b54cb6-f9qsh,2722m,23498Mi
1789736142,program-aware-vllm-decode-9c9b54cb6-gkzmr,2699m,23506Mi
1789736142,program-aware-vllm-decode-9c9b54cb6-kccxc,2523m,23549Mi
1789736142,program-aware-vllm-decode-9c9b54cb6-mngw2,2670m,23481Mi
1789736142,weka-bench-epp-thunder-r2-hqcmn,2384m,13049Mi
1789736174,program-aware-scheduling-epp-7b85c4c5fc-b9srx,1097m,897Mi
1789736174,program-aware-vllm-decode-9c9b54cb6-f9qsh,2855m,23498Mi
1789736174,program-aware-vllm-decode-9c9b54cb6-gkzmr,2931m,23508Mi
1789736174,program-aware-vllm-decode-9c9b54cb6-kccxc,2841m,23549Mi
1789736174,program-aware-vllm-decode-9c9b54cb6-mngw2,2789m,23481Mi
1789736174,weka-bench-epp-thunder-r2-hqcmn,921m,13053Mi
1789736205,program-aware-scheduling-epp-7b85c4c5fc-b9srx,1140m,810Mi
1789736205,program-aware-vllm-decode-9c9b54cb6-f9qsh,2724m,23497Mi
1789736205,program-aware-vllm-decode-9c9b54cb6-gkzmr,2934m,23508Mi
1789736205,program-aware-vllm-decode-9c9b54cb6-kccxc,2795m,23549Mi
1789736205,program-aware-vllm-decode-9c9b54cb6-mngw2,2743m,23481Mi
1789736205,weka-bench-epp-thunder-r2-hqcmn,917m,13061Mi
1789736237,program-aware-scheduling-epp-7b85c4c5fc-b9srx,1113m,777Mi
1789736237,program-aware-vllm-decode-9c9b54cb6-f9qsh,2774m,23497Mi
1789736237,program-aware-vllm-decode-9c9b54cb6-gkzmr,2793m,23508Mi
1789736237,program-aware-vllm-decode-9c9b54cb6-kccxc,2506m,23550Mi
1789736237,program-aware-vllm-decode-9c9b54cb6-mngw2,2313m,23482Mi
1789736237,weka-bench-epp-thunder-r2-hqcmn,1030m,13086Mi
1789736269,program-aware-scheduling-epp-7b85c4c5fc-b9srx,1052m,683Mi
1789736269,program-aware-vllm-decode-9c9b54cb6-f9qsh,2562m,23497Mi
1789736269,program-aware-vllm-decode-9c9b54cb6-gkzmr,2498m,23474Mi
1789736269,program-aware-vllm-decode-9c9b54cb6-kccxc,2363m,23504Mi
1789736269,program-aware-vllm-decode-9c9b54cb6-mngw2,2967m,23483Mi
1789736269,weka-bench-epp-thunder-r2-hqcmn,1049m,13095Mi
1789736301,program-aware-scheduling-epp-7b85c4c5fc-b9srx,758m,177Mi
1789736301,program-aware-vllm-decode-9c9b54cb6-f9qsh,645m,23450Mi
1789736301,program-aware-vllm-decode-9c9b54cb6-gkzmr,192m,23474Mi
1789736301,program-aware-vllm-decode-9c9b54cb6-kccxc,106m,23503Mi
1789736301,program-aware-vllm-decode-9c9b54cb6-mngw2,335m,23442Mi
1789736301,weka-bench-epp-thunder-r2-hqcmn,1518m,6005Mi
1789736333,program-aware-scheduling-epp-7b85c4c5fc-b9srx,760m,180Mi
1789736333,program-aware-vllm-decode-9c9b54cb6-f9qsh,193m,23449Mi
1789736333,program-aware-vllm-decode-9c9b54cb6-gkzmr,193m,23473Mi
1789736333,program-aware-vllm-decode-9c9b54cb6-kccxc,107m,23503Mi
1789736333,program-aware-vllm-decode-9c9b54cb6-mngw2,191m,23441Mi
1789736333,weka-bench-epp-thunder-r2-hqcmn,1641m,6014Mi
1789736365,program-aware-scheduling-epp-7b85c4c5fc-b9srx,702m,170Mi
1789736365,program-aware-vllm-decode-9c9b54cb6-f9qsh,190m,23449Mi
1789736365,program-aware-vllm-decode-9c9b54cb6-gkzmr,191m,23473Mi
1789736365,program-aware-vllm-decode-9c9b54cb6-kccxc,110m,23503Mi
1789736365,program-aware-vllm-decode-9c9b54cb6-mngw2,188m,23441Mi
1789736365,weka-bench-epp-thunder-r2-hqcmn,1664m,6026Mi
1789736397,program-aware-scheduling-epp-7b85c4c5fc-b9srx,693m,170Mi
1789736397,program-aware-vllm-decode-9c9b54cb6-f9qsh,188m,23449Mi
1789736397,program-aware-vllm-decode-9c9b54cb6-gkzmr,190m,23474Mi
1789736397,program-aware-vllm-decode-9c9b54cb6-kccxc,108m,23503Mi
1789736397,program-aware-vllm-decode-9c9b54cb6-mngw2,190m,23441Mi
1789736397,weka-bench-epp-thunder-r2-hqcmn,1602m,6031Mi
1789736429,program-aware-scheduling-epp-7b85c4c5fc-b9srx,710m,167Mi
1789736429,program-aware-vllm-decode-9c9b54cb6-f9qsh,190m,23449Mi
1789736429,program-aware-vllm-decode-9c9b54cb6-gkzmr,192m,23473Mi
1789736429,program-aware-vllm-decode-9c9b54cb6-kccxc,109m,23502Mi
1789736429,program-aware-vllm-decode-9c9b54cb6-mngw2,190m,23442Mi
1789736429,weka-bench-epp-thunder-r2-hqcmn,1634m,6007Mi
1789736461,program-aware-scheduling-epp-7b85c4c5fc-b9srx,726m,169Mi
1789736461,program-aware-vllm-decode-9c9b54cb6-f9qsh,190m,23449Mi
1789736461,program-aware-vllm-decode-9c9b54cb6-gkzmr,192m,23473Mi
1789736461,program-aware-vllm-decode-9c9b54cb6-kccxc,108m,23503Mi
1789736461,program-aware-vllm-decode-9c9b54cb6-mngw2,187m,23441Mi
1789736461,weka-bench-epp-thunder-r2-hqcmn,1618m,6014Mi
1789736493,program-aware-scheduling-epp-7b85c4c5fc-b9srx,707m,166Mi
1789736493,program-aware-vllm-decode-9c9b54cb6-f9qsh,189m,23449Mi
1789736493,program-aware-vllm-decode-9c9b54cb6-gkzmr,193m,23473Mi
1789736493,program-aware-vllm-decode-9c9b54cb6-kccxc,109m,23504Mi
1789736493,program-aware-vllm-decode-9c9b54cb6-mngw2,189m,23441Mi
1789736493,weka-bench-epp-thunder-r2-hqcmn,1641m,6022Mi
1789736525,program-aware-scheduling-epp-7b85c4c5fc-b9srx,699m,166Mi
1789736525,program-aware-vllm-decode-9c9b54cb6-f9qsh,190m,23449Mi
1789736525,program-aware-vllm-decode-9c9b54cb6-gkzmr,192m,23473Mi
1789736525,program-aware-vllm-decode-9c9b54cb6-kccxc,111m,23503Mi
1789736525,program-aware-vllm-decode-9c9b54cb6-mngw2,190m,23442Mi
1789736525,weka-bench-epp-thunder-r2-hqcmn,1615m,6029Mi
1789736557,program-aware-scheduling-epp-7b85c4c5fc-b9srx,704m,169Mi
1789736557,program-aware-vllm-decode-9c9b54cb6-f9qsh,189m,23449Mi
1789736557,program-aware-vllm-decode-9c9b54cb6-gkzmr,192m,23443Mi
1789736557,program-aware-vllm-decode-9c9b54cb6-kccxc,107m,23502Mi
1789736557,program-aware-vllm-decode-9c9b54cb6-mngw2,189m,23441Mi
1789736557,weka-bench-epp-thunder-r2-hqcmn,1660m,6013Mi
1789736589,program-aware-scheduling-epp-7b85c4c5fc-b9srx,730m,166Mi
1789736589,program-aware-vllm-decode-9c9b54cb6-f9qsh,189m,23449Mi
1789736589,program-aware-vllm-decode-9c9b54cb6-gkzmr,190m,23443Mi
1789736589,program-aware-vllm-decode-9c9b54cb6-kccxc,108m,23503Mi
1789736589,program-aware-vllm-decode-9c9b54cb6-mngw2,195m,23442Mi
1789736589,weka-bench-epp-thunder-r2-hqcmn,1615m,6032Mi
1789736621,program-aware-scheduling-epp-7b85c4c5fc-b9srx,700m,165Mi
1789736621,program-aware-vllm-decode-9c9b54cb6-f9qsh,191m,23362Mi
1789736621,program-aware-vllm-decode-9c9b54cb6-gkzmr,191m,23444Mi
1789736621,program-aware-vllm-decode-9c9b54cb6-kccxc,108m,23503Mi
1789736621,program-aware-vllm-decode-9c9b54cb6-mngw2,192m,23442Mi
1789736621,weka-bench-epp-thunder-r2-hqcmn,1581m,6078Mi
