1789911852,program-aware-scheduling-epp-7659589747-fwgj5,617m,43Mi
1789911852,program-aware-vllm-decode-9c9b54cb6-f9qsh,108m,23470Mi
1789911852,program-aware-vllm-decode-9c9b54cb6-gkzmr,108m,23448Mi
1789911852,program-aware-vllm-decode-9c9b54cb6-kccxc,106m,23455Mi
1789911852,program-aware-vllm-decode-9c9b54cb6-mngw2,104m,23515Mi
1789911884,program-aware-scheduling-epp-7659589747-fwgj5,621m,44Mi
1789911884,program-aware-vllm-decode-9c9b54cb6-f9qsh,109m,23469Mi
1789911884,program-aware-vllm-decode-9c9b54cb6-gkzmr,108m,23449Mi
1789911884,program-aware-vllm-decode-9c9b54cb6-kccxc,105m,23455Mi
1789911884,program-aware-vllm-decode-9c9b54cb6-mngw2,105m,23515Mi
1789911884,weka-bench-epp-thunder-c128-r3-jn864,1071m,935Mi
1789911916,program-aware-scheduling-epp-7659589747-fwgj5,596m,43Mi
1789911916,program-aware-vllm-decode-9c9b54cb6-f9qsh,109m,23470Mi
1789911916,program-aware-vllm-decode-9c9b54cb6-gkzmr,110m,23448Mi
1789911916,program-aware-vllm-decode-9c9b54cb6-kccxc,111m,23455Mi
1789911916,program-aware-vllm-decode-9c9b54cb6-mngw2,105m,23515Mi
1789911916,weka-bench-epp-thunder-c128-r3-jn864,3475m,3566Mi
1789911948,program-aware-scheduling-epp-7659589747-fwgj5,605m,45Mi
1789911948,program-aware-vllm-decode-9c9b54cb6-f9qsh,109m,23469Mi
1789911948,program-aware-vllm-decode-9c9b54cb6-gkzmr,108m,23448Mi
1789911948,program-aware-vllm-decode-9c9b54cb6-kccxc,107m,23455Mi
1789911948,program-aware-vllm-decode-9c9b54cb6-mngw2,106m,23515Mi
1789911948,weka-bench-epp-thunder-c128-r3-jn864,7474m,4678Mi
1789911980,program-aware-scheduling-epp-7659589747-fwgj5,586m,44Mi
1789911980,program-aware-vllm-decode-9c9b54cb6-f9qsh,109m,23469Mi
1789911980,program-aware-vllm-decode-9c9b54cb6-gkzmr,109m,23448Mi
1789911980,program-aware-vllm-decode-9c9b54cb6-kccxc,107m,23455Mi
1789911980,program-aware-vllm-decode-9c9b54cb6-mngw2,108m,23514Mi
1789911980,weka-bench-epp-thunder-c128-r3-jn864,7529m,5422Mi
1789912012,program-aware-scheduling-epp-7659589747-fwgj5,593m,45Mi
1789912012,program-aware-vllm-decode-9c9b54cb6-f9qsh,108m,23469Mi
1789912012,program-aware-vllm-decode-9c9b54cb6-gkzmr,108m,23448Mi
1789912012,program-aware-vllm-decode-9c9b54cb6-kccxc,107m,23454Mi
1789912012,program-aware-vllm-decode-9c9b54cb6-mngw2,106m,23515Mi
1789912012,weka-bench-epp-thunder-c128-r3-jn864,7528m,6305Mi
1789912044,program-aware-scheduling-epp-7659589747-fwgj5,673m,194Mi
1789912044,program-aware-vllm-decode-9c9b54cb6-f9qsh,1095m,23429Mi
1789912044,program-aware-vllm-decode-9c9b54cb6-gkzmr,1623m,23394Mi
1789912044,program-aware-vllm-decode-9c9b54cb6-kccxc,1845m,23446Mi
1789912044,program-aware-vllm-decode-9c9b54cb6-mngw2,1830m,23461Mi
1789912044,weka-bench-epp-thunder-c128-r3-jn864,7311m,3686Mi
1789912076,program-aware-scheduling-epp-7659589747-fwgj5,938m,318Mi
1789912076,program-aware-vllm-decode-9c9b54cb6-f9qsh,3179m,23442Mi
1789912076,program-aware-vllm-decode-9c9b54cb6-gkzmr,2638m,23415Mi
1789912076,program-aware-vllm-decode-9c9b54cb6-kccxc,3242m,23469Mi
1789912076,program-aware-vllm-decode-9c9b54cb6-mngw2,2988m,23483Mi
1789912076,weka-bench-epp-thunder-c128-r3-jn864,11316m,7330Mi
1789912108,program-aware-scheduling-epp-7659589747-fwgj5,1535m,345Mi
1789912108,program-aware-vllm-decode-9c9b54cb6-f9qsh,2756m,23465Mi
1789912108,program-aware-vllm-decode-9c9b54cb6-gkzmr,2160m,23418Mi
1789912108,program-aware-vllm-decode-9c9b54cb6-kccxc,2746m,23480Mi
1789912108,program-aware-vllm-decode-9c9b54cb6-mngw2,1991m,23486Mi
1789912108,weka-bench-epp-thunder-c128-r3-jn864,3253m,7411Mi
1789912140,program-aware-scheduling-epp-7659589747-fwgj5,1788m,362Mi
1789912140,program-aware-vllm-decode-9c9b54cb6-f9qsh,2047m,23466Mi
1789912140,program-aware-vllm-decode-9c9b54cb6-gkzmr,1955m,23429Mi
1789912140,program-aware-vllm-decode-9c9b54cb6-kccxc,2031m,23491Mi
1789912140,program-aware-vllm-decode-9c9b54cb6-mngw2,2088m,23396Mi
1789912140,weka-bench-epp-thunder-c128-r3-jn864,3838m,7562Mi
1789912172,program-aware-scheduling-epp-7659589747-fwgj5,1597m,394Mi
1789912172,program-aware-vllm-decode-9c9b54cb6-f9qsh,2186m,23470Mi
1789912172,program-aware-vllm-decode-9c9b54cb6-gkzmr,2103m,23461Mi
1789912172,program-aware-vllm-decode-9c9b54cb6-kccxc,2091m,23518Mi
1789912172,program-aware-vllm-decode-9c9b54cb6-mngw2,2210m,23403Mi
1789912172,weka-bench-epp-thunder-c128-r3-jn864,3770m,7663Mi
1789912204,program-aware-scheduling-epp-7659589747-fwgj5,1632m,401Mi
1789912204,program-aware-vllm-decode-9c9b54cb6-f9qsh,1865m,23482Mi
1789912204,program-aware-vllm-decode-9c9b54cb6-gkzmr,2210m,23464Mi
1789912204,program-aware-vllm-decode-9c9b54cb6-kccxc,2273m,23521Mi
1789912204,program-aware-vllm-decode-9c9b54cb6-mngw2,1959m,23413Mi
1789912204,weka-bench-epp-thunder-c128-r3-jn864,3686m,7761Mi
1789912236,program-aware-scheduling-epp-7659589747-fwgj5,1729m,410Mi
1789912236,program-aware-vllm-decode-9c9b54cb6-f9qsh,2041m,23494Mi
1789912236,program-aware-vllm-decode-9c9b54cb6-gkzmr,1892m,23476Mi
1789912236,program-aware-vllm-decode-9c9b54cb6-kccxc,1641m,23521Mi
1789912236,program-aware-vllm-decode-9c9b54cb6-mngw2,2007m,23457Mi
1789912236,weka-bench-epp-thunder-c128-r3-jn864,3986m,7820Mi
1789912268,program-aware-scheduling-epp-7659589747-fwgj5,1577m,429Mi
1789912268,program-aware-vllm-decode-9c9b54cb6-f9qsh,1851m,23496Mi
1789912268,program-aware-vllm-decode-9c9b54cb6-gkzmr,1763m,23486Mi
1789912268,program-aware-vllm-decode-9c9b54cb6-kccxc,2219m,23526Mi
1789912268,program-aware-vllm-decode-9c9b54cb6-mngw2,2424m,23443Mi
1789912268,weka-bench-epp-thunder-c128-r3-jn864,3978m,7943Mi
1789912300,program-aware-scheduling-epp-7659589747-fwgj5,1435m,445Mi
1789912300,program-aware-vllm-decode-9c9b54cb6-f9qsh,2261m,23511Mi
1789912300,program-aware-vllm-decode-9c9b54cb6-gkzmr,2140m,23501Mi
1789912300,program-aware-vllm-decode-9c9b54cb6-kccxc,2385m,23523Mi
1789912300,program-aware-vllm-decode-9c9b54cb6-mngw2,2209m,23509Mi
1789912300,weka-bench-epp-thunder-c128-r3-jn864,3625m,8110Mi
1789912332,program-aware-scheduling-epp-7659589747-fwgj5,1109m,449Mi
1789912332,program-aware-vllm-decode-9c9b54cb6-f9qsh,2699m,23516Mi
1789912332,program-aware-vllm-decode-9c9b54cb6-gkzmr,2568m,23500Mi
1789912332,program-aware-vllm-decode-9c9b54cb6-kccxc,2655m,23522Mi
1789912332,program-aware-vllm-decode-9c9b54cb6-mngw2,2641m,23507Mi
1789912332,weka-bench-epp-thunder-c128-r3-jn864,3476m,8140Mi
1789912364,program-aware-scheduling-epp-7659589747-fwgj5,1041m,460Mi
1789912364,program-aware-vllm-decode-9c9b54cb6-f9qsh,2850m,23518Mi
1789912364,program-aware-vllm-decode-9c9b54cb6-gkzmr,2576m,23501Mi
1789912364,program-aware-vllm-decode-9c9b54cb6-kccxc,3042m,23524Mi
1789912364,program-aware-vllm-decode-9c9b54cb6-mngw2,2816m,23517Mi
1789912364,weka-bench-epp-thunder-c128-r3-jn864,3081m,8194Mi
1789912396,program-aware-scheduling-epp-7659589747-fwgj5,1106m,461Mi
1789912396,program-aware-vllm-decode-9c9b54cb6-f9qsh,2623m,23516Mi
1789912396,program-aware-vllm-decode-9c9b54cb6-gkzmr,2700m,23501Mi
1789912396,program-aware-vllm-decode-9c9b54cb6-kccxc,2999m,23525Mi
1789912396,program-aware-vllm-decode-9c9b54cb6-mngw2,2298m,23517Mi
1789912396,weka-bench-epp-thunder-c128-r3-jn864,3289m,8226Mi
1789912428,program-aware-scheduling-epp-7659589747-fwgj5,1196m,467Mi
1789912428,program-aware-vllm-decode-9c9b54cb6-f9qsh,2871m,23515Mi
1789912428,program-aware-vllm-decode-9c9b54cb6-gkzmr,2438m,23503Mi
1789912428,program-aware-vllm-decode-9c9b54cb6-kccxc,2640m,23523Mi
1789912428,program-aware-vllm-decode-9c9b54cb6-mngw2,2591m,23516Mi
1789912428,weka-bench-epp-thunder-c128-r3-jn864,3308m,8296Mi
1789912460,program-aware-scheduling-epp-7659589747-fwgj5,1050m,472Mi
1789912460,program-aware-vllm-decode-9c9b54cb6-f9qsh,2836m,23516Mi
1789912460,program-aware-vllm-decode-9c9b54cb6-gkzmr,2905m,23503Mi
1789912460,program-aware-vllm-decode-9c9b54cb6-kccxc,2847m,23525Mi
1789912460,program-aware-vllm-decode-9c9b54cb6-mngw2,2801m,23514Mi
1789912460,weka-bench-epp-thunder-c128-r3-jn864,3080m,8333Mi
1789912491,program-aware-scheduling-epp-7659589747-fwgj5,1124m,473Mi
1789912491,program-aware-vllm-decode-9c9b54cb6-f9qsh,2654m,23516Mi
1789912491,program-aware-vllm-decode-9c9b54cb6-gkzmr,2944m,23503Mi
1789912491,program-aware-vllm-decode-9c9b54cb6-kccxc,2372m,23524Mi
1789912491,program-aware-vllm-decode-9c9b54cb6-mngw2,2367m,23514Mi
1789912491,weka-bench-epp-thunder-c128-r3-jn864,3167m,8357Mi
1789912523,program-aware-scheduling-epp-7659589747-fwgj5,1189m,476Mi
1789912523,program-aware-vllm-decode-9c9b54cb6-f9qsh,2656m,23517Mi
1789912523,program-aware-vllm-decode-9c9b54cb6-gkzmr,2403m,23503Mi
1789912523,program-aware-vllm-decode-9c9b54cb6-kccxc,2785m,23524Mi
1789912523,program-aware-vllm-decode-9c9b54cb6-mngw2,2554m,23515Mi
1789912523,weka-bench-epp-thunder-c128-r3-jn864,3437m,8412Mi
1789912555,program-aware-scheduling-epp-7659589747-fwgj5,1081m,480Mi
1789912555,program-aware-vllm-decode-9c9b54cb6-f9qsh,2797m,23517Mi
1789912555,program-aware-vllm-decode-9c9b54cb6-gkzmr,2725m,23503Mi
1789912555,program-aware-vllm-decode-9c9b54cb6-kccxc,2937m,23524Mi
1789912555,program-aware-vllm-decode-9c9b54cb6-mngw2,2612m,23514Mi
1789912555,weka-bench-epp-thunder-c128-r3-jn864,3132m,8449Mi
1789912587,program-aware-scheduling-epp-7659589747-fwgj5,1249m,482Mi
1789912587,program-aware-vllm-decode-9c9b54cb6-f9qsh,2654m,23517Mi
1789912587,program-aware-vllm-decode-9c9b54cb6-gkzmr,2253m,23503Mi
1789912587,program-aware-vllm-decode-9c9b54cb6-kccxc,2611m,23526Mi
1789912587,program-aware-vllm-decode-9c9b54cb6-mngw2,2254m,23515Mi
1789912587,weka-bench-epp-thunder-c128-r3-jn864,3298m,8530Mi
1789912619,program-aware-scheduling-epp-7659589747-fwgj5,1243m,484Mi
1789912619,program-aware-vllm-decode-9c9b54cb6-f9qsh,2816m,23515Mi
1789912619,program-aware-vllm-decode-9c9b54cb6-gkzmr,2373m,23504Mi
1789912619,program-aware-vllm-decode-9c9b54cb6-kccxc,2042m,23525Mi
1789912619,program-aware-vllm-decode-9c9b54cb6-mngw2,2815m,23515Mi
1789912619,weka-bench-epp-thunder-c128-r3-jn864,3466m,8571Mi
1789912651,program-aware-scheduling-epp-7659589747-fwgj5,1164m,481Mi
1789912651,program-aware-vllm-decode-9c9b54cb6-f9qsh,2593m,23513Mi
1789912651,program-aware-vllm-decode-9c9b54cb6-gkzmr,2542m,23503Mi
1789912651,program-aware-vllm-decode-9c9b54cb6-kccxc,2667m,23526Mi
1789912651,program-aware-vllm-decode-9c9b54cb6-mngw2,2467m,23519Mi
1789912651,weka-bench-epp-thunder-c128-r3-jn864,3380m,8628Mi
1789912682,program-aware-scheduling-epp-7659589747-fwgj5,1150m,485Mi
1789912682,program-aware-vllm-decode-9c9b54cb6-f9qsh,2596m,23514Mi
1789912682,program-aware-vllm-decode-9c9b54cb6-gkzmr,2646m,23503Mi
1789912682,program-aware-vllm-decode-9c9b54cb6-kccxc,2592m,23526Mi
1789912682,program-aware-vllm-decode-9c9b54cb6-mngw2,2818m,23518Mi
1789912682,weka-bench-epp-thunder-c128-r3-jn864,3296m,8666Mi
1789912714,program-aware-scheduling-epp-7659589747-fwgj5,1209m,481Mi
1789912714,program-aware-vllm-decode-9c9b54cb6-f9qsh,2746m,23512Mi
1789912714,program-aware-vllm-decode-9c9b54cb6-gkzmr,2449m,23504Mi
1789912714,program-aware-vllm-decode-9c9b54cb6-kccxc,2433m,23525Mi
1789912714,program-aware-vllm-decode-9c9b54cb6-mngw2,2638m,23520Mi
1789912714,weka-bench-epp-thunder-c128-r3-jn864,3228m,8720Mi
1789912746,program-aware-scheduling-epp-7659589747-fwgj5,1148m,491Mi
1789912746,program-aware-vllm-decode-9c9b54cb6-f9qsh,2650m,23513Mi
1789912746,program-aware-vllm-decode-9c9b54cb6-gkzmr,2909m,23505Mi
1789912746,program-aware-vllm-decode-9c9b54cb6-kccxc,2572m,23526Mi
1789912746,program-aware-vllm-decode-9c9b54cb6-mngw2,2372m,23520Mi
1789912746,weka-bench-epp-thunder-c128-r3-jn864,3210m,8740Mi
1789912778,program-aware-scheduling-epp-7659589747-fwgj5,1118m,491Mi
1789912778,program-aware-vllm-decode-9c9b54cb6-f9qsh,2731m,23513Mi
1789912778,program-aware-vllm-decode-9c9b54cb6-gkzmr,2601m,23504Mi
1789912778,program-aware-vllm-decode-9c9b54cb6-kccxc,2462m,23525Mi
1789912778,program-aware-vllm-decode-9c9b54cb6-mngw2,2730m,23520Mi
1789912778,weka-bench-epp-thunder-c128-r3-jn864,3175m,8790Mi
1789912810,program-aware-scheduling-epp-7659589747-fwgj5,1247m,500Mi
1789912810,program-aware-vllm-decode-9c9b54cb6-f9qsh,2802m,23513Mi
1789912810,program-aware-vllm-decode-9c9b54cb6-gkzmr,2801m,23503Mi
1789912810,program-aware-vllm-decode-9c9b54cb6-kccxc,2514m,23526Mi
1789912810,program-aware-vllm-decode-9c9b54cb6-mngw2,2182m,23520Mi
1789912810,weka-bench-epp-thunder-c128-r3-jn864,3336m,8900Mi
1789912842,program-aware-scheduling-epp-7659589747-fwgj5,1198m,510Mi
1789912842,program-aware-vllm-decode-9c9b54cb6-f9qsh,2515m,23514Mi
1789912842,program-aware-vllm-decode-9c9b54cb6-gkzmr,2642m,23504Mi
1789912842,program-aware-vllm-decode-9c9b54cb6-kccxc,2482m,23526Mi
1789912842,program-aware-vllm-decode-9c9b54cb6-mngw2,2422m,23521Mi
1789912842,weka-bench-epp-thunder-c128-r3-jn864,3401m,8928Mi
1789912874,program-aware-scheduling-epp-7659589747-fwgj5,1221m,513Mi
1789912874,program-aware-vllm-decode-9c9b54cb6-f9qsh,2841m,23513Mi
1789912874,program-aware-vllm-decode-9c9b54cb6-gkzmr,2186m,23504Mi
1789912874,program-aware-vllm-decode-9c9b54cb6-kccxc,2436m,23526Mi
1789912874,program-aware-vllm-decode-9c9b54cb6-mngw2,2812m,23520Mi
1789912874,weka-bench-epp-thunder-c128-r3-jn864,3398m,8992Mi
1789912906,program-aware-scheduling-epp-7659589747-fwgj5,1220m,523Mi
1789912906,program-aware-vllm-decode-9c9b54cb6-f9qsh,2870m,23513Mi
1789912906,program-aware-vllm-decode-9c9b54cb6-gkzmr,2531m,23504Mi
1789912906,program-aware-vllm-decode-9c9b54cb6-kccxc,2279m,23526Mi
1789912906,program-aware-vllm-decode-9c9b54cb6-mngw2,2636m,23521Mi
1789912906,weka-bench-epp-thunder-c128-r3-jn864,3363m,9032Mi
1789912938,program-aware-scheduling-epp-7659589747-fwgj5,1290m,532Mi
1789912938,program-aware-vllm-decode-9c9b54cb6-f9qsh,2433m,23513Mi
1789912938,program-aware-vllm-decode-9c9b54cb6-gkzmr,2679m,23504Mi
1789912938,program-aware-vllm-decode-9c9b54cb6-kccxc,2499m,23526Mi
1789912938,program-aware-vllm-decode-9c9b54cb6-mngw2,2567m,23521Mi
1789912938,weka-bench-epp-thunder-c128-r3-jn864,3427m,9072Mi
1789912970,program-aware-scheduling-epp-7659589747-fwgj5,1119m,533Mi
1789912970,program-aware-vllm-decode-9c9b54cb6-f9qsh,2855m,23513Mi
1789912970,program-aware-vllm-decode-9c9b54cb6-gkzmr,2742m,23503Mi
1789912970,program-aware-vllm-decode-9c9b54cb6-kccxc,2482m,23526Mi
1789912970,program-aware-vllm-decode-9c9b54cb6-mngw2,2688m,23521Mi
1789912970,weka-bench-epp-thunder-c128-r3-jn864,3204m,9121Mi
1789913002,program-aware-scheduling-epp-7659589747-fwgj5,1229m,533Mi
1789913002,program-aware-vllm-decode-9c9b54cb6-f9qsh,1968m,23514Mi
1789913002,program-aware-vllm-decode-9c9b54cb6-gkzmr,2482m,23504Mi
1789913002,program-aware-vllm-decode-9c9b54cb6-kccxc,2786m,23526Mi
1789913002,program-aware-vllm-decode-9c9b54cb6-mngw2,2566m,23521Mi
1789913002,weka-bench-epp-thunder-c128-r3-jn864,3281m,9150Mi
1789913034,program-aware-scheduling-epp-7659589747-fwgj5,1327m,535Mi
1789913034,program-aware-vllm-decode-9c9b54cb6-f9qsh,2263m,23513Mi
1789913034,program-aware-vllm-decode-9c9b54cb6-gkzmr,2365m,23504Mi
1789913034,program-aware-vllm-decode-9c9b54cb6-kccxc,2624m,23525Mi
1789913034,program-aware-vllm-decode-9c9b54cb6-mngw2,2333m,23521Mi
1789913034,weka-bench-epp-thunder-c128-r3-jn864,3766m,9214Mi
1789913066,program-aware-scheduling-epp-7659589747-fwgj5,1203m,534Mi
1789913066,program-aware-vllm-decode-9c9b54cb6-f9qsh,2678m,23513Mi
1789913066,program-aware-vllm-decode-9c9b54cb6-gkzmr,2539m,23506Mi
1789913066,program-aware-vllm-decode-9c9b54cb6-kccxc,2478m,23526Mi
1789913066,program-aware-vllm-decode-9c9b54cb6-mngw2,2257m,23527Mi
1789913066,weka-bench-epp-thunder-c128-r3-jn864,3267m,9243Mi
1789913098,program-aware-scheduling-epp-7659589747-fwgj5,1187m,522Mi
1789913098,program-aware-vllm-decode-9c9b54cb6-f9qsh,2600m,23514Mi
1789913098,program-aware-vllm-decode-9c9b54cb6-gkzmr,2811m,23505Mi
1789913098,program-aware-vllm-decode-9c9b54cb6-kccxc,2796m,23525Mi
1789913098,program-aware-vllm-decode-9c9b54cb6-mngw2,2303m,23525Mi
1789913098,weka-bench-epp-thunder-c128-r3-jn864,3446m,9300Mi
1789913130,program-aware-scheduling-epp-7659589747-fwgj5,1230m,523Mi
1789913130,program-aware-vllm-decode-9c9b54cb6-f9qsh,2128m,23513Mi
1789913130,program-aware-vllm-decode-9c9b54cb6-gkzmr,2405m,23506Mi
1789913130,program-aware-vllm-decode-9c9b54cb6-kccxc,2701m,23526Mi
1789913130,program-aware-vllm-decode-9c9b54cb6-mngw2,2557m,23537Mi
1789913130,weka-bench-epp-thunder-c128-r3-jn864,3237m,9333Mi
1789913162,program-aware-scheduling-epp-7659589747-fwgj5,1149m,528Mi
1789913162,program-aware-vllm-decode-9c9b54cb6-f9qsh,2528m,23513Mi
1789913162,program-aware-vllm-decode-9c9b54cb6-gkzmr,2779m,23507Mi
1789913162,program-aware-vllm-decode-9c9b54cb6-kccxc,2709m,23527Mi
1789913162,program-aware-vllm-decode-9c9b54cb6-mngw2,2603m,23537Mi
1789913162,weka-bench-epp-thunder-c128-r3-jn864,3471m,9386Mi
1789913194,program-aware-scheduling-epp-7659589747-fwgj5,1106m,525Mi
1789913194,program-aware-vllm-decode-9c9b54cb6-f9qsh,3154m,23513Mi
1789913194,program-aware-vllm-decode-9c9b54cb6-gkzmr,2526m,23507Mi
1789913194,program-aware-vllm-decode-9c9b54cb6-kccxc,2623m,23527Mi
1789913194,program-aware-vllm-decode-9c9b54cb6-mngw2,2770m,23537Mi
1789913194,weka-bench-epp-thunder-c128-r3-jn864,3485m,9434Mi
1789913226,program-aware-scheduling-epp-7659589747-fwgj5,1204m,527Mi
1789913226,program-aware-vllm-decode-9c9b54cb6-f9qsh,2637m,23513Mi
1789913226,program-aware-vllm-decode-9c9b54cb6-gkzmr,2326m,23507Mi
1789913226,program-aware-vllm-decode-9c9b54cb6-kccxc,2315m,23526Mi
1789913226,program-aware-vllm-decode-9c9b54cb6-mngw2,2749m,23537Mi
1789913226,weka-bench-epp-thunder-c128-r3-jn864,3488m,9483Mi
1789913258,program-aware-scheduling-epp-7659589747-fwgj5,1160m,528Mi
1789913258,program-aware-vllm-decode-9c9b54cb6-f9qsh,2927m,23513Mi
1789913258,program-aware-vllm-decode-9c9b54cb6-gkzmr,2609m,23507Mi
1789913258,program-aware-vllm-decode-9c9b54cb6-kccxc,2319m,23526Mi
1789913258,program-aware-vllm-decode-9c9b54cb6-mngw2,2819m,23537Mi
1789913258,weka-bench-epp-thunder-c128-r3-jn864,3411m,9526Mi
1789913290,program-aware-scheduling-epp-7659589747-fwgj5,1113m,531Mi
1789913290,program-aware-vllm-decode-9c9b54cb6-f9qsh,2595m,23514Mi
1789913290,program-aware-vllm-decode-9c9b54cb6-gkzmr,2656m,23507Mi
1789913290,program-aware-vllm-decode-9c9b54cb6-kccxc,2743m,23526Mi
1789913290,program-aware-vllm-decode-9c9b54cb6-mngw2,2573m,23536Mi
1789913290,weka-bench-epp-thunder-c128-r3-jn864,3232m,9597Mi
1789913322,program-aware-scheduling-epp-7659589747-fwgj5,1186m,534Mi
1789913322,program-aware-vllm-decode-9c9b54cb6-f9qsh,2639m,23514Mi
1789913322,program-aware-vllm-decode-9c9b54cb6-gkzmr,2684m,23506Mi
1789913322,program-aware-vllm-decode-9c9b54cb6-kccxc,2708m,23527Mi
1789913322,program-aware-vllm-decode-9c9b54cb6-mngw2,2368m,23537Mi
1789913322,weka-bench-epp-thunder-c128-r3-jn864,3523m,9644Mi
1789913354,program-aware-scheduling-epp-7659589747-fwgj5,1263m,537Mi
1789913354,program-aware-vllm-decode-9c9b54cb6-f9qsh,2739m,23513Mi
1789913354,program-aware-vllm-decode-9c9b54cb6-gkzmr,2101m,23507Mi
1789913354,program-aware-vllm-decode-9c9b54cb6-kccxc,2776m,23527Mi
1789913354,program-aware-vllm-decode-9c9b54cb6-mngw2,2284m,23537Mi
1789913354,weka-bench-epp-thunder-c128-r3-jn864,3853m,9668Mi
1789913386,program-aware-scheduling-epp-7659589747-fwgj5,1233m,539Mi
1789913386,program-aware-vllm-decode-9c9b54cb6-f9qsh,2321m,23512Mi
1789913386,program-aware-vllm-decode-9c9b54cb6-gkzmr,2561m,23507Mi
1789913386,program-aware-vllm-decode-9c9b54cb6-kccxc,2444m,23530Mi
1789913386,program-aware-vllm-decode-9c9b54cb6-mngw2,2303m,23537Mi
1789913386,weka-bench-epp-thunder-c128-r3-jn864,3680m,9710Mi
1789913418,program-aware-scheduling-epp-7659589747-fwgj5,1212m,534Mi
1789913418,program-aware-vllm-decode-9c9b54cb6-f9qsh,2780m,23514Mi
1789913418,program-aware-vllm-decode-9c9b54cb6-gkzmr,2531m,23506Mi
1789913418,program-aware-vllm-decode-9c9b54cb6-kccxc,2281m,23530Mi
1789913418,program-aware-vllm-decode-9c9b54cb6-mngw2,2656m,23536Mi
1789913418,weka-bench-epp-thunder-c128-r3-jn864,3847m,9776Mi
1789913450,program-aware-scheduling-epp-7659589747-fwgj5,1293m,536Mi
1789913450,program-aware-vllm-decode-9c9b54cb6-f9qsh,2178m,23514Mi
1789913450,program-aware-vllm-decode-9c9b54cb6-gkzmr,2290m,23507Mi
1789913450,program-aware-vllm-decode-9c9b54cb6-kccxc,2588m,23530Mi
1789913450,program-aware-vllm-decode-9c9b54cb6-mngw2,2208m,23538Mi
1789913450,weka-bench-epp-thunder-c128-r3-jn864,4022m,9831Mi
1789913482,program-aware-scheduling-epp-7659589747-fwgj5,1291m,539Mi
1789913482,program-aware-vllm-decode-9c9b54cb6-f9qsh,2508m,23513Mi
1789913482,program-aware-vllm-decode-9c9b54cb6-gkzmr,2560m,23507Mi
1789913482,program-aware-vllm-decode-9c9b54cb6-kccxc,2598m,23531Mi
1789913482,program-aware-vllm-decode-9c9b54cb6-mngw2,2860m,23537Mi
1789913482,weka-bench-epp-thunder-c128-r3-jn864,3609m,9882Mi
1789913514,program-aware-scheduling-epp-7659589747-fwgj5,1369m,541Mi
1789913514,program-aware-vllm-decode-9c9b54cb6-f9qsh,2257m,23513Mi
1789913514,program-aware-vllm-decode-9c9b54cb6-gkzmr,2430m,23506Mi
1789913514,program-aware-vllm-decode-9c9b54cb6-kccxc,2191m,23530Mi
1789913514,program-aware-vllm-decode-9c9b54cb6-mngw2,2356m,23538Mi
1789913514,weka-bench-epp-thunder-c128-r3-jn864,3684m,9934Mi
1789913546,program-aware-scheduling-epp-7659589747-fwgj5,1296m,541Mi
1789913546,program-aware-vllm-decode-9c9b54cb6-f9qsh,2402m,23513Mi
1789913546,program-aware-vllm-decode-9c9b54cb6-gkzmr,2484m,23506Mi
1789913546,program-aware-vllm-decode-9c9b54cb6-kccxc,2343m,23530Mi
1789913546,program-aware-vllm-decode-9c9b54cb6-mngw2,2458m,23538Mi
1789913546,weka-bench-epp-thunder-c128-r3-jn864,3614m,9993Mi
1789913578,program-aware-scheduling-epp-7659589747-fwgj5,1279m,547Mi
1789913578,program-aware-vllm-decode-9c9b54cb6-f9qsh,2244m,23514Mi
1789913578,program-aware-vllm-decode-9c9b54cb6-gkzmr,2956m,23507Mi
1789913578,program-aware-vllm-decode-9c9b54cb6-kccxc,2495m,23531Mi
1789913578,program-aware-vllm-decode-9c9b54cb6-mngw2,2552m,23539Mi
1789913578,weka-bench-epp-thunder-c128-r3-jn864,3579m,10039Mi
1789913610,program-aware-scheduling-epp-7659589747-fwgj5,1076m,548Mi
1789913610,program-aware-vllm-decode-9c9b54cb6-f9qsh,2425m,23513Mi
1789913610,program-aware-vllm-decode-9c9b54cb6-gkzmr,2341m,23508Mi
1789913610,program-aware-vllm-decode-9c9b54cb6-kccxc,2621m,23530Mi
1789913610,program-aware-vllm-decode-9c9b54cb6-mngw2,2649m,23538Mi
1789913610,weka-bench-epp-thunder-c128-r3-jn864,3512m,10079Mi
1789913641,program-aware-scheduling-epp-7659589747-fwgj5,1080m,548Mi
1789913641,program-aware-vllm-decode-9c9b54cb6-f9qsh,2673m,23514Mi
1789913641,program-aware-vllm-decode-9c9b54cb6-gkzmr,2688m,23507Mi
1789913641,program-aware-vllm-decode-9c9b54cb6-kccxc,2813m,23531Mi
1789913641,program-aware-vllm-decode-9c9b54cb6-mngw2,2813m,23538Mi
1789913641,weka-bench-epp-thunder-c128-r3-jn864,3192m,10107Mi
1789913673,program-aware-scheduling-epp-7659589747-fwgj5,1241m,546Mi
1789913673,program-aware-vllm-decode-9c9b54cb6-f9qsh,2530m,23514Mi
1789913673,program-aware-vllm-decode-9c9b54cb6-gkzmr,2599m,23507Mi
1789913673,program-aware-vllm-decode-9c9b54cb6-kccxc,2644m,23531Mi
1789913673,program-aware-vllm-decode-9c9b54cb6-mngw2,2221m,23538Mi
1789913673,weka-bench-epp-thunder-c128-r3-jn864,3509m,10192Mi
1789913705,program-aware-scheduling-epp-7659589747-fwgj5,1177m,547Mi
1789913705,program-aware-vllm-decode-9c9b54cb6-f9qsh,2359m,23513Mi
1789913705,program-aware-vllm-decode-9c9b54cb6-gkzmr,2501m,23507Mi
1789913705,program-aware-vllm-decode-9c9b54cb6-kccxc,2611m,23530Mi
1789913705,program-aware-vllm-decode-9c9b54cb6-mngw2,2685m,23539Mi
1789913705,weka-bench-epp-thunder-c128-r3-jn864,3447m,10214Mi
1789913737,program-aware-scheduling-epp-7659589747-fwgj5,1137m,551Mi
1789913737,program-aware-vllm-decode-9c9b54cb6-f9qsh,2460m,23513Mi
1789913737,program-aware-vllm-decode-9c9b54cb6-gkzmr,2821m,23508Mi
1789913737,program-aware-vllm-decode-9c9b54cb6-kccxc,2743m,23530Mi
1789913737,program-aware-vllm-decode-9c9b54cb6-mngw2,2553m,23539Mi
1789913737,weka-bench-epp-thunder-c128-r3-jn864,3305m,10248Mi
1789913770,program-aware-scheduling-epp-7659589747-fwgj5,1104m,556Mi
1789913770,program-aware-vllm-decode-9c9b54cb6-f9qsh,2781m,23513Mi
1789913770,program-aware-vllm-decode-9c9b54cb6-gkzmr,2931m,23505Mi
1789913770,program-aware-vllm-decode-9c9b54cb6-kccxc,2623m,23530Mi
1789913770,program-aware-vllm-decode-9c9b54cb6-mngw2,2228m,23538Mi
1789913770,weka-bench-epp-thunder-c128-r3-jn864,3572m,10283Mi
1789913801,program-aware-scheduling-epp-7659589747-fwgj5,1217m,562Mi
1789913801,program-aware-vllm-decode-9c9b54cb6-f9qsh,2394m,23512Mi
1789913801,program-aware-vllm-decode-9c9b54cb6-gkzmr,2916m,23507Mi
1789913801,program-aware-vllm-decode-9c9b54cb6-kccxc,2785m,23529Mi
1789913801,program-aware-vllm-decode-9c9b54cb6-mngw2,2357m,23538Mi
1789913801,weka-bench-epp-thunder-c128-r3-jn864,3455m,10379Mi
1789913833,program-aware-scheduling-epp-7659589747-fwgj5,1113m,547Mi
1789913833,program-aware-vllm-decode-9c9b54cb6-f9qsh,2475m,23512Mi
1789913833,program-aware-vllm-decode-9c9b54cb6-gkzmr,2977m,23506Mi
1789913833,program-aware-vllm-decode-9c9b54cb6-kccxc,2243m,23530Mi
1789913833,program-aware-vllm-decode-9c9b54cb6-mngw2,2667m,23539Mi
1789913833,weka-bench-epp-thunder-c128-r3-jn864,2277m,10409Mi
1789913865,program-aware-scheduling-epp-7659589747-fwgj5,1058m,481Mi
1789913865,program-aware-vllm-decode-9c9b54cb6-f9qsh,2506m,23514Mi
1789913865,program-aware-vllm-decode-9c9b54cb6-gkzmr,2653m,23507Mi
1789913865,program-aware-vllm-decode-9c9b54cb6-kccxc,2928m,23530Mi
1789913865,program-aware-vllm-decode-9c9b54cb6-mngw2,2536m,23538Mi
1789913865,weka-bench-epp-thunder-c128-r3-jn864,1430m,10425Mi
1789913898,program-aware-scheduling-epp-7659589747-fwgj5,1177m,389Mi
1789913898,program-aware-vllm-decode-9c9b54cb6-f9qsh,2872m,23513Mi
1789913898,program-aware-vllm-decode-9c9b54cb6-gkzmr,2212m,23507Mi
1789913898,program-aware-vllm-decode-9c9b54cb6-kccxc,2790m,23531Mi
1789913898,program-aware-vllm-decode-9c9b54cb6-mngw2,2370m,23539Mi
1789913898,weka-bench-epp-thunder-c128-r3-jn864,1390m,10439Mi
1789913930,program-aware-scheduling-epp-7659589747-fwgj5,2039m,245Mi
1789913930,program-aware-vllm-decode-9c9b54cb6-f9qsh,1424m,23513Mi
1789913930,program-aware-vllm-decode-9c9b54cb6-gkzmr,1551m,23507Mi
1789913930,program-aware-vllm-decode-9c9b54cb6-kccxc,1607m,23530Mi
1789913930,program-aware-vllm-decode-9c9b54cb6-mngw2,1386m,23538Mi
1789913930,weka-bench-epp-thunder-c128-r3-jn864,3239m,10525Mi
1789913961,program-aware-scheduling-epp-7659589747-fwgj5,1491m,123Mi
1789913961,program-aware-vllm-decode-9c9b54cb6-f9qsh,839m,23461Mi
1789913961,program-aware-vllm-decode-9c9b54cb6-gkzmr,1234m,23460Mi
1789913961,program-aware-vllm-decode-9c9b54cb6-kccxc,866m,23476Mi
1789913961,program-aware-vllm-decode-9c9b54cb6-mngw2,1255m,23490Mi
1789913961,weka-bench-epp-thunder-c128-r3-jn864,3331m,4627Mi
1789913993,program-aware-scheduling-epp-7659589747-fwgj5,740m,120Mi
1789913993,program-aware-vllm-decode-9c9b54cb6-f9qsh,104m,23461Mi
1789913993,program-aware-vllm-decode-9c9b54cb6-gkzmr,106m,23460Mi
1789913993,program-aware-vllm-decode-9c9b54cb6-kccxc,110m,23476Mi
1789913993,program-aware-vllm-decode-9c9b54cb6-mngw2,104m,23490Mi
1789913993,weka-bench-epp-thunder-c128-r3-jn864,1595m,4631Mi
1789914025,program-aware-scheduling-epp-7659589747-fwgj5,754m,120Mi
1789914025,program-aware-vllm-decode-9c9b54cb6-f9qsh,106m,23461Mi
1789914025,program-aware-vllm-decode-9c9b54cb6-gkzmr,109m,23460Mi
1789914025,program-aware-vllm-decode-9c9b54cb6-kccxc,111m,23476Mi
1789914025,program-aware-vllm-decode-9c9b54cb6-mngw2,103m,23490Mi
1789914025,weka-bench-epp-thunder-c128-r3-jn864,1565m,4635Mi
1789914057,program-aware-scheduling-epp-7659589747-fwgj5,755m,117Mi
1789914057,program-aware-vllm-decode-9c9b54cb6-f9qsh,106m,23461Mi
1789914057,program-aware-vllm-decode-9c9b54cb6-gkzmr,108m,23460Mi
1789914057,program-aware-vllm-decode-9c9b54cb6-kccxc,112m,23476Mi
1789914057,program-aware-vllm-decode-9c9b54cb6-mngw2,103m,23490Mi
1789914057,weka-bench-epp-thunder-c128-r3-jn864,1634m,4639Mi
1789914089,program-aware-scheduling-epp-7659589747-fwgj5,737m,116Mi
1789914089,program-aware-vllm-decode-9c9b54cb6-f9qsh,105m,23461Mi
1789914089,program-aware-vllm-decode-9c9b54cb6-gkzmr,105m,23460Mi
1789914089,program-aware-vllm-decode-9c9b54cb6-kccxc,110m,23476Mi
1789914089,program-aware-vllm-decode-9c9b54cb6-mngw2,103m,23490Mi
1789914089,weka-bench-epp-thunder-c128-r3-jn864,1584m,4642Mi
1789914121,program-aware-scheduling-epp-7659589747-fwgj5,715m,123Mi
1789914121,program-aware-vllm-decode-9c9b54cb6-f9qsh,106m,23461Mi
1789914121,program-aware-vllm-decode-9c9b54cb6-gkzmr,105m,23460Mi
1789914121,program-aware-vllm-decode-9c9b54cb6-kccxc,109m,23475Mi
1789914121,program-aware-vllm-decode-9c9b54cb6-mngw2,105m,23490Mi
1789914121,weka-bench-epp-thunder-c128-r3-jn864,1582m,4644Mi
1789914153,program-aware-scheduling-epp-7659589747-fwgj5,704m,120Mi
1789914153,program-aware-vllm-decode-9c9b54cb6-f9qsh,105m,23461Mi
1789914153,program-aware-vllm-decode-9c9b54cb6-gkzmr,105m,23460Mi
1789914153,program-aware-vllm-decode-9c9b54cb6-kccxc,111m,23476Mi
1789914153,program-aware-vllm-decode-9c9b54cb6-mngw2,105m,23490Mi
1789914153,weka-bench-epp-thunder-c128-r3-jn864,1586m,4648Mi
1789914185,program-aware-scheduling-epp-7659589747-fwgj5,718m,117Mi
1789914185,program-aware-vllm-decode-9c9b54cb6-f9qsh,106m,23461Mi
1789914185,program-aware-vllm-decode-9c9b54cb6-gkzmr,108m,23460Mi
1789914185,program-aware-vllm-decode-9c9b54cb6-kccxc,110m,23476Mi
1789914185,program-aware-vllm-decode-9c9b54cb6-mngw2,105m,23490Mi
1789914185,weka-bench-epp-thunder-c128-r3-jn864,1584m,4634Mi
1789914217,program-aware-scheduling-epp-7659589747-fwgj5,731m,120Mi
1789914217,program-aware-vllm-decode-9c9b54cb6-f9qsh,106m,23461Mi
1789914217,program-aware-vllm-decode-9c9b54cb6-gkzmr,107m,23460Mi
1789914217,program-aware-vllm-decode-9c9b54cb6-kccxc,110m,23476Mi
1789914217,program-aware-vllm-decode-9c9b54cb6-mngw2,101m,23490Mi
1789914217,weka-bench-epp-thunder-c128-r3-jn864,1609m,4637Mi
1789914250,program-aware-scheduling-epp-7659589747-fwgj5,714m,115Mi
1789914250,program-aware-vllm-decode-9c9b54cb6-f9qsh,107m,23461Mi
1789914250,program-aware-vllm-decode-9c9b54cb6-gkzmr,110m,23460Mi
1789914250,program-aware-vllm-decode-9c9b54cb6-kccxc,111m,23476Mi
1789914250,program-aware-vllm-decode-9c9b54cb6-mngw2,107m,23490Mi
1789914250,weka-bench-epp-thunder-c128-r3-jn864,1541m,4642Mi
1789914284,program-aware-scheduling-epp-7659589747-fwgj5,711m,113Mi
1789914284,program-aware-vllm-decode-9c9b54cb6-f9qsh,113m,23461Mi
1789914284,program-aware-vllm-decode-9c9b54cb6-gkzmr,113m,23460Mi
1789914284,program-aware-vllm-decode-9c9b54cb6-kccxc,111m,23476Mi
1789914284,program-aware-vllm-decode-9c9b54cb6-mngw2,107m,23490Mi
1789914284,weka-bench-epp-thunder-c128-r3-jn864,1558m,4644Mi
1789914319,program-aware-scheduling-epp-7659589747-fwgj5,687m,114Mi
1789914319,program-aware-vllm-decode-9c9b54cb6-f9qsh,107m,23461Mi
1789914319,program-aware-vllm-decode-9c9b54cb6-gkzmr,111m,23460Mi
1789914319,program-aware-vllm-decode-9c9b54cb6-kccxc,110m,23476Mi
1789914319,program-aware-vllm-decode-9c9b54cb6-mngw2,105m,23490Mi
1789914319,weka-bench-epp-thunder-c128-r3-jn864,1559m,4647Mi
1789914352,program-aware-scheduling-epp-7659589747-fwgj5,693m,113Mi
1789914352,program-aware-vllm-decode-9c9b54cb6-f9qsh,107m,23461Mi
1789914352,program-aware-vllm-decode-9c9b54cb6-gkzmr,110m,23460Mi
1789914352,program-aware-vllm-decode-9c9b54cb6-kccxc,109m,23475Mi
1789914352,program-aware-vllm-decode-9c9b54cb6-mngw2,106m,23490Mi
1789914352,weka-bench-epp-thunder-c128-r3-jn864,1512m,4632Mi
1789914384,program-aware-scheduling-epp-7659589747-fwgj5,692m,113Mi
1789914384,program-aware-vllm-decode-9c9b54cb6-f9qsh,109m,23461Mi
1789914384,program-aware-vllm-decode-9c9b54cb6-gkzmr,111m,23460Mi
1789914384,program-aware-vllm-decode-9c9b54cb6-kccxc,108m,23476Mi
1789914384,program-aware-vllm-decode-9c9b54cb6-mngw2,102m,23489Mi
1789914384,weka-bench-epp-thunder-c128-r3-jn864,1587m,4640Mi
1789914417,program-aware-scheduling-epp-7659589747-fwgj5,674m,112Mi
1789914417,program-aware-vllm-decode-9c9b54cb6-f9qsh,112m,23461Mi
1789914417,program-aware-vllm-decode-9c9b54cb6-gkzmr,109m,23460Mi
1789914417,program-aware-vllm-decode-9c9b54cb6-kccxc,109m,23476Mi
1789914417,program-aware-vllm-decode-9c9b54cb6-mngw2,101m,23490Mi
1789914417,weka-bench-epp-thunder-c128-r3-jn864,1529m,4649Mi
1789914450,program-aware-scheduling-epp-7659589747-fwgj5,690m,112Mi
1789914450,program-aware-vllm-decode-9c9b54cb6-f9qsh,105m,23461Mi
1789914450,program-aware-vllm-decode-9c9b54cb6-gkzmr,109m,23460Mi
1789914450,program-aware-vllm-decode-9c9b54cb6-kccxc,109m,23476Mi
1789914450,program-aware-vllm-decode-9c9b54cb6-mngw2,102m,23490Mi
1789914450,weka-bench-epp-thunder-c128-r3-jn864,1573m,4658Mi
1789914482,program-aware-scheduling-epp-7659589747-fwgj5,682m,112Mi
1789914482,program-aware-vllm-decode-9c9b54cb6-f9qsh,103m,23461Mi
1789914482,program-aware-vllm-decode-9c9b54cb6-gkzmr,108m,23460Mi
1789914482,program-aware-vllm-decode-9c9b54cb6-kccxc,109m,23476Mi
1789914482,program-aware-vllm-decode-9c9b54cb6-mngw2,103m,23490Mi
1789914482,weka-bench-epp-thunder-c128-r3-jn864,1543m,4663Mi
1789914515,program-aware-scheduling-epp-7659589747-fwgj5,678m,112Mi
1789914515,program-aware-vllm-decode-9c9b54cb6-f9qsh,104m,23461Mi
1789914515,program-aware-vllm-decode-9c9b54cb6-gkzmr,108m,23460Mi
1789914515,program-aware-vllm-decode-9c9b54cb6-kccxc,108m,23475Mi
1789914515,program-aware-vllm-decode-9c9b54cb6-mngw2,103m,23490Mi
1789914515,weka-bench-epp-thunder-c128-r3-jn864,1549m,4676Mi
1789914548,program-aware-scheduling-epp-7659589747-fwgj5,679m,112Mi
1789914548,program-aware-vllm-decode-9c9b54cb6-f9qsh,110m,23461Mi
1789914548,program-aware-vllm-decode-9c9b54cb6-gkzmr,109m,23460Mi
1789914548,program-aware-vllm-decode-9c9b54cb6-kccxc,107m,23476Mi
1789914548,program-aware-vllm-decode-9c9b54cb6-mngw2,103m,23490Mi
1789914548,weka-bench-epp-thunder-c128-r3-jn864,1522m,4778Mi
