1789708807,program-aware-vllm-decode-9c9b54cb6-f9qsh,108m,23185Mi
1789708839,program-aware-vllm-decode-9c9b54cb6-f9qsh,185m,23185Mi
1789708839,thunder-lane-a-epp-54974b8c87-2w26p,175m,40Mi
1789708870,program-aware-vllm-decode-9c9b54cb6-f9qsh,220m,23185Mi
1789708870,thunder-lane-a-epp-54974b8c87-2w26p,127m,41Mi
1789708870,weka-bench-epp-sticky-r1-tgn5l,8011m,5859Mi
1789708902,program-aware-vllm-decode-9c9b54cb6-f9qsh,2297m,23162Mi
1789708902,thunder-lane-a-epp-54974b8c87-2w26p,184m,137Mi
1789708902,weka-bench-epp-sticky-r1-tgn5l,5060m,6614Mi
1789708934,program-aware-vllm-decode-9c9b54cb6-f9qsh,3230m,23178Mi
1789708934,thunder-lane-a-epp-54974b8c87-2w26p,167m,136Mi
1789708934,weka-bench-epp-sticky-r1-tgn5l,1358m,6631Mi
1789708965,program-aware-vllm-decode-9c9b54cb6-f9qsh,2096m,23188Mi
1789708965,thunder-lane-a-epp-54974b8c87-2w26p,339m,148Mi
1789708965,weka-bench-epp-sticky-r1-tgn5l,1429m,6709Mi
1789708997,program-aware-vllm-decode-9c9b54cb6-f9qsh,2327m,23192Mi
1789708997,thunder-lane-a-epp-54974b8c87-2w26p,442m,160Mi
1789708997,weka-bench-epp-sticky-r1-tgn5l,1485m,6768Mi
1789709029,program-aware-vllm-decode-9c9b54cb6-f9qsh,2107m,23198Mi
1789709029,thunder-lane-a-epp-54974b8c87-2w26p,407m,164Mi
1789709029,weka-bench-epp-sticky-r1-tgn5l,1509m,6950Mi
1789709060,program-aware-vllm-decode-9c9b54cb6-f9qsh,2312m,23209Mi
1789709060,thunder-lane-a-epp-54974b8c87-2w26p,363m,168Mi
1789709060,weka-bench-epp-sticky-r1-tgn5l,1467m,6978Mi
1789709092,program-aware-vllm-decode-9c9b54cb6-f9qsh,2745m,23216Mi
1789709092,thunder-lane-a-epp-54974b8c87-2w26p,248m,168Mi
1789709092,weka-bench-epp-sticky-r1-tgn5l,1425m,6991Mi
1789709124,program-aware-vllm-decode-9c9b54cb6-f9qsh,2871m,23219Mi
1789709124,thunder-lane-a-epp-54974b8c87-2w26p,236m,164Mi
1789709124,weka-bench-epp-sticky-r1-tgn5l,1421m,7005Mi
1789709155,program-aware-vllm-decode-9c9b54cb6-f9qsh,2996m,23221Mi
1789709155,thunder-lane-a-epp-54974b8c87-2w26p,211m,174Mi
1789709155,weka-bench-epp-sticky-r1-tgn5l,1414m,7026Mi
1789709187,program-aware-vllm-decode-9c9b54cb6-f9qsh,3043m,23223Mi
1789709187,thunder-lane-a-epp-54974b8c87-2w26p,218m,178Mi
1789709187,weka-bench-epp-sticky-r1-tgn5l,1392m,7039Mi
1789709219,program-aware-vllm-decode-9c9b54cb6-f9qsh,2752m,23225Mi
1789709219,thunder-lane-a-epp-54974b8c87-2w26p,226m,178Mi
1789709219,weka-bench-epp-sticky-r1-tgn5l,1432m,7045Mi
1789709250,program-aware-vllm-decode-9c9b54cb6-f9qsh,2781m,23227Mi
1789709250,thunder-lane-a-epp-54974b8c87-2w26p,251m,176Mi
1789709250,weka-bench-epp-sticky-r1-tgn5l,1414m,7070Mi
1789709282,program-aware-vllm-decode-9c9b54cb6-f9qsh,2896m,23237Mi
1789709282,thunder-lane-a-epp-54974b8c87-2w26p,226m,186Mi
1789709282,weka-bench-epp-sticky-r1-tgn5l,1429m,7076Mi
1789709314,program-aware-vllm-decode-9c9b54cb6-f9qsh,2764m,23240Mi
1789709314,thunder-lane-a-epp-54974b8c87-2w26p,235m,184Mi
1789709314,weka-bench-epp-sticky-r1-tgn5l,1431m,7089Mi
1789709345,program-aware-vllm-decode-9c9b54cb6-f9qsh,2895m,23242Mi
1789709345,thunder-lane-a-epp-54974b8c87-2w26p,245m,177Mi
1789709345,weka-bench-epp-sticky-r1-tgn5l,1421m,7102Mi
1789709377,program-aware-vllm-decode-9c9b54cb6-f9qsh,3001m,23243Mi
1789709377,thunder-lane-a-epp-54974b8c87-2w26p,209m,183Mi
1789709377,weka-bench-epp-sticky-r1-tgn5l,1412m,7111Mi
1789709409,program-aware-vllm-decode-9c9b54cb6-f9qsh,3141m,23246Mi
1789709409,thunder-lane-a-epp-54974b8c87-2w26p,191m,186Mi
1789709409,weka-bench-epp-sticky-r1-tgn5l,1411m,7122Mi
1789709440,program-aware-vllm-decode-9c9b54cb6-f9qsh,2792m,23247Mi
1789709440,thunder-lane-a-epp-54974b8c87-2w26p,211m,192Mi
1789709440,weka-bench-epp-sticky-r1-tgn5l,1417m,7147Mi
1789709472,program-aware-vllm-decode-9c9b54cb6-f9qsh,2916m,23248Mi
1789709472,thunder-lane-a-epp-54974b8c87-2w26p,238m,192Mi
1789709472,weka-bench-epp-sticky-r1-tgn5l,1413m,7155Mi
1789709504,program-aware-vllm-decode-9c9b54cb6-f9qsh,2737m,23249Mi
1789709504,thunder-lane-a-epp-54974b8c87-2w26p,244m,188Mi
1789709504,weka-bench-epp-sticky-r1-tgn5l,1419m,7168Mi
1789709536,program-aware-vllm-decode-9c9b54cb6-f9qsh,2830m,23247Mi
1789709536,thunder-lane-a-epp-54974b8c87-2w26p,225m,184Mi
1789709536,weka-bench-epp-sticky-r1-tgn5l,1424m,7180Mi
1789709568,program-aware-vllm-decode-9c9b54cb6-f9qsh,2848m,23254Mi
1789709568,thunder-lane-a-epp-54974b8c87-2w26p,209m,195Mi
1789709568,weka-bench-epp-sticky-r1-tgn5l,1412m,7193Mi
1789709599,program-aware-vllm-decode-9c9b54cb6-f9qsh,2744m,23256Mi
1789709599,thunder-lane-a-epp-54974b8c87-2w26p,245m,195Mi
1789709599,weka-bench-epp-sticky-r1-tgn5l,1490m,7206Mi
1789709631,program-aware-vllm-decode-9c9b54cb6-f9qsh,3227m,23256Mi
1789709631,thunder-lane-a-epp-54974b8c87-2w26p,174m,190Mi
1789709631,weka-bench-epp-sticky-r1-tgn5l,1393m,7214Mi
1789709663,program-aware-vllm-decode-9c9b54cb6-f9qsh,2717m,23258Mi
1789709663,thunder-lane-a-epp-54974b8c87-2w26p,224m,199Mi
1789709663,weka-bench-epp-sticky-r1-tgn5l,1455m,7222Mi
1789709694,program-aware-vllm-decode-9c9b54cb6-f9qsh,3124m,23262Mi
1789709694,thunder-lane-a-epp-54974b8c87-2w26p,177m,197Mi
1789709694,weka-bench-epp-sticky-r1-tgn5l,1393m,7232Mi
1789709726,program-aware-vllm-decode-9c9b54cb6-f9qsh,2939m,23264Mi
1789709726,thunder-lane-a-epp-54974b8c87-2w26p,238m,194Mi
1789709726,weka-bench-epp-sticky-r1-tgn5l,1447m,7241Mi
1789709758,program-aware-vllm-decode-9c9b54cb6-f9qsh,3020m,23265Mi
1789709758,thunder-lane-a-epp-54974b8c87-2w26p,160m,192Mi
1789709758,weka-bench-epp-sticky-r1-tgn5l,1399m,7250Mi
1789709789,program-aware-vllm-decode-9c9b54cb6-f9qsh,2974m,23267Mi
1789709789,thunder-lane-a-epp-54974b8c87-2w26p,208m,200Mi
1789709789,weka-bench-epp-sticky-r1-tgn5l,1469m,7269Mi
1789709821,program-aware-vllm-decode-9c9b54cb6-f9qsh,2869m,23268Mi
1789709821,thunder-lane-a-epp-54974b8c87-2w26p,213m,203Mi
1789709821,weka-bench-epp-sticky-r1-tgn5l,1427m,7275Mi
1789709853,program-aware-vllm-decode-9c9b54cb6-f9qsh,2624m,23268Mi
1789709853,thunder-lane-a-epp-54974b8c87-2w26p,248m,194Mi
1789709853,weka-bench-epp-sticky-r1-tgn5l,1463m,7290Mi
1789709885,program-aware-vllm-decode-9c9b54cb6-f9qsh,2798m,23270Mi
1789709885,thunder-lane-a-epp-54974b8c87-2w26p,249m,203Mi
1789709885,weka-bench-epp-sticky-r1-tgn5l,1450m,7306Mi
1789709917,program-aware-vllm-decode-9c9b54cb6-f9qsh,2992m,23269Mi
1789709917,thunder-lane-a-epp-54974b8c87-2w26p,188m,199Mi
1789709917,weka-bench-epp-sticky-r1-tgn5l,1421m,7314Mi
1789709948,program-aware-vllm-decode-9c9b54cb6-f9qsh,2962m,23271Mi
1789709948,thunder-lane-a-epp-54974b8c87-2w26p,204m,202Mi
1789709948,weka-bench-epp-sticky-r1-tgn5l,1426m,7322Mi
1789709980,program-aware-vllm-decode-9c9b54cb6-f9qsh,2980m,23272Mi
1789709980,thunder-lane-a-epp-54974b8c87-2w26p,193m,206Mi
1789709980,weka-bench-epp-sticky-r1-tgn5l,1417m,7343Mi
1789710012,program-aware-vllm-decode-9c9b54cb6-f9qsh,2905m,23272Mi
1789710012,thunder-lane-a-epp-54974b8c87-2w26p,202m,190Mi
1789710012,weka-bench-epp-sticky-r1-tgn5l,1419m,7346Mi
1789710044,program-aware-vllm-decode-9c9b54cb6-f9qsh,2759m,23272Mi
1789710044,thunder-lane-a-epp-54974b8c87-2w26p,229m,197Mi
1789710044,weka-bench-epp-sticky-r1-tgn5l,1435m,7361Mi
1789710075,program-aware-vllm-decode-9c9b54cb6-f9qsh,2936m,23272Mi
1789710075,thunder-lane-a-epp-54974b8c87-2w26p,237m,200Mi
1789710075,weka-bench-epp-sticky-r1-tgn5l,1444m,7378Mi
1789710107,program-aware-vllm-decode-9c9b54cb6-f9qsh,3067m,23272Mi
1789710107,thunder-lane-a-epp-54974b8c87-2w26p,198m,206Mi
1789710107,weka-bench-epp-sticky-r1-tgn5l,1393m,7381Mi
1789710139,program-aware-vllm-decode-9c9b54cb6-f9qsh,3130m,23272Mi
1789710139,thunder-lane-a-epp-54974b8c87-2w26p,193m,206Mi
1789710139,weka-bench-epp-sticky-r1-tgn5l,1416m,7396Mi
1789710171,program-aware-vllm-decode-9c9b54cb6-f9qsh,3035m,23273Mi
1789710171,thunder-lane-a-epp-54974b8c87-2w26p,153m,201Mi
1789710171,weka-bench-epp-sticky-r1-tgn5l,1504m,7406Mi
1789710202,program-aware-vllm-decode-9c9b54cb6-f9qsh,2821m,23274Mi
1789710202,thunder-lane-a-epp-54974b8c87-2w26p,214m,208Mi
1789710202,weka-bench-epp-sticky-r1-tgn5l,1443m,7415Mi
1789710234,program-aware-vllm-decode-9c9b54cb6-f9qsh,2766m,23285Mi
1789710234,thunder-lane-a-epp-54974b8c87-2w26p,259m,216Mi
1789710234,weka-bench-epp-sticky-r1-tgn5l,1423m,7425Mi
1789710266,program-aware-vllm-decode-9c9b54cb6-f9qsh,3055m,23285Mi
1789710266,thunder-lane-a-epp-54974b8c87-2w26p,182m,208Mi
1789710266,weka-bench-epp-sticky-r1-tgn5l,1427m,7438Mi
1789710298,program-aware-vllm-decode-9c9b54cb6-f9qsh,2906m,23287Mi
1789710298,thunder-lane-a-epp-54974b8c87-2w26p,198m,213Mi
1789710298,weka-bench-epp-sticky-r1-tgn5l,1438m,7445Mi
1789710329,program-aware-vllm-decode-9c9b54cb6-f9qsh,2822m,23287Mi
1789710329,thunder-lane-a-epp-54974b8c87-2w26p,228m,212Mi
1789710329,weka-bench-epp-sticky-r1-tgn5l,1445m,7460Mi
1789710361,program-aware-vllm-decode-9c9b54cb6-f9qsh,2826m,23286Mi
1789710361,thunder-lane-a-epp-54974b8c87-2w26p,228m,212Mi
1789710361,weka-bench-epp-sticky-r1-tgn5l,1469m,7470Mi
1789710393,program-aware-vllm-decode-9c9b54cb6-f9qsh,2949m,23286Mi
1789710393,thunder-lane-a-epp-54974b8c87-2w26p,193m,207Mi
1789710393,weka-bench-epp-sticky-r1-tgn5l,1424m,7476Mi
1789710425,program-aware-vllm-decode-9c9b54cb6-f9qsh,2932m,23288Mi
1789710425,thunder-lane-a-epp-54974b8c87-2w26p,202m,212Mi
1789710425,weka-bench-epp-sticky-r1-tgn5l,1422m,7487Mi
1789710457,program-aware-vllm-decode-9c9b54cb6-f9qsh,2974m,23290Mi
1789710457,thunder-lane-a-epp-54974b8c87-2w26p,198m,219Mi
1789710457,weka-bench-epp-sticky-r1-tgn5l,1421m,7491Mi
1789710488,program-aware-vllm-decode-9c9b54cb6-f9qsh,2903m,23290Mi
1789710488,thunder-lane-a-epp-54974b8c87-2w26p,200m,215Mi
1789710488,weka-bench-epp-sticky-r1-tgn5l,1448m,7502Mi
1789710520,program-aware-vllm-decode-9c9b54cb6-f9qsh,2974m,23297Mi
1789710520,thunder-lane-a-epp-54974b8c87-2w26p,189m,219Mi
1789710520,weka-bench-epp-sticky-r1-tgn5l,1435m,7525Mi
1789710552,program-aware-vllm-decode-9c9b54cb6-f9qsh,2909m,23298Mi
1789710552,thunder-lane-a-epp-54974b8c87-2w26p,214m,213Mi
1789710552,weka-bench-epp-sticky-r1-tgn5l,1437m,7538Mi
1789710584,program-aware-vllm-decode-9c9b54cb6-f9qsh,2917m,23298Mi
1789710584,thunder-lane-a-epp-54974b8c87-2w26p,212m,219Mi
1789710584,weka-bench-epp-sticky-r1-tgn5l,1428m,7538Mi
1789710616,program-aware-vllm-decode-9c9b54cb6-f9qsh,3086m,23299Mi
1789710616,thunder-lane-a-epp-54974b8c87-2w26p,192m,224Mi
1789710616,weka-bench-epp-sticky-r1-tgn5l,1438m,7547Mi
1789710648,program-aware-vllm-decode-9c9b54cb6-f9qsh,2760m,23298Mi
1789710648,thunder-lane-a-epp-54974b8c87-2w26p,214m,218Mi
1789710648,weka-bench-epp-sticky-r1-tgn5l,1437m,7557Mi
1789710679,program-aware-vllm-decode-9c9b54cb6-f9qsh,2760m,23298Mi
1789710679,thunder-lane-a-epp-54974b8c87-2w26p,224m,225Mi
1789710679,weka-bench-epp-sticky-r1-tgn5l,1459m,7564Mi
1789710711,program-aware-vllm-decode-9c9b54cb6-f9qsh,2972m,23298Mi
1789710711,thunder-lane-a-epp-54974b8c87-2w26p,199m,223Mi
1789710711,weka-bench-epp-sticky-r1-tgn5l,1475m,7576Mi
1789710743,program-aware-vllm-decode-9c9b54cb6-f9qsh,3026m,23298Mi
1789710743,thunder-lane-a-epp-54974b8c87-2w26p,203m,217Mi
1789710743,weka-bench-epp-sticky-r1-tgn5l,1442m,7586Mi
1789710775,program-aware-vllm-decode-9c9b54cb6-f9qsh,2660m,23298Mi
1789710775,thunder-lane-a-epp-54974b8c87-2w26p,246m,224Mi
1789710775,weka-bench-epp-sticky-r1-tgn5l,1477m,7595Mi
1789710807,program-aware-vllm-decode-9c9b54cb6-f9qsh,2742m,23300Mi
1789710807,thunder-lane-a-epp-54974b8c87-2w26p,238m,214Mi
1789710807,weka-bench-epp-sticky-r1-tgn5l,1444m,7602Mi
1789710838,program-aware-vllm-decode-9c9b54cb6-f9qsh,2979m,23300Mi
1789710838,thunder-lane-a-epp-54974b8c87-2w26p,187m,217Mi
1789710838,weka-bench-epp-sticky-r1-tgn5l,1440m,7610Mi
1789710870,program-aware-vllm-decode-9c9b54cb6-f9qsh,3130m,23300Mi
1789710870,thunder-lane-a-epp-54974b8c87-2w26p,185m,220Mi
1789710870,weka-bench-epp-sticky-r1-tgn5l,1460m,7624Mi
1789710902,program-aware-vllm-decode-9c9b54cb6-f9qsh,3110m,23300Mi
1789710902,thunder-lane-a-epp-54974b8c87-2w26p,198m,212Mi
1789710902,weka-bench-epp-sticky-r1-tgn5l,1426m,7635Mi
1789710934,program-aware-vllm-decode-9c9b54cb6-f9qsh,2672m,23300Mi
1789710934,thunder-lane-a-epp-54974b8c87-2w26p,222m,222Mi
1789710934,weka-bench-epp-sticky-r1-tgn5l,1481m,7642Mi
1789710966,program-aware-vllm-decode-9c9b54cb6-f9qsh,2983m,23299Mi
1789710966,thunder-lane-a-epp-54974b8c87-2w26p,211m,217Mi
1789710966,weka-bench-epp-sticky-r1-tgn5l,1458m,7646Mi
1789710998,program-aware-vllm-decode-9c9b54cb6-f9qsh,2810m,23300Mi
1789710998,thunder-lane-a-epp-54974b8c87-2w26p,203m,211Mi
1789710998,weka-bench-epp-sticky-r1-tgn5l,1461m,7658Mi
1789711029,program-aware-vllm-decode-9c9b54cb6-f9qsh,2946m,23300Mi
1789711029,thunder-lane-a-epp-54974b8c87-2w26p,188m,210Mi
1789711029,weka-bench-epp-sticky-r1-tgn5l,1468m,7672Mi
1789711061,program-aware-vllm-decode-9c9b54cb6-f9qsh,2861m,23300Mi
1789711061,thunder-lane-a-epp-54974b8c87-2w26p,203m,219Mi
1789711061,weka-bench-epp-sticky-r1-tgn5l,1398m,7689Mi
1789711093,program-aware-vllm-decode-9c9b54cb6-f9qsh,3058m,23300Mi
1789711093,thunder-lane-a-epp-54974b8c87-2w26p,213m,214Mi
1789711093,weka-bench-epp-sticky-r1-tgn5l,1435m,7699Mi
1789711125,program-aware-vllm-decode-9c9b54cb6-f9qsh,2893m,23300Mi
1789711125,thunder-lane-a-epp-54974b8c87-2w26p,209m,223Mi
1789711125,weka-bench-epp-sticky-r1-tgn5l,1417m,7706Mi
1789711157,program-aware-vllm-decode-9c9b54cb6-f9qsh,3076m,23300Mi
1789711157,thunder-lane-a-epp-54974b8c87-2w26p,203m,211Mi
1789711157,weka-bench-epp-sticky-r1-tgn5l,1491m,7714Mi
1789711188,program-aware-vllm-decode-9c9b54cb6-f9qsh,2844m,23300Mi
1789711188,thunder-lane-a-epp-54974b8c87-2w26p,178m,217Mi
1789711188,weka-bench-epp-sticky-r1-tgn5l,1437m,7726Mi
1789711220,program-aware-vllm-decode-9c9b54cb6-f9qsh,2868m,23299Mi
1789711220,thunder-lane-a-epp-54974b8c87-2w26p,222m,220Mi
1789711220,weka-bench-epp-sticky-r1-tgn5l,1465m,7732Mi
1789711252,program-aware-vllm-decode-9c9b54cb6-f9qsh,2883m,23300Mi
1789711252,thunder-lane-a-epp-54974b8c87-2w26p,205m,223Mi
1789711252,weka-bench-epp-sticky-r1-tgn5l,1444m,7740Mi
1789711284,program-aware-vllm-decode-9c9b54cb6-f9qsh,2834m,23300Mi
1789711284,thunder-lane-a-epp-54974b8c87-2w26p,230m,214Mi
1789711284,weka-bench-epp-sticky-r1-tgn5l,1473m,7753Mi
1789711315,program-aware-vllm-decode-9c9b54cb6-f9qsh,2839m,23300Mi
1789711315,thunder-lane-a-epp-54974b8c87-2w26p,219m,228Mi
1789711315,weka-bench-epp-sticky-r1-tgn5l,1451m,7758Mi
1789711347,program-aware-vllm-decode-9c9b54cb6-f9qsh,3029m,23302Mi
1789711347,thunder-lane-a-epp-54974b8c87-2w26p,182m,219Mi
1789711347,weka-bench-epp-sticky-r1-tgn5l,1479m,7774Mi
1789711379,program-aware-vllm-decode-9c9b54cb6-f9qsh,2897m,23301Mi
1789711379,thunder-lane-a-epp-54974b8c87-2w26p,205m,231Mi
1789711379,weka-bench-epp-sticky-r1-tgn5l,1447m,7777Mi
1789711411,program-aware-vllm-decode-9c9b54cb6-f9qsh,3227m,23301Mi
1789711411,thunder-lane-a-epp-54974b8c87-2w26p,193m,222Mi
1789711411,weka-bench-epp-sticky-r1-tgn5l,1476m,7789Mi
1789711443,program-aware-vllm-decode-9c9b54cb6-f9qsh,2881m,23301Mi
1789711443,thunder-lane-a-epp-54974b8c87-2w26p,191m,223Mi
1789711443,weka-bench-epp-sticky-r1-tgn5l,1445m,7797Mi
1789711474,program-aware-vllm-decode-9c9b54cb6-f9qsh,2980m,23301Mi
1789711474,thunder-lane-a-epp-54974b8c87-2w26p,188m,216Mi
1789711474,weka-bench-epp-sticky-r1-tgn5l,1435m,7801Mi
1789711506,program-aware-vllm-decode-9c9b54cb6-f9qsh,2921m,23302Mi
1789711506,thunder-lane-a-epp-54974b8c87-2w26p,211m,222Mi
1789711506,weka-bench-epp-sticky-r1-tgn5l,1478m,7814Mi
1789711538,program-aware-vllm-decode-9c9b54cb6-f9qsh,2990m,23302Mi
1789711538,thunder-lane-a-epp-54974b8c87-2w26p,200m,219Mi
1789711538,weka-bench-epp-sticky-r1-tgn5l,1477m,7826Mi
1789711570,program-aware-vllm-decode-9c9b54cb6-f9qsh,2882m,23302Mi
1789711570,thunder-lane-a-epp-54974b8c87-2w26p,238m,226Mi
1789711570,weka-bench-epp-sticky-r1-tgn5l,1463m,7833Mi
1789711601,program-aware-vllm-decode-9c9b54cb6-f9qsh,2762m,23302Mi
1789711601,thunder-lane-a-epp-54974b8c87-2w26p,199m,210Mi
1789711601,weka-bench-epp-sticky-r1-tgn5l,624m,7851Mi
1789711633,program-aware-vllm-decode-9c9b54cb6-f9qsh,2798m,23302Mi
1789711633,thunder-lane-a-epp-54974b8c87-2w26p,201m,181Mi
1789711633,weka-bench-epp-sticky-r1-tgn5l,291m,7857Mi
1789711665,program-aware-vllm-decode-9c9b54cb6-f9qsh,2332m,23302Mi
1789711665,thunder-lane-a-epp-54974b8c87-2w26p,230m,162Mi
1789711665,weka-bench-epp-sticky-r1-tgn5l,340m,7870Mi
1789711697,program-aware-vllm-decode-9c9b54cb6-f9qsh,1510m,23302Mi
1789711697,thunder-lane-a-epp-54974b8c87-2w26p,431m,112Mi
1789711697,weka-bench-epp-sticky-r1-tgn5l,426m,7884Mi
1789711728,program-aware-vllm-decode-9c9b54cb6-f9qsh,1002m,23266Mi
1789711728,thunder-lane-a-epp-54974b8c87-2w26p,258m,78Mi
1789711728,weka-bench-epp-sticky-r1-tgn5l,938m,2856Mi
1789711760,program-aware-vllm-decode-9c9b54cb6-f9qsh,186m,23266Mi
1789711760,thunder-lane-a-epp-54974b8c87-2w26p,141m,77Mi
1789711760,weka-bench-epp-sticky-r1-tgn5l,1231m,2858Mi
