1789730090,program-aware-scheduling-epp-7f5b6c844d-qwcdp,449m,44Mi
1789730090,program-aware-vllm-decode-9c9b54cb6-f9qsh,186m,23456Mi
1789730090,program-aware-vllm-decode-9c9b54cb6-gkzmr,198m,23486Mi
1789730090,program-aware-vllm-decode-9c9b54cb6-kccxc,109m,23476Mi
1789730090,program-aware-vllm-decode-9c9b54cb6-mngw2,190m,23451Mi
1789730090,weka-bench-epp-affinity-r2-wdwcc,414m,66Mi
1789730121,program-aware-scheduling-epp-7f5b6c844d-qwcdp,474m,44Mi
1789730121,program-aware-vllm-decode-9c9b54cb6-f9qsh,188m,23456Mi
1789730121,program-aware-vllm-decode-9c9b54cb6-gkzmr,197m,23487Mi
1789730121,program-aware-vllm-decode-9c9b54cb6-kccxc,108m,23476Mi
1789730121,program-aware-vllm-decode-9c9b54cb6-mngw2,193m,23451Mi
1789730121,weka-bench-epp-affinity-r2-wdwcc,1197m,1832Mi
1789730153,program-aware-scheduling-epp-7f5b6c844d-qwcdp,450m,42Mi
1789730153,program-aware-vllm-decode-9c9b54cb6-f9qsh,188m,23456Mi
1789730153,program-aware-vllm-decode-9c9b54cb6-gkzmr,198m,23487Mi
1789730153,program-aware-vllm-decode-9c9b54cb6-kccxc,109m,23476Mi
1789730153,program-aware-vllm-decode-9c9b54cb6-mngw2,210m,23451Mi
1789730153,weka-bench-epp-affinity-r2-wdwcc,7496m,5527Mi
1789730185,program-aware-scheduling-epp-7f5b6c844d-qwcdp,534m,115Mi
1789730185,program-aware-vllm-decode-9c9b54cb6-f9qsh,1074m,23408Mi
1789730185,program-aware-vllm-decode-9c9b54cb6-gkzmr,731m,23477Mi
1789730185,program-aware-vllm-decode-9c9b54cb6-kccxc,487m,23399Mi
1789730185,program-aware-vllm-decode-9c9b54cb6-mngw2,1250m,23352Mi
1789730185,weka-bench-epp-affinity-r2-wdwcc,11276m,7506Mi
1789730217,program-aware-scheduling-epp-7f5b6c844d-qwcdp,690m,621Mi
1789730217,program-aware-vllm-decode-9c9b54cb6-f9qsh,3455m,23511Mi
1789730217,program-aware-vllm-decode-9c9b54cb6-gkzmr,3453m,23546Mi
1789730217,program-aware-vllm-decode-9c9b54cb6-kccxc,3284m,23462Mi
1789730217,program-aware-vllm-decode-9c9b54cb6-mngw2,3297m,23384Mi
1789730217,weka-bench-epp-affinity-r2-wdwcc,5321m,8292Mi
1789730248,program-aware-scheduling-epp-7f5b6c844d-qwcdp,649m,784Mi
1789730248,program-aware-vllm-decode-9c9b54cb6-f9qsh,3252m,23538Mi
1789730248,program-aware-vllm-decode-9c9b54cb6-gkzmr,3273m,23593Mi
1789730248,program-aware-vllm-decode-9c9b54cb6-kccxc,3219m,23558Mi
1789730248,program-aware-vllm-decode-9c9b54cb6-mngw2,3327m,23466Mi
1789730248,weka-bench-epp-affinity-r2-wdwcc,1507m,8319Mi
1789730280,program-aware-scheduling-epp-7f5b6c844d-qwcdp,680m,816Mi
1789730280,program-aware-vllm-decode-9c9b54cb6-f9qsh,2999m,23568Mi
1789730280,program-aware-vllm-decode-9c9b54cb6-gkzmr,3145m,23569Mi
1789730280,program-aware-vllm-decode-9c9b54cb6-kccxc,3002m,23574Mi
1789730280,program-aware-vllm-decode-9c9b54cb6-mngw2,3079m,23526Mi
1789730280,weka-bench-epp-affinity-r2-wdwcc,1539m,8347Mi
1789730312,program-aware-scheduling-epp-7f5b6c844d-qwcdp,771m,836Mi
1789730312,program-aware-vllm-decode-9c9b54cb6-f9qsh,3165m,23574Mi
1789730312,program-aware-vllm-decode-9c9b54cb6-gkzmr,2908m,23573Mi
1789730312,program-aware-vllm-decode-9c9b54cb6-kccxc,2907m,23574Mi
1789730312,program-aware-vllm-decode-9c9b54cb6-mngw2,2893m,23571Mi
1789730312,weka-bench-epp-affinity-r2-wdwcc,1547m,8394Mi
1789730344,program-aware-scheduling-epp-7f5b6c844d-qwcdp,803m,849Mi
1789730344,program-aware-vllm-decode-9c9b54cb6-f9qsh,2901m,23579Mi
1789730344,program-aware-vllm-decode-9c9b54cb6-gkzmr,2964m,23578Mi
1789730344,program-aware-vllm-decode-9c9b54cb6-kccxc,2874m,23577Mi
1789730344,program-aware-vllm-decode-9c9b54cb6-mngw2,2982m,23568Mi
1789730344,weka-bench-epp-affinity-r2-wdwcc,1584m,8453Mi
1789730376,program-aware-scheduling-epp-7f5b6c844d-qwcdp,739m,846Mi
1789730376,program-aware-vllm-decode-9c9b54cb6-f9qsh,2877m,23583Mi
1789730376,program-aware-vllm-decode-9c9b54cb6-gkzmr,3061m,23571Mi
1789730376,program-aware-vllm-decode-9c9b54cb6-kccxc,3024m,23576Mi
1789730376,program-aware-vllm-decode-9c9b54cb6-mngw2,2940m,23567Mi
1789730376,weka-bench-epp-affinity-r2-wdwcc,1584m,8494Mi
1789730408,program-aware-scheduling-epp-7f5b6c844d-qwcdp,613m,854Mi
1789730408,program-aware-vllm-decode-9c9b54cb6-f9qsh,3169m,23580Mi
1789730408,program-aware-vllm-decode-9c9b54cb6-gkzmr,3279m,23574Mi
1789730408,program-aware-vllm-decode-9c9b54cb6-kccxc,2981m,23573Mi
1789730408,program-aware-vllm-decode-9c9b54cb6-mngw2,3030m,23568Mi
1789730408,weka-bench-epp-affinity-r2-wdwcc,1554m,8528Mi
1789730439,program-aware-scheduling-epp-7f5b6c844d-qwcdp,713m,865Mi
1789730439,program-aware-vllm-decode-9c9b54cb6-f9qsh,3100m,23587Mi
1789730439,program-aware-vllm-decode-9c9b54cb6-gkzmr,3024m,23576Mi
1789730439,program-aware-vllm-decode-9c9b54cb6-kccxc,3046m,23576Mi
1789730439,program-aware-vllm-decode-9c9b54cb6-mngw2,3066m,23573Mi
1789730439,weka-bench-epp-affinity-r2-wdwcc,1574m,8547Mi
1789730471,program-aware-scheduling-epp-7f5b6c844d-qwcdp,736m,875Mi
1789730471,program-aware-vllm-decode-9c9b54cb6-f9qsh,2851m,23592Mi
1789730471,program-aware-vllm-decode-9c9b54cb6-gkzmr,2968m,23589Mi
1789730471,program-aware-vllm-decode-9c9b54cb6-kccxc,3069m,23581Mi
1789730471,program-aware-vllm-decode-9c9b54cb6-mngw2,2969m,23585Mi
1789730471,weka-bench-epp-affinity-r2-wdwcc,1581m,8644Mi
1789730503,program-aware-scheduling-epp-7f5b6c844d-qwcdp,714m,897Mi
1789730503,program-aware-vllm-decode-9c9b54cb6-f9qsh,3064m,23596Mi
1789730503,program-aware-vllm-decode-9c9b54cb6-gkzmr,3062m,23592Mi
1789730503,program-aware-vllm-decode-9c9b54cb6-kccxc,3089m,23582Mi
1789730503,program-aware-vllm-decode-9c9b54cb6-mngw2,2619m,23526Mi
1789730503,weka-bench-epp-affinity-r2-wdwcc,1596m,8691Mi
1789730534,program-aware-scheduling-epp-7f5b6c844d-qwcdp,760m,906Mi
1789730534,program-aware-vllm-decode-9c9b54cb6-f9qsh,3017m,23600Mi
1789730534,program-aware-vllm-decode-9c9b54cb6-gkzmr,2753m,23600Mi
1789730534,program-aware-vllm-decode-9c9b54cb6-kccxc,2786m,23584Mi
1789730534,program-aware-vllm-decode-9c9b54cb6-mngw2,2793m,23570Mi
1789730534,weka-bench-epp-affinity-r2-wdwcc,1608m,8747Mi
1789730566,program-aware-scheduling-epp-7f5b6c844d-qwcdp,686m,913Mi
1789730566,program-aware-vllm-decode-9c9b54cb6-f9qsh,3080m,23610Mi
1789730566,program-aware-vllm-decode-9c9b54cb6-gkzmr,3052m,23617Mi
1789730566,program-aware-vllm-decode-9c9b54cb6-kccxc,2816m,23585Mi
1789730566,program-aware-vllm-decode-9c9b54cb6-mngw2,3047m,23577Mi
1789730566,weka-bench-epp-affinity-r2-wdwcc,1603m,8785Mi
1789730598,program-aware-scheduling-epp-7f5b6c844d-qwcdp,797m,925Mi
1789730598,program-aware-vllm-decode-9c9b54cb6-f9qsh,3012m,23619Mi
1789730598,program-aware-vllm-decode-9c9b54cb6-gkzmr,3036m,23620Mi
1789730598,program-aware-vllm-decode-9c9b54cb6-kccxc,3023m,23587Mi
1789730598,program-aware-vllm-decode-9c9b54cb6-mngw2,2761m,23581Mi
1789730598,weka-bench-epp-affinity-r2-wdwcc,1616m,8838Mi
1789730630,program-aware-scheduling-epp-7f5b6c844d-qwcdp,695m,931Mi
1789730630,program-aware-vllm-decode-9c9b54cb6-f9qsh,2902m,23623Mi
1789730630,program-aware-vllm-decode-9c9b54cb6-gkzmr,3128m,23621Mi
1789730630,program-aware-vllm-decode-9c9b54cb6-kccxc,2648m,23590Mi
1789730630,program-aware-vllm-decode-9c9b54cb6-mngw2,2946m,23584Mi
1789730630,weka-bench-epp-affinity-r2-wdwcc,1617m,8860Mi
1789730662,program-aware-scheduling-epp-7f5b6c844d-qwcdp,698m,938Mi
1789730662,program-aware-vllm-decode-9c9b54cb6-f9qsh,3070m,23631Mi
1789730662,program-aware-vllm-decode-9c9b54cb6-gkzmr,3034m,23624Mi
1789730662,program-aware-vllm-decode-9c9b54cb6-kccxc,2900m,23594Mi
1789730662,program-aware-vllm-decode-9c9b54cb6-mngw2,2836m,23583Mi
1789730662,weka-bench-epp-affinity-r2-wdwcc,1602m,8901Mi
1789730693,program-aware-scheduling-epp-7f5b6c844d-qwcdp,759m,943Mi
1789730693,program-aware-vllm-decode-9c9b54cb6-f9qsh,3002m,23631Mi
1789730693,program-aware-vllm-decode-9c9b54cb6-gkzmr,3077m,23628Mi
1789730693,program-aware-vllm-decode-9c9b54cb6-kccxc,2756m,23597Mi
1789730693,program-aware-vllm-decode-9c9b54cb6-mngw2,2850m,23546Mi
1789730693,weka-bench-epp-affinity-r2-wdwcc,1625m,8944Mi
1789730725,program-aware-scheduling-epp-7f5b6c844d-qwcdp,781m,954Mi
1789730725,program-aware-vllm-decode-9c9b54cb6-f9qsh,2863m,23636Mi
1789730725,program-aware-vllm-decode-9c9b54cb6-gkzmr,2796m,23630Mi
1789730725,program-aware-vllm-decode-9c9b54cb6-kccxc,2850m,23600Mi
1789730725,program-aware-vllm-decode-9c9b54cb6-mngw2,3243m,23552Mi
1789730725,weka-bench-epp-affinity-r2-wdwcc,1648m,8991Mi
1789730757,program-aware-scheduling-epp-7f5b6c844d-qwcdp,702m,954Mi
1789730757,program-aware-vllm-decode-9c9b54cb6-f9qsh,2765m,23640Mi
1789730757,program-aware-vllm-decode-9c9b54cb6-gkzmr,3027m,23631Mi
1789730757,program-aware-vllm-decode-9c9b54cb6-kccxc,2871m,23607Mi
1789730757,program-aware-vllm-decode-9c9b54cb6-mngw2,2883m,23552Mi
1789730757,weka-bench-epp-affinity-r2-wdwcc,1644m,9038Mi
1789730789,program-aware-scheduling-epp-7f5b6c844d-qwcdp,759m,967Mi
1789730789,program-aware-vllm-decode-9c9b54cb6-f9qsh,2987m,23662Mi
1789730789,program-aware-vllm-decode-9c9b54cb6-gkzmr,2899m,23633Mi
1789730789,program-aware-vllm-decode-9c9b54cb6-kccxc,2865m,23606Mi
1789730789,program-aware-vllm-decode-9c9b54cb6-mngw2,2929m,23554Mi
1789730789,weka-bench-epp-affinity-r2-wdwcc,1656m,9090Mi
1789730820,program-aware-scheduling-epp-7f5b6c844d-qwcdp,753m,971Mi
1789730820,program-aware-vllm-decode-9c9b54cb6-f9qsh,2957m,23665Mi
1789730820,program-aware-vllm-decode-9c9b54cb6-gkzmr,2851m,23639Mi
1789730820,program-aware-vllm-decode-9c9b54cb6-kccxc,2854m,23613Mi
1789730820,program-aware-vllm-decode-9c9b54cb6-mngw2,2938m,23555Mi
1789730820,weka-bench-epp-affinity-r2-wdwcc,1624m,9145Mi
1789730852,program-aware-scheduling-epp-7f5b6c844d-qwcdp,715m,977Mi
1789730852,program-aware-vllm-decode-9c9b54cb6-f9qsh,2855m,23668Mi
1789730852,program-aware-vllm-decode-9c9b54cb6-gkzmr,3046m,23640Mi
1789730852,program-aware-vllm-decode-9c9b54cb6-kccxc,2949m,23621Mi
1789730852,program-aware-vllm-decode-9c9b54cb6-mngw2,3108m,23556Mi
1789730852,weka-bench-epp-affinity-r2-wdwcc,1614m,9167Mi
1789730884,program-aware-scheduling-epp-7f5b6c844d-qwcdp,689m,980Mi
1789730884,program-aware-vllm-decode-9c9b54cb6-f9qsh,3151m,23668Mi
1789730884,program-aware-vllm-decode-9c9b54cb6-gkzmr,3014m,23640Mi
1789730884,program-aware-vllm-decode-9c9b54cb6-kccxc,2735m,23625Mi
1789730884,program-aware-vllm-decode-9c9b54cb6-mngw2,2761m,23558Mi
1789730884,weka-bench-epp-affinity-r2-wdwcc,1649m,9216Mi
1789730916,program-aware-scheduling-epp-7f5b6c844d-qwcdp,759m,991Mi
1789730916,program-aware-vllm-decode-9c9b54cb6-f9qsh,2703m,23673Mi
1789730916,program-aware-vllm-decode-9c9b54cb6-gkzmr,3030m,23650Mi
1789730916,program-aware-vllm-decode-9c9b54cb6-kccxc,2716m,23624Mi
1789730916,program-aware-vllm-decode-9c9b54cb6-mngw2,2986m,23582Mi
1789730916,weka-bench-epp-affinity-r2-wdwcc,1686m,9260Mi
1789730947,program-aware-scheduling-epp-7f5b6c844d-qwcdp,722m,1001Mi
1789730947,program-aware-vllm-decode-9c9b54cb6-f9qsh,2677m,23676Mi
1789730947,program-aware-vllm-decode-9c9b54cb6-gkzmr,2944m,23660Mi
1789730947,program-aware-vllm-decode-9c9b54cb6-kccxc,2991m,23625Mi
1789730947,program-aware-vllm-decode-9c9b54cb6-mngw2,2864m,23586Mi
1789730947,weka-bench-epp-affinity-r2-wdwcc,1639m,9296Mi
1789730979,program-aware-scheduling-epp-7f5b6c844d-qwcdp,782m,1020Mi
1789730979,program-aware-vllm-decode-9c9b54cb6-f9qsh,2824m,23678Mi
1789730979,program-aware-vllm-decode-9c9b54cb6-gkzmr,2851m,23668Mi
1789730979,program-aware-vllm-decode-9c9b54cb6-kccxc,2884m,23629Mi
1789730979,program-aware-vllm-decode-9c9b54cb6-mngw2,3096m,23608Mi
1789730979,weka-bench-epp-affinity-r2-wdwcc,1651m,9340Mi
1789731011,program-aware-scheduling-epp-7f5b6c844d-qwcdp,817m,1033Mi
1789731011,program-aware-vllm-decode-9c9b54cb6-f9qsh,2750m,23677Mi
1789731011,program-aware-vllm-decode-9c9b54cb6-gkzmr,2493m,23673Mi
1789731011,program-aware-vllm-decode-9c9b54cb6-kccxc,2634m,23645Mi
1789731011,program-aware-vllm-decode-9c9b54cb6-mngw2,2715m,23613Mi
1789731011,weka-bench-epp-affinity-r2-wdwcc,1693m,9434Mi
1789731043,program-aware-scheduling-epp-7f5b6c844d-qwcdp,712m,1043Mi
1789731043,program-aware-vllm-decode-9c9b54cb6-f9qsh,2949m,23678Mi
1789731043,program-aware-vllm-decode-9c9b54cb6-gkzmr,2812m,23671Mi
1789731043,program-aware-vllm-decode-9c9b54cb6-kccxc,2699m,23647Mi
1789731043,program-aware-vllm-decode-9c9b54cb6-mngw2,3108m,23616Mi
1789731043,weka-bench-epp-affinity-r2-wdwcc,1634m,9469Mi
1789731075,program-aware-scheduling-epp-7f5b6c844d-qwcdp,650m,1045Mi
1789731075,program-aware-vllm-decode-9c9b54cb6-f9qsh,3018m,23678Mi
1789731075,program-aware-vllm-decode-9c9b54cb6-gkzmr,2849m,23672Mi
1789731075,program-aware-vllm-decode-9c9b54cb6-kccxc,2910m,23651Mi
1789731075,program-aware-vllm-decode-9c9b54cb6-mngw2,3089m,23620Mi
1789731075,weka-bench-epp-affinity-r2-wdwcc,1602m,9498Mi
1789731106,program-aware-scheduling-epp-7f5b6c844d-qwcdp,799m,1054Mi
1789731106,program-aware-vllm-decode-9c9b54cb6-f9qsh,2978m,23733Mi
1789731106,program-aware-vllm-decode-9c9b54cb6-gkzmr,2538m,23676Mi
1789731106,program-aware-vllm-decode-9c9b54cb6-kccxc,2882m,23651Mi
1789731106,program-aware-vllm-decode-9c9b54cb6-mngw2,2574m,23621Mi
1789731106,weka-bench-epp-affinity-r2-wdwcc,1682m,9549Mi
1789731138,program-aware-scheduling-epp-7f5b6c844d-qwcdp,693m,1059Mi
1789731138,program-aware-vllm-decode-9c9b54cb6-f9qsh,2840m,23683Mi
1789731138,program-aware-vllm-decode-9c9b54cb6-gkzmr,3078m,23675Mi
1789731138,program-aware-vllm-decode-9c9b54cb6-kccxc,2843m,23653Mi
1789731138,program-aware-vllm-decode-9c9b54cb6-mngw2,3004m,23629Mi
1789731138,weka-bench-epp-affinity-r2-wdwcc,1620m,9582Mi
1789731170,program-aware-scheduling-epp-7f5b6c844d-qwcdp,876m,1064Mi
1789731170,program-aware-vllm-decode-9c9b54cb6-f9qsh,2682m,23683Mi
1789731170,program-aware-vllm-decode-9c9b54cb6-gkzmr,2867m,23677Mi
1789731170,program-aware-vllm-decode-9c9b54cb6-kccxc,2674m,23656Mi
1789731170,program-aware-vllm-decode-9c9b54cb6-mngw2,2464m,23629Mi
1789731170,weka-bench-epp-affinity-r2-wdwcc,1728m,9623Mi
1789731202,program-aware-scheduling-epp-7f5b6c844d-qwcdp,839m,1067Mi
1789731202,program-aware-vllm-decode-9c9b54cb6-f9qsh,2713m,23700Mi
1789731202,program-aware-vllm-decode-9c9b54cb6-gkzmr,2787m,23676Mi
1789731202,program-aware-vllm-decode-9c9b54cb6-kccxc,2682m,23657Mi
1789731202,program-aware-vllm-decode-9c9b54cb6-mngw2,2809m,23630Mi
1789731202,weka-bench-epp-affinity-r2-wdwcc,1688m,9668Mi
1789731234,program-aware-scheduling-epp-7f5b6c844d-qwcdp,765m,1081Mi
1789731234,program-aware-vllm-decode-9c9b54cb6-f9qsh,2960m,23707Mi
1789731234,program-aware-vllm-decode-9c9b54cb6-gkzmr,2893m,23680Mi
1789731234,program-aware-vllm-decode-9c9b54cb6-kccxc,2855m,23678Mi
1789731234,program-aware-vllm-decode-9c9b54cb6-mngw2,2840m,23641Mi
1789731234,weka-bench-epp-affinity-r2-wdwcc,1656m,9701Mi
1789731266,program-aware-scheduling-epp-7f5b6c844d-qwcdp,792m,1082Mi
1789731266,program-aware-vllm-decode-9c9b54cb6-f9qsh,2835m,23711Mi
1789731266,program-aware-vllm-decode-9c9b54cb6-gkzmr,2814m,23685Mi
1789731266,program-aware-vllm-decode-9c9b54cb6-kccxc,2833m,23695Mi
1789731266,program-aware-vllm-decode-9c9b54cb6-mngw2,2581m,23644Mi
1789731266,weka-bench-epp-affinity-r2-wdwcc,1696m,9731Mi
1789731297,program-aware-scheduling-epp-7f5b6c844d-qwcdp,771m,1094Mi
1789731297,program-aware-vllm-decode-9c9b54cb6-f9qsh,2677m,23710Mi
1789731297,program-aware-vllm-decode-9c9b54cb6-gkzmr,2863m,23696Mi
1789731297,program-aware-vllm-decode-9c9b54cb6-kccxc,2651m,23697Mi
1789731297,program-aware-vllm-decode-9c9b54cb6-mngw2,2855m,23648Mi
1789731297,weka-bench-epp-affinity-r2-wdwcc,1683m,9790Mi
1789731329,program-aware-scheduling-epp-7f5b6c844d-qwcdp,906m,1108Mi
1789731329,program-aware-vllm-decode-9c9b54cb6-f9qsh,2374m,23712Mi
1789731329,program-aware-vllm-decode-9c9b54cb6-gkzmr,2557m,23705Mi
1789731329,program-aware-vllm-decode-9c9b54cb6-kccxc,2673m,23707Mi
1789731329,program-aware-vllm-decode-9c9b54cb6-mngw2,2619m,23648Mi
1789731329,weka-bench-epp-affinity-r2-wdwcc,1773m,9825Mi
1789731361,program-aware-scheduling-epp-7f5b6c844d-qwcdp,781m,1110Mi
1789731361,program-aware-vllm-decode-9c9b54cb6-f9qsh,2869m,23739Mi
1789731361,program-aware-vllm-decode-9c9b54cb6-gkzmr,3113m,23706Mi
1789731361,program-aware-vllm-decode-9c9b54cb6-kccxc,2613m,23707Mi
1789731361,program-aware-vllm-decode-9c9b54cb6-mngw2,2646m,23650Mi
1789731361,weka-bench-epp-affinity-r2-wdwcc,1702m,9871Mi
1789731393,program-aware-scheduling-epp-7f5b6c844d-qwcdp,751m,1116Mi
1789731393,program-aware-vllm-decode-9c9b54cb6-f9qsh,2963m,23739Mi
1789731393,program-aware-vllm-decode-9c9b54cb6-gkzmr,2664m,23709Mi
1789731393,program-aware-vllm-decode-9c9b54cb6-kccxc,2833m,23710Mi
1789731393,program-aware-vllm-decode-9c9b54cb6-mngw2,2786m,23718Mi
1789731393,weka-bench-epp-affinity-r2-wdwcc,1682m,9908Mi
1789731425,program-aware-scheduling-epp-7f5b6c844d-qwcdp,726m,1120Mi
1789731425,program-aware-vllm-decode-9c9b54cb6-f9qsh,2794m,23740Mi
1789731425,program-aware-vllm-decode-9c9b54cb6-gkzmr,3001m,23724Mi
1789731425,program-aware-vllm-decode-9c9b54cb6-kccxc,2912m,23710Mi
1789731425,program-aware-vllm-decode-9c9b54cb6-mngw2,2881m,23718Mi
1789731425,weka-bench-epp-affinity-r2-wdwcc,1671m,9947Mi
1789731457,program-aware-scheduling-epp-7f5b6c844d-qwcdp,825m,1122Mi
1789731457,program-aware-vllm-decode-9c9b54cb6-f9qsh,2750m,23739Mi
1789731457,program-aware-vllm-decode-9c9b54cb6-gkzmr,2730m,23723Mi
1789731457,program-aware-vllm-decode-9c9b54cb6-kccxc,2582m,23714Mi
1789731457,program-aware-vllm-decode-9c9b54cb6-mngw2,2664m,23719Mi
1789731457,weka-bench-epp-affinity-r2-wdwcc,1720m,9978Mi
1789731488,program-aware-scheduling-epp-7f5b6c844d-qwcdp,875m,1120Mi
1789731488,program-aware-vllm-decode-9c9b54cb6-f9qsh,2595m,23740Mi
1789731488,program-aware-vllm-decode-9c9b54cb6-gkzmr,2286m,23725Mi
1789731488,program-aware-vllm-decode-9c9b54cb6-kccxc,2688m,23713Mi
1789731488,program-aware-vllm-decode-9c9b54cb6-mngw2,3028m,23720Mi
1789731488,weka-bench-epp-affinity-r2-wdwcc,1741m,10031Mi
1789731520,program-aware-scheduling-epp-7f5b6c844d-qwcdp,753m,1129Mi
1789731520,program-aware-vllm-decode-9c9b54cb6-f9qsh,2496m,23740Mi
1789731520,program-aware-vllm-decode-9c9b54cb6-gkzmr,2904m,23729Mi
1789731520,program-aware-vllm-decode-9c9b54cb6-kccxc,2546m,23712Mi
1789731520,program-aware-vllm-decode-9c9b54cb6-mngw2,3010m,23722Mi
1789731520,weka-bench-epp-affinity-r2-wdwcc,1695m,10100Mi
1789731552,program-aware-scheduling-epp-7f5b6c844d-qwcdp,826m,1128Mi
1789731552,program-aware-vllm-decode-9c9b54cb6-f9qsh,2687m,23740Mi
1789731552,program-aware-vllm-decode-9c9b54cb6-gkzmr,2568m,23729Mi
1789731552,program-aware-vllm-decode-9c9b54cb6-kccxc,2743m,23712Mi
1789731552,program-aware-vllm-decode-9c9b54cb6-mngw2,2689m,23721Mi
1789731552,weka-bench-epp-affinity-r2-wdwcc,1725m,10147Mi
1789731584,program-aware-scheduling-epp-7f5b6c844d-qwcdp,735m,1128Mi
1789731584,program-aware-vllm-decode-9c9b54cb6-f9qsh,2834m,23739Mi
1789731584,program-aware-vllm-decode-9c9b54cb6-gkzmr,2605m,23731Mi
1789731584,program-aware-vllm-decode-9c9b54cb6-kccxc,2689m,23713Mi
1789731584,program-aware-vllm-decode-9c9b54cb6-mngw2,2889m,23725Mi
1789731584,weka-bench-epp-affinity-r2-wdwcc,1743m,10194Mi
1789731615,program-aware-scheduling-epp-7f5b6c844d-qwcdp,811m,1126Mi
1789731615,program-aware-vllm-decode-9c9b54cb6-f9qsh,2819m,23740Mi
1789731615,program-aware-vllm-decode-9c9b54cb6-gkzmr,2589m,23732Mi
1789731615,program-aware-vllm-decode-9c9b54cb6-kccxc,2819m,23718Mi
1789731615,program-aware-vllm-decode-9c9b54cb6-mngw2,2872m,23726Mi
1789731615,weka-bench-epp-affinity-r2-wdwcc,1705m,10208Mi
1789731647,program-aware-scheduling-epp-7f5b6c844d-qwcdp,709m,1131Mi
1789731647,program-aware-vllm-decode-9c9b54cb6-f9qsh,2845m,23761Mi
1789731647,program-aware-vllm-decode-9c9b54cb6-gkzmr,2960m,23730Mi
1789731647,program-aware-vllm-decode-9c9b54cb6-kccxc,2761m,23726Mi
1789731647,program-aware-vllm-decode-9c9b54cb6-mngw2,2956m,23728Mi
1789731647,weka-bench-epp-affinity-r2-wdwcc,1657m,10270Mi
1789731679,program-aware-scheduling-epp-7f5b6c844d-qwcdp,741m,1139Mi
1789731679,program-aware-vllm-decode-9c9b54cb6-f9qsh,2689m,23813Mi
1789731679,program-aware-vllm-decode-9c9b54cb6-gkzmr,2889m,23732Mi
1789731679,program-aware-vllm-decode-9c9b54cb6-kccxc,2954m,23776Mi
1789731679,program-aware-vllm-decode-9c9b54cb6-mngw2,2864m,23756Mi
1789731679,weka-bench-epp-affinity-r2-wdwcc,1675m,10293Mi
1789731711,program-aware-scheduling-epp-7f5b6c844d-qwcdp,742m,1148Mi
1789731711,program-aware-vllm-decode-9c9b54cb6-f9qsh,2700m,23819Mi
1789731711,program-aware-vllm-decode-9c9b54cb6-gkzmr,2841m,23695Mi
1789731711,program-aware-vllm-decode-9c9b54cb6-kccxc,2651m,23775Mi
1789731711,program-aware-vllm-decode-9c9b54cb6-mngw2,2998m,23758Mi
1789731711,weka-bench-epp-affinity-r2-wdwcc,1705m,10339Mi
1789731743,program-aware-scheduling-epp-7f5b6c844d-qwcdp,749m,1150Mi
1789731743,program-aware-vllm-decode-9c9b54cb6-f9qsh,2710m,23819Mi
1789731743,program-aware-vllm-decode-9c9b54cb6-gkzmr,2584m,23718Mi
1789731743,program-aware-vllm-decode-9c9b54cb6-kccxc,2761m,23801Mi
1789731743,program-aware-vllm-decode-9c9b54cb6-mngw2,2782m,23759Mi
1789731743,weka-bench-epp-affinity-r2-wdwcc,1700m,10380Mi
1789731775,program-aware-scheduling-epp-7f5b6c844d-qwcdp,759m,1169Mi
1789731775,program-aware-vllm-decode-9c9b54cb6-f9qsh,2850m,23821Mi
1789731775,program-aware-vllm-decode-9c9b54cb6-gkzmr,2462m,23720Mi
1789731775,program-aware-vllm-decode-9c9b54cb6-kccxc,2808m,23801Mi
1789731775,program-aware-vllm-decode-9c9b54cb6-mngw2,2655m,23759Mi
1789731775,weka-bench-epp-affinity-r2-wdwcc,1714m,10412Mi
1789731806,program-aware-scheduling-epp-7f5b6c844d-qwcdp,755m,1171Mi
1789731806,program-aware-vllm-decode-9c9b54cb6-f9qsh,3187m,23823Mi
1789731806,program-aware-vllm-decode-9c9b54cb6-gkzmr,2264m,23721Mi
1789731806,program-aware-vllm-decode-9c9b54cb6-kccxc,2993m,23802Mi
1789731806,program-aware-vllm-decode-9c9b54cb6-mngw2,2950m,23761Mi
1789731806,weka-bench-epp-affinity-r2-wdwcc,1698m,10457Mi
1789731838,program-aware-scheduling-epp-7f5b6c844d-qwcdp,751m,1170Mi
1789731838,program-aware-vllm-decode-9c9b54cb6-f9qsh,2854m,23828Mi
1789731838,program-aware-vllm-decode-9c9b54cb6-gkzmr,2891m,23721Mi
1789731838,program-aware-vllm-decode-9c9b54cb6-kccxc,2554m,23804Mi
1789731838,program-aware-vllm-decode-9c9b54cb6-mngw2,2978m,23760Mi
1789731838,weka-bench-epp-affinity-r2-wdwcc,1657m,10504Mi
1789731870,program-aware-scheduling-epp-7f5b6c844d-qwcdp,783m,1171Mi
1789731870,program-aware-vllm-decode-9c9b54cb6-f9qsh,2494m,23831Mi
1789731870,program-aware-vllm-decode-9c9b54cb6-gkzmr,2627m,23723Mi
1789731870,program-aware-vllm-decode-9c9b54cb6-kccxc,2698m,23803Mi
1789731870,program-aware-vllm-decode-9c9b54cb6-mngw2,3119m,23763Mi
1789731870,weka-bench-epp-affinity-r2-wdwcc,1700m,10534Mi
1789731902,program-aware-scheduling-epp-7f5b6c844d-qwcdp,684m,1169Mi
1789731902,program-aware-vllm-decode-9c9b54cb6-f9qsh,2849m,23836Mi
1789731902,program-aware-vllm-decode-9c9b54cb6-gkzmr,2844m,23723Mi
1789731902,program-aware-vllm-decode-9c9b54cb6-kccxc,2713m,23805Mi
1789731902,program-aware-vllm-decode-9c9b54cb6-mngw2,2890m,23761Mi
1789731902,weka-bench-epp-affinity-r2-wdwcc,1685m,10557Mi
1789731934,program-aware-scheduling-epp-7f5b6c844d-qwcdp,753m,1175Mi
1789731934,program-aware-vllm-decode-9c9b54cb6-f9qsh,2924m,23835Mi
1789731934,program-aware-vllm-decode-9c9b54cb6-gkzmr,2622m,23722Mi
1789731934,program-aware-vllm-decode-9c9b54cb6-kccxc,2634m,23807Mi
1789731934,program-aware-vllm-decode-9c9b54cb6-mngw2,2928m,23762Mi
1789731934,weka-bench-epp-affinity-r2-wdwcc,1683m,10596Mi
1789731965,program-aware-scheduling-epp-7f5b6c844d-qwcdp,668m,1177Mi
1789731965,program-aware-vllm-decode-9c9b54cb6-f9qsh,3150m,23835Mi
1789731965,program-aware-vllm-decode-9c9b54cb6-gkzmr,2714m,23724Mi
1789731965,program-aware-vllm-decode-9c9b54cb6-kccxc,2553m,23806Mi
1789731965,program-aware-vllm-decode-9c9b54cb6-mngw2,2927m,23762Mi
1789731965,weka-bench-epp-affinity-r2-wdwcc,1662m,10638Mi
1789731997,program-aware-scheduling-epp-7f5b6c844d-qwcdp,730m,1175Mi
1789731997,program-aware-vllm-decode-9c9b54cb6-f9qsh,2798m,23836Mi
1789731997,program-aware-vllm-decode-9c9b54cb6-gkzmr,2645m,23725Mi
1789731997,program-aware-vllm-decode-9c9b54cb6-kccxc,2604m,23807Mi
1789731997,program-aware-vllm-decode-9c9b54cb6-mngw2,2954m,23763Mi
1789731997,weka-bench-epp-affinity-r2-wdwcc,1706m,10670Mi
1789732029,program-aware-scheduling-epp-7f5b6c844d-qwcdp,825m,1176Mi
1789732029,program-aware-vllm-decode-9c9b54cb6-f9qsh,2682m,23835Mi
1789732029,program-aware-vllm-decode-9c9b54cb6-gkzmr,2601m,23736Mi
1789732029,program-aware-vllm-decode-9c9b54cb6-kccxc,2311m,23807Mi
1789732029,program-aware-vllm-decode-9c9b54cb6-mngw2,2922m,23763Mi
1789732029,weka-bench-epp-affinity-r2-wdwcc,1802m,10706Mi
1789732061,program-aware-scheduling-epp-7f5b6c844d-qwcdp,635m,1194Mi
1789732061,program-aware-vllm-decode-9c9b54cb6-f9qsh,2778m,23833Mi
1789732061,program-aware-vllm-decode-9c9b54cb6-gkzmr,2820m,23764Mi
1789732061,program-aware-vllm-decode-9c9b54cb6-kccxc,2959m,23828Mi
1789732061,program-aware-vllm-decode-9c9b54cb6-mngw2,3198m,23736Mi
1789732061,weka-bench-epp-affinity-r2-wdwcc,1635m,10776Mi
1789732093,program-aware-scheduling-epp-7f5b6c844d-qwcdp,835m,1191Mi
1789732093,program-aware-vllm-decode-9c9b54cb6-f9qsh,2494m,23834Mi
1789732093,program-aware-vllm-decode-9c9b54cb6-gkzmr,2698m,23765Mi
1789732093,program-aware-vllm-decode-9c9b54cb6-kccxc,2486m,23829Mi
1789732093,program-aware-vllm-decode-9c9b54cb6-mngw2,2893m,23738Mi
1789732093,weka-bench-epp-affinity-r2-wdwcc,1754m,10791Mi
1789732125,program-aware-scheduling-epp-7f5b6c844d-qwcdp,815m,1192Mi
1789732125,program-aware-vllm-decode-9c9b54cb6-f9qsh,2424m,23833Mi
1789732125,program-aware-vllm-decode-9c9b54cb6-gkzmr,2715m,23764Mi
1789732125,program-aware-vllm-decode-9c9b54cb6-kccxc,2400m,23829Mi
1789732125,program-aware-vllm-decode-9c9b54cb6-mngw2,2917m,23746Mi
1789732125,weka-bench-epp-affinity-r2-wdwcc,1762m,10857Mi
1789732156,program-aware-scheduling-epp-7f5b6c844d-qwcdp,657m,1193Mi
1789732156,program-aware-vllm-decode-9c9b54cb6-f9qsh,3072m,23842Mi
1789732156,program-aware-vllm-decode-9c9b54cb6-gkzmr,2907m,23764Mi
1789732156,program-aware-vllm-decode-9c9b54cb6-kccxc,2530m,23828Mi
1789732156,program-aware-vllm-decode-9c9b54cb6-mngw2,3008m,23746Mi
1789732156,weka-bench-epp-affinity-r2-wdwcc,1689m,10895Mi
1789732188,program-aware-scheduling-epp-7f5b6c844d-qwcdp,789m,1202Mi
1789732188,program-aware-vllm-decode-9c9b54cb6-f9qsh,2926m,23843Mi
1789732188,program-aware-vllm-decode-9c9b54cb6-gkzmr,2408m,23764Mi
1789732188,program-aware-vllm-decode-9c9b54cb6-kccxc,2611m,23829Mi
1789732188,program-aware-vllm-decode-9c9b54cb6-mngw2,2989m,23747Mi
1789732188,weka-bench-epp-affinity-r2-wdwcc,1731m,10922Mi
1789732220,program-aware-scheduling-epp-7f5b6c844d-qwcdp,722m,1202Mi
1789732220,program-aware-vllm-decode-9c9b54cb6-f9qsh,2718m,23848Mi
1789732220,program-aware-vllm-decode-9c9b54cb6-gkzmr,2807m,23764Mi
1789732220,program-aware-vllm-decode-9c9b54cb6-kccxc,2767m,23832Mi
1789732220,program-aware-vllm-decode-9c9b54cb6-mngw2,3149m,23748Mi
1789732220,weka-bench-epp-affinity-r2-wdwcc,1725m,10957Mi
1789732252,program-aware-scheduling-epp-7f5b6c844d-qwcdp,824m,1201Mi
1789732252,program-aware-vllm-decode-9c9b54cb6-f9qsh,2702m,23850Mi
1789732252,program-aware-vllm-decode-9c9b54cb6-gkzmr,2294m,23764Mi
1789732252,program-aware-vllm-decode-9c9b54cb6-kccxc,2720m,23833Mi
1789732252,program-aware-vllm-decode-9c9b54cb6-mngw2,2603m,23762Mi
1789732252,weka-bench-epp-affinity-r2-wdwcc,1758m,10981Mi
1789732283,program-aware-scheduling-epp-7f5b6c844d-qwcdp,681m,1200Mi
1789732283,program-aware-vllm-decode-9c9b54cb6-f9qsh,2557m,23852Mi
1789732283,program-aware-vllm-decode-9c9b54cb6-gkzmr,2677m,23764Mi
1789732283,program-aware-vllm-decode-9c9b54cb6-kccxc,2738m,23833Mi
1789732283,program-aware-vllm-decode-9c9b54cb6-mngw2,2898m,23766Mi
1789732283,weka-bench-epp-affinity-r2-wdwcc,1748m,11025Mi
1789732315,program-aware-scheduling-epp-7f5b6c844d-qwcdp,729m,1209Mi
1789732315,program-aware-vllm-decode-9c9b54cb6-f9qsh,2681m,23860Mi
1789732315,program-aware-vllm-decode-9c9b54cb6-gkzmr,2507m,23764Mi
1789732315,program-aware-vllm-decode-9c9b54cb6-kccxc,2804m,23836Mi
1789732315,program-aware-vllm-decode-9c9b54cb6-mngw2,3046m,23767Mi
1789732315,weka-bench-epp-affinity-r2-wdwcc,1746m,11077Mi
1789732347,program-aware-scheduling-epp-7f5b6c844d-qwcdp,753m,1215Mi
1789732347,program-aware-vllm-decode-9c9b54cb6-f9qsh,2773m,23864Mi
1789732347,program-aware-vllm-decode-9c9b54cb6-gkzmr,2348m,23764Mi
1789732347,program-aware-vllm-decode-9c9b54cb6-kccxc,2563m,23843Mi
1789732347,program-aware-vllm-decode-9c9b54cb6-mngw2,2984m,23767Mi
1789732347,weka-bench-epp-affinity-r2-wdwcc,1782m,11107Mi
1789732379,program-aware-scheduling-epp-7f5b6c844d-qwcdp,753m,1220Mi
1789732379,program-aware-vllm-decode-9c9b54cb6-f9qsh,2738m,23874Mi
1789732379,program-aware-vllm-decode-9c9b54cb6-gkzmr,2617m,23763Mi
1789732379,program-aware-vllm-decode-9c9b54cb6-kccxc,2526m,23844Mi
1789732379,program-aware-vllm-decode-9c9b54cb6-mngw2,2789m,23769Mi
1789732379,weka-bench-epp-affinity-r2-wdwcc,1755m,11126Mi
1789732410,program-aware-scheduling-epp-7f5b6c844d-qwcdp,664m,1222Mi
1789732410,program-aware-vllm-decode-9c9b54cb6-f9qsh,3030m,23876Mi
1789732410,program-aware-vllm-decode-9c9b54cb6-gkzmr,2542m,23764Mi
1789732410,program-aware-vllm-decode-9c9b54cb6-kccxc,2642m,23848Mi
1789732410,program-aware-vllm-decode-9c9b54cb6-mngw2,3038m,23784Mi
1789732410,weka-bench-epp-affinity-r2-wdwcc,1678m,11170Mi
1789732442,program-aware-scheduling-epp-7f5b6c844d-qwcdp,776m,1225Mi
1789732442,program-aware-vllm-decode-9c9b54cb6-f9qsh,2492m,23875Mi
1789732442,program-aware-vllm-decode-9c9b54cb6-gkzmr,2710m,23763Mi
1789732442,program-aware-vllm-decode-9c9b54cb6-kccxc,2438m,23848Mi
1789732442,program-aware-vllm-decode-9c9b54cb6-mngw2,2915m,23789Mi
1789732442,weka-bench-epp-affinity-r2-wdwcc,1805m,11192Mi
1789732474,program-aware-scheduling-epp-7f5b6c844d-qwcdp,762m,1235Mi
1789732474,program-aware-vllm-decode-9c9b54cb6-f9qsh,2917m,23877Mi
1789732474,program-aware-vllm-decode-9c9b54cb6-gkzmr,2571m,23763Mi
1789732474,program-aware-vllm-decode-9c9b54cb6-kccxc,2433m,23858Mi
1789732474,program-aware-vllm-decode-9c9b54cb6-mngw2,2863m,23789Mi
1789732474,weka-bench-epp-affinity-r2-wdwcc,1774m,11237Mi
1789732506,program-aware-scheduling-epp-7f5b6c844d-qwcdp,788m,1238Mi
1789732506,program-aware-vllm-decode-9c9b54cb6-f9qsh,3046m,23882Mi
1789732506,program-aware-vllm-decode-9c9b54cb6-gkzmr,2284m,23764Mi
1789732506,program-aware-vllm-decode-9c9b54cb6-kccxc,2608m,23861Mi
1789732506,program-aware-vllm-decode-9c9b54cb6-mngw2,2776m,23789Mi
1789732506,weka-bench-epp-affinity-r2-wdwcc,1814m,11271Mi
1789732538,program-aware-scheduling-epp-7f5b6c844d-qwcdp,774m,1237Mi
1789732538,program-aware-vllm-decode-9c9b54cb6-f9qsh,2982m,23882Mi
1789732538,program-aware-vllm-decode-9c9b54cb6-gkzmr,2367m,23764Mi
1789732538,program-aware-vllm-decode-9c9b54cb6-kccxc,2645m,23863Mi
1789732538,program-aware-vllm-decode-9c9b54cb6-mngw2,2753m,23789Mi
1789732538,weka-bench-epp-affinity-r2-wdwcc,1765m,11303Mi
1789732569,program-aware-scheduling-epp-7f5b6c844d-qwcdp,769m,1250Mi
1789732569,program-aware-vllm-decode-9c9b54cb6-f9qsh,2953m,23881Mi
1789732569,program-aware-vllm-decode-9c9b54cb6-gkzmr,2556m,23765Mi
1789732569,program-aware-vllm-decode-9c9b54cb6-kccxc,2710m,23886Mi
1789732569,program-aware-vllm-decode-9c9b54cb6-mngw2,2795m,23789Mi
1789732569,weka-bench-epp-affinity-r2-wdwcc,1786m,11340Mi
1789732601,program-aware-scheduling-epp-7f5b6c844d-qwcdp,653m,1260Mi
1789732601,program-aware-vllm-decode-9c9b54cb6-f9qsh,2892m,23885Mi
1789732601,program-aware-vllm-decode-9c9b54cb6-gkzmr,2643m,23827Mi
1789732601,program-aware-vllm-decode-9c9b54cb6-kccxc,3022m,23888Mi
1789732601,program-aware-vllm-decode-9c9b54cb6-mngw2,3038m,23789Mi
1789732601,weka-bench-epp-affinity-r2-wdwcc,1649m,11404Mi
1789732633,program-aware-scheduling-epp-7f5b6c844d-qwcdp,743m,1266Mi
1789732633,program-aware-vllm-decode-9c9b54cb6-f9qsh,2805m,23888Mi
1789732633,program-aware-vllm-decode-9c9b54cb6-gkzmr,2678m,23828Mi
1789732633,program-aware-vllm-decode-9c9b54cb6-kccxc,2531m,23887Mi
1789732633,program-aware-vllm-decode-9c9b54cb6-mngw2,2965m,23787Mi
1789732633,weka-bench-epp-affinity-r2-wdwcc,1736m,11435Mi
1789732664,program-aware-scheduling-epp-7f5b6c844d-qwcdp,678m,1268Mi
1789732664,program-aware-vllm-decode-9c9b54cb6-f9qsh,2886m,23888Mi
1789732664,program-aware-vllm-decode-9c9b54cb6-gkzmr,2856m,23828Mi
1789732664,program-aware-vllm-decode-9c9b54cb6-kccxc,2778m,23901Mi
1789732664,program-aware-vllm-decode-9c9b54cb6-mngw2,2827m,23787Mi
1789732664,weka-bench-epp-affinity-r2-wdwcc,1692m,11483Mi
1789732696,program-aware-scheduling-epp-7f5b6c844d-qwcdp,633m,1268Mi
1789732696,program-aware-vllm-decode-9c9b54cb6-f9qsh,2606m,23890Mi
1789732696,program-aware-vllm-decode-9c9b54cb6-gkzmr,2998m,23829Mi
1789732696,program-aware-vllm-decode-9c9b54cb6-kccxc,2756m,23900Mi
1789732696,program-aware-vllm-decode-9c9b54cb6-mngw2,2821m,23788Mi
1789732696,weka-bench-epp-affinity-r2-wdwcc,1635m,11500Mi
1789732728,program-aware-scheduling-epp-7f5b6c844d-qwcdp,770m,1267Mi
1789732728,program-aware-vllm-decode-9c9b54cb6-f9qsh,2514m,23889Mi
1789732728,program-aware-vllm-decode-9c9b54cb6-gkzmr,2824m,23829Mi
1789732728,program-aware-vllm-decode-9c9b54cb6-kccxc,2481m,23899Mi
1789732728,program-aware-vllm-decode-9c9b54cb6-mngw2,2795m,23788Mi
1789732728,weka-bench-epp-affinity-r2-wdwcc,1739m,11520Mi
1789732760,program-aware-scheduling-epp-7f5b6c844d-qwcdp,757m,1272Mi
1789732760,program-aware-vllm-decode-9c9b54cb6-f9qsh,2640m,23888Mi
1789732760,program-aware-vllm-decode-9c9b54cb6-gkzmr,2902m,23830Mi
1789732760,program-aware-vllm-decode-9c9b54cb6-kccxc,2593m,23898Mi
1789732760,program-aware-vllm-decode-9c9b54cb6-mngw2,2775m,23788Mi
1789732760,weka-bench-epp-affinity-r2-wdwcc,1675m,11563Mi
1789732791,program-aware-scheduling-epp-7f5b6c844d-qwcdp,766m,1273Mi
1789732791,program-aware-vllm-decode-9c9b54cb6-f9qsh,2552m,23888Mi
1789732791,program-aware-vllm-decode-9c9b54cb6-gkzmr,2681m,23829Mi
1789732791,program-aware-vllm-decode-9c9b54cb6-kccxc,2853m,23898Mi
1789732791,program-aware-vllm-decode-9c9b54cb6-mngw2,2837m,23794Mi
1789732791,weka-bench-epp-affinity-r2-wdwcc,1701m,11594Mi
1789732823,program-aware-scheduling-epp-7f5b6c844d-qwcdp,725m,1275Mi
1789732823,program-aware-vllm-decode-9c9b54cb6-f9qsh,2769m,23894Mi
1789732823,program-aware-vllm-decode-9c9b54cb6-gkzmr,2898m,23830Mi
1789732823,program-aware-vllm-decode-9c9b54cb6-kccxc,2228m,23898Mi
1789732823,program-aware-vllm-decode-9c9b54cb6-mngw2,2735m,23797Mi
1789732823,weka-bench-epp-affinity-r2-wdwcc,1692m,11627Mi
1789732855,program-aware-scheduling-epp-7f5b6c844d-qwcdp,779m,1274Mi
1789732855,program-aware-vllm-decode-9c9b54cb6-f9qsh,2895m,23898Mi
1789732855,program-aware-vllm-decode-9c9b54cb6-gkzmr,2458m,23832Mi
1789732855,program-aware-vllm-decode-9c9b54cb6-kccxc,2637m,23899Mi
1789732855,program-aware-vllm-decode-9c9b54cb6-mngw2,2884m,23797Mi
1789732855,weka-bench-epp-affinity-r2-wdwcc,1729m,11670Mi
1789732887,program-aware-scheduling-epp-7f5b6c844d-qwcdp,859m,1275Mi
1789732887,program-aware-vllm-decode-9c9b54cb6-f9qsh,2343m,23901Mi
1789732887,program-aware-vllm-decode-9c9b54cb6-gkzmr,2257m,23831Mi
1789732887,program-aware-vllm-decode-9c9b54cb6-kccxc,2173m,23900Mi
1789732887,program-aware-vllm-decode-9c9b54cb6-mngw2,3017m,23800Mi
1789732887,weka-bench-epp-affinity-r2-wdwcc,1265m,11707Mi
1789732919,program-aware-scheduling-epp-7f5b6c844d-qwcdp,845m,1249Mi
1789732919,program-aware-vllm-decode-9c9b54cb6-f9qsh,1911m,23903Mi
1789732919,program-aware-vllm-decode-9c9b54cb6-gkzmr,2491m,23830Mi
1789732919,program-aware-vllm-decode-9c9b54cb6-kccxc,2650m,23899Mi
1789732919,program-aware-vllm-decode-9c9b54cb6-mngw2,2709m,23801Mi
1789732919,weka-bench-epp-affinity-r2-wdwcc,393m,11730Mi
1789732950,program-aware-scheduling-epp-7f5b6c844d-qwcdp,741m,1157Mi
1789732950,program-aware-vllm-decode-9c9b54cb6-f9qsh,2527m,23901Mi
1789732950,program-aware-vllm-decode-9c9b54cb6-gkzmr,2589m,23830Mi
1789732950,program-aware-vllm-decode-9c9b54cb6-kccxc,2158m,23900Mi
1789732950,program-aware-vllm-decode-9c9b54cb6-mngw2,2712m,23800Mi
1789732950,weka-bench-epp-affinity-r2-wdwcc,367m,11754Mi
1789732982,program-aware-scheduling-epp-7f5b6c844d-qwcdp,829m,1065Mi
1789732982,program-aware-vllm-decode-9c9b54cb6-f9qsh,2522m,23902Mi
1789732982,program-aware-vllm-decode-9c9b54cb6-gkzmr,2444m,23831Mi
1789732982,program-aware-vllm-decode-9c9b54cb6-kccxc,2334m,23900Mi
1789732982,program-aware-vllm-decode-9c9b54cb6-mngw2,2545m,23801Mi
1789732982,weka-bench-epp-affinity-r2-wdwcc,425m,11785Mi
1789733014,program-aware-scheduling-epp-7f5b6c844d-qwcdp,558m,144Mi
1789733014,program-aware-vllm-decode-9c9b54cb6-f9qsh,1866m,23797Mi
1789733014,program-aware-vllm-decode-9c9b54cb6-gkzmr,2318m,23680Mi
1789733014,program-aware-vllm-decode-9c9b54cb6-kccxc,2560m,23844Mi
1789733014,program-aware-vllm-decode-9c9b54cb6-mngw2,2072m,23748Mi
1789733014,weka-bench-epp-affinity-r2-wdwcc,613m,4862Mi
1789733046,program-aware-scheduling-epp-7f5b6c844d-qwcdp,474m,144Mi
1789733046,program-aware-vllm-decode-9c9b54cb6-f9qsh,195m,23798Mi
1789733046,program-aware-vllm-decode-9c9b54cb6-gkzmr,197m,23679Mi
1789733046,program-aware-vllm-decode-9c9b54cb6-kccxc,111m,23844Mi
1789733046,program-aware-vllm-decode-9c9b54cb6-mngw2,185m,23748Mi
1789733046,weka-bench-epp-affinity-r2-wdwcc,1018m,4870Mi
1789733077,program-aware-scheduling-epp-7f5b6c844d-qwcdp,470m,143Mi
1789733077,program-aware-vllm-decode-9c9b54cb6-f9qsh,192m,23798Mi
1789733077,program-aware-vllm-decode-9c9b54cb6-gkzmr,196m,23679Mi
1789733077,program-aware-vllm-decode-9c9b54cb6-kccxc,108m,23843Mi
1789733077,program-aware-vllm-decode-9c9b54cb6-mngw2,187m,23748Mi
1789733077,weka-bench-epp-affinity-r2-wdwcc,1019m,4882Mi
1789733109,program-aware-scheduling-epp-7f5b6c844d-qwcdp,480m,142Mi
1789733109,program-aware-vllm-decode-9c9b54cb6-f9qsh,191m,23797Mi
1789733109,program-aware-vllm-decode-9c9b54cb6-gkzmr,197m,23680Mi
1789733109,program-aware-vllm-decode-9c9b54cb6-kccxc,110m,23844Mi
1789733109,program-aware-vllm-decode-9c9b54cb6-mngw2,189m,23748Mi
1789733109,weka-bench-epp-affinity-r2-wdwcc,1020m,4869Mi
1789733141,program-aware-scheduling-epp-7f5b6c844d-qwcdp,487m,139Mi
1789733141,program-aware-vllm-decode-9c9b54cb6-f9qsh,195m,23797Mi
1789733141,program-aware-vllm-decode-9c9b54cb6-gkzmr,197m,23679Mi
1789733141,program-aware-vllm-decode-9c9b54cb6-kccxc,107m,23843Mi
1789733141,program-aware-vllm-decode-9c9b54cb6-mngw2,186m,23749Mi
1789733141,weka-bench-epp-affinity-r2-wdwcc,1020m,4885Mi
1789733173,program-aware-scheduling-epp-7f5b6c844d-qwcdp,465m,137Mi
1789733173,program-aware-vllm-decode-9c9b54cb6-f9qsh,192m,23797Mi
1789733173,program-aware-vllm-decode-9c9b54cb6-gkzmr,197m,23679Mi
1789733173,program-aware-vllm-decode-9c9b54cb6-kccxc,109m,23844Mi
1789733173,program-aware-vllm-decode-9c9b54cb6-mngw2,187m,23749Mi
1789733173,weka-bench-epp-affinity-r2-wdwcc,1022m,4883Mi
1789733205,program-aware-scheduling-epp-7f5b6c844d-qwcdp,464m,138Mi
1789733205,program-aware-vllm-decode-9c9b54cb6-f9qsh,190m,23797Mi
1789733205,program-aware-vllm-decode-9c9b54cb6-gkzmr,194m,23679Mi
1789733205,program-aware-vllm-decode-9c9b54cb6-kccxc,108m,23843Mi
1789733205,program-aware-vllm-decode-9c9b54cb6-mngw2,186m,23749Mi
1789733205,weka-bench-epp-affinity-r2-wdwcc,1019m,4906Mi
1789733236,program-aware-scheduling-epp-7f5b6c844d-qwcdp,466m,139Mi
1789733236,program-aware-vllm-decode-9c9b54cb6-f9qsh,190m,23797Mi
1789733236,program-aware-vllm-decode-9c9b54cb6-gkzmr,198m,23679Mi
1789733236,program-aware-vllm-decode-9c9b54cb6-kccxc,108m,23843Mi
1789733236,program-aware-vllm-decode-9c9b54cb6-mngw2,188m,23749Mi
1789733236,weka-bench-epp-affinity-r2-wdwcc,1017m,4919Mi
