1789990888,program-aware-scheduling-epp-7d8988d855-dhnnm,549m,44Mi
1789990888,program-aware-vllm-decode-9c9b54cb6-f9qsh,106m,23484Mi
1789990888,program-aware-vllm-decode-9c9b54cb6-gkzmr,106m,23480Mi
1789990888,program-aware-vllm-decode-9c9b54cb6-kccxc,110m,23499Mi
1789990888,program-aware-vllm-decode-9c9b54cb6-mngw2,107m,23457Mi
1789990888,weka-bench-epp-thunder-origin-u15-f25-c128-r3-76skg,885m,214Mi
1789990921,program-aware-scheduling-epp-7d8988d855-dhnnm,545m,46Mi
1789990921,program-aware-vllm-decode-9c9b54cb6-f9qsh,108m,23484Mi
1789990921,program-aware-vllm-decode-9c9b54cb6-gkzmr,110m,23480Mi
1789990921,program-aware-vllm-decode-9c9b54cb6-kccxc,111m,23499Mi
1789990921,program-aware-vllm-decode-9c9b54cb6-mngw2,108m,23457Mi
1789990921,weka-bench-epp-thunder-origin-u15-f25-c128-r3-76skg,1206m,142Mi
1789990952,program-aware-scheduling-epp-7d8988d855-dhnnm,546m,47Mi
1789990952,program-aware-vllm-decode-9c9b54cb6-f9qsh,110m,23484Mi
1789990952,program-aware-vllm-decode-9c9b54cb6-gkzmr,110m,23481Mi
1789990952,program-aware-vllm-decode-9c9b54cb6-kccxc,113m,23499Mi
1789990952,program-aware-vllm-decode-9c9b54cb6-mngw2,111m,23456Mi
1789990952,weka-bench-epp-thunder-origin-u15-f25-c128-r3-76skg,909m,894Mi
1789990984,program-aware-scheduling-epp-7d8988d855-dhnnm,547m,46Mi
1789990984,program-aware-vllm-decode-9c9b54cb6-f9qsh,112m,23484Mi
1789990984,program-aware-vllm-decode-9c9b54cb6-gkzmr,109m,23482Mi
1789990984,program-aware-vllm-decode-9c9b54cb6-kccxc,114m,23499Mi
1789990984,program-aware-vllm-decode-9c9b54cb6-mngw2,107m,23456Mi
1789990984,weka-bench-epp-thunder-origin-u15-f25-c128-r3-76skg,4743m,4194Mi
1789991016,program-aware-scheduling-epp-7d8988d855-dhnnm,545m,45Mi
1789991016,program-aware-vllm-decode-9c9b54cb6-f9qsh,110m,23485Mi
1789991016,program-aware-vllm-decode-9c9b54cb6-gkzmr,110m,23480Mi
1789991016,program-aware-vllm-decode-9c9b54cb6-kccxc,114m,23500Mi
1789991016,program-aware-vllm-decode-9c9b54cb6-mngw2,107m,23456Mi
1789991016,weka-bench-epp-thunder-origin-u15-f25-c128-r3-76skg,7476m,5107Mi
1789991048,program-aware-scheduling-epp-7d8988d855-dhnnm,551m,47Mi
1789991048,program-aware-vllm-decode-9c9b54cb6-f9qsh,108m,23484Mi
1789991048,program-aware-vllm-decode-9c9b54cb6-gkzmr,110m,23481Mi
1789991048,program-aware-vllm-decode-9c9b54cb6-kccxc,112m,23499Mi
1789991048,program-aware-vllm-decode-9c9b54cb6-mngw2,108m,23456Mi
1789991048,weka-bench-epp-thunder-origin-u15-f25-c128-r3-76skg,7916m,5693Mi
1789991080,program-aware-scheduling-epp-7d8988d855-dhnnm,544m,47Mi
1789991080,program-aware-vllm-decode-9c9b54cb6-f9qsh,468m,23437Mi
1789991080,program-aware-vllm-decode-9c9b54cb6-gkzmr,756m,23439Mi
1789991080,program-aware-vllm-decode-9c9b54cb6-kccxc,111m,23499Mi
1789991080,program-aware-vllm-decode-9c9b54cb6-mngw2,107m,23456Mi
1789991080,weka-bench-epp-thunder-origin-u15-f25-c128-r3-76skg,7908m,6716Mi
1789991111,program-aware-scheduling-epp-7d8988d855-dhnnm,1235m,330Mi
1789991111,program-aware-vllm-decode-9c9b54cb6-f9qsh,2875m,23492Mi
1789991111,program-aware-vllm-decode-9c9b54cb6-gkzmr,1923m,23449Mi
1789991111,program-aware-vllm-decode-9c9b54cb6-kccxc,2298m,23450Mi
1789991111,program-aware-vllm-decode-9c9b54cb6-mngw2,3135m,23507Mi
1789991111,weka-bench-epp-thunder-origin-u15-f25-c128-r3-76skg,3188m,7457Mi
1789991143,program-aware-scheduling-epp-7d8988d855-dhnnm,1573m,352Mi
1789991143,program-aware-vllm-decode-9c9b54cb6-f9qsh,2058m,23487Mi
1789991143,program-aware-vllm-decode-9c9b54cb6-gkzmr,1993m,23454Mi
1789991143,program-aware-vllm-decode-9c9b54cb6-kccxc,2056m,23453Mi
1789991143,program-aware-vllm-decode-9c9b54cb6-mngw2,2170m,23513Mi
1789991143,weka-bench-epp-thunder-origin-u15-f25-c128-r3-76skg,3535m,7514Mi
1789991175,program-aware-scheduling-epp-7d8988d855-dhnnm,1639m,372Mi
1789991175,program-aware-vllm-decode-9c9b54cb6-f9qsh,2086m,23492Mi
1789991175,program-aware-vllm-decode-9c9b54cb6-gkzmr,1756m,23457Mi
1789991175,program-aware-vllm-decode-9c9b54cb6-kccxc,2325m,23469Mi
1789991175,program-aware-vllm-decode-9c9b54cb6-mngw2,1906m,23527Mi
1789991175,weka-bench-epp-thunder-origin-u15-f25-c128-r3-76skg,3780m,7681Mi
1789991207,program-aware-scheduling-epp-7d8988d855-dhnnm,1616m,385Mi
1789991207,program-aware-vllm-decode-9c9b54cb6-f9qsh,2390m,23505Mi
1789991207,program-aware-vllm-decode-9c9b54cb6-gkzmr,2205m,23462Mi
1789991207,program-aware-vllm-decode-9c9b54cb6-kccxc,1956m,23473Mi
1789991207,program-aware-vllm-decode-9c9b54cb6-mngw2,1842m,23530Mi
1789991207,weka-bench-epp-thunder-origin-u15-f25-c128-r3-76skg,3800m,7772Mi
1789991239,program-aware-scheduling-epp-7d8988d855-dhnnm,1537m,403Mi
1789991239,program-aware-vllm-decode-9c9b54cb6-f9qsh,2165m,23529Mi
1789991239,program-aware-vllm-decode-9c9b54cb6-gkzmr,1986m,23492Mi
1789991239,program-aware-vllm-decode-9c9b54cb6-kccxc,2197m,23491Mi
1789991239,program-aware-vllm-decode-9c9b54cb6-mngw2,1878m,23537Mi
1789991239,weka-bench-epp-thunder-origin-u15-f25-c128-r3-76skg,3729m,7859Mi
1789991271,program-aware-scheduling-epp-7d8988d855-dhnnm,1387m,426Mi
1789991271,program-aware-vllm-decode-9c9b54cb6-f9qsh,2607m,23527Mi
1789991271,program-aware-vllm-decode-9c9b54cb6-gkzmr,1878m,23513Mi
1789991271,program-aware-vllm-decode-9c9b54cb6-kccxc,2012m,23494Mi
1789991271,program-aware-vllm-decode-9c9b54cb6-mngw2,2279m,23536Mi
1789991271,weka-bench-epp-thunder-origin-u15-f25-c128-r3-76skg,3712m,7935Mi
1789991302,program-aware-scheduling-epp-7d8988d855-dhnnm,1183m,444Mi
1789991302,program-aware-vllm-decode-9c9b54cb6-f9qsh,2834m,23531Mi
1789991302,program-aware-vllm-decode-9c9b54cb6-gkzmr,2044m,23533Mi
1789991302,program-aware-vllm-decode-9c9b54cb6-kccxc,2350m,23507Mi
1789991302,program-aware-vllm-decode-9c9b54cb6-mngw2,2382m,23538Mi
1789991302,weka-bench-epp-thunder-origin-u15-f25-c128-r3-76skg,3504m,8005Mi
1789991334,program-aware-scheduling-epp-7d8988d855-dhnnm,1329m,452Mi
1789991334,program-aware-vllm-decode-9c9b54cb6-f9qsh,2639m,23533Mi
1789991334,program-aware-vllm-decode-9c9b54cb6-gkzmr,2044m,23557Mi
1789991334,program-aware-vllm-decode-9c9b54cb6-kccxc,1995m,23522Mi
1789991334,program-aware-vllm-decode-9c9b54cb6-mngw2,2125m,23537Mi
1789991334,weka-bench-epp-thunder-origin-u15-f25-c128-r3-76skg,3578m,8093Mi
1789991366,program-aware-scheduling-epp-7d8988d855-dhnnm,1241m,459Mi
1789991366,program-aware-vllm-decode-9c9b54cb6-f9qsh,2661m,23532Mi
1789991366,program-aware-vllm-decode-9c9b54cb6-gkzmr,1850m,23521Mi
1789991366,program-aware-vllm-decode-9c9b54cb6-kccxc,2739m,23534Mi
1789991366,program-aware-vllm-decode-9c9b54cb6-mngw2,2142m,23541Mi
1789991366,weka-bench-epp-thunder-origin-u15-f25-c128-r3-76skg,3573m,8143Mi
1789991398,program-aware-scheduling-epp-7d8988d855-dhnnm,1293m,459Mi
1789991398,program-aware-vllm-decode-9c9b54cb6-f9qsh,2568m,23533Mi
1789991398,program-aware-vllm-decode-9c9b54cb6-gkzmr,2009m,23528Mi
1789991398,program-aware-vllm-decode-9c9b54cb6-kccxc,2173m,23533Mi
1789991398,program-aware-vllm-decode-9c9b54cb6-mngw2,2315m,23543Mi
1789991398,weka-bench-epp-thunder-origin-u15-f25-c128-r3-76skg,3578m,8209Mi
1789991429,program-aware-scheduling-epp-7d8988d855-dhnnm,1107m,469Mi
1789991429,program-aware-vllm-decode-9c9b54cb6-f9qsh,2911m,23534Mi
1789991429,program-aware-vllm-decode-9c9b54cb6-gkzmr,2191m,23528Mi
1789991429,program-aware-vllm-decode-9c9b54cb6-kccxc,2205m,23532Mi
1789991429,program-aware-vllm-decode-9c9b54cb6-mngw2,2442m,23544Mi
1789991429,weka-bench-epp-thunder-origin-u15-f25-c128-r3-76skg,3233m,8269Mi
1789991461,program-aware-scheduling-epp-7d8988d855-dhnnm,1016m,478Mi
1789991461,program-aware-vllm-decode-9c9b54cb6-f9qsh,2624m,23535Mi
1789991461,program-aware-vllm-decode-9c9b54cb6-gkzmr,2436m,23532Mi
1789991461,program-aware-vllm-decode-9c9b54cb6-kccxc,2805m,23540Mi
1789991461,program-aware-vllm-decode-9c9b54cb6-mngw2,2832m,23545Mi
1789991461,weka-bench-epp-thunder-origin-u15-f25-c128-r3-76skg,3195m,8307Mi
1789991493,program-aware-scheduling-epp-7d8988d855-dhnnm,963m,477Mi
1789991493,program-aware-vllm-decode-9c9b54cb6-f9qsh,2713m,23534Mi
1789991493,program-aware-vllm-decode-9c9b54cb6-gkzmr,2623m,23533Mi
1789991493,program-aware-vllm-decode-9c9b54cb6-kccxc,2655m,23540Mi
1789991493,program-aware-vllm-decode-9c9b54cb6-mngw2,2702m,23546Mi
1789991493,weka-bench-epp-thunder-origin-u15-f25-c128-r3-76skg,3033m,8346Mi
1789991525,program-aware-scheduling-epp-7d8988d855-dhnnm,936m,477Mi
1789991525,program-aware-vllm-decode-9c9b54cb6-f9qsh,2406m,23534Mi
1789991525,program-aware-vllm-decode-9c9b54cb6-gkzmr,2730m,23533Mi
1789991525,program-aware-vllm-decode-9c9b54cb6-kccxc,3102m,23541Mi
1789991525,program-aware-vllm-decode-9c9b54cb6-mngw2,2697m,23546Mi
1789991525,weka-bench-epp-thunder-origin-u15-f25-c128-r3-76skg,3104m,8409Mi
1789991556,program-aware-scheduling-epp-7d8988d855-dhnnm,1167m,479Mi
1789991556,program-aware-vllm-decode-9c9b54cb6-f9qsh,2742m,23534Mi
1789991556,program-aware-vllm-decode-9c9b54cb6-gkzmr,2565m,23534Mi
1789991556,program-aware-vllm-decode-9c9b54cb6-kccxc,2441m,23541Mi
1789991556,program-aware-vllm-decode-9c9b54cb6-mngw2,2333m,23546Mi
1789991556,weka-bench-epp-thunder-origin-u15-f25-c128-r3-76skg,3304m,8435Mi
1789991588,program-aware-scheduling-epp-7d8988d855-dhnnm,1083m,492Mi
1789991588,program-aware-vllm-decode-9c9b54cb6-f9qsh,2634m,23534Mi
1789991588,program-aware-vllm-decode-9c9b54cb6-gkzmr,2765m,23534Mi
1789991588,program-aware-vllm-decode-9c9b54cb6-kccxc,2619m,23541Mi
1789991588,program-aware-vllm-decode-9c9b54cb6-mngw2,2746m,23546Mi
1789991588,weka-bench-epp-thunder-origin-u15-f25-c128-r3-76skg,3141m,8474Mi
1789991620,program-aware-scheduling-epp-7d8988d855-dhnnm,1044m,496Mi
1789991620,program-aware-vllm-decode-9c9b54cb6-f9qsh,2779m,23533Mi
1789991620,program-aware-vllm-decode-9c9b54cb6-gkzmr,2704m,23535Mi
1789991620,program-aware-vllm-decode-9c9b54cb6-kccxc,2948m,23539Mi
1789991620,program-aware-vllm-decode-9c9b54cb6-mngw2,2790m,23545Mi
1789991620,weka-bench-epp-thunder-origin-u15-f25-c128-r3-76skg,3128m,8551Mi
1789991652,program-aware-scheduling-epp-7d8988d855-dhnnm,1145m,497Mi
1789991652,program-aware-vllm-decode-9c9b54cb6-f9qsh,2630m,23534Mi
1789991652,program-aware-vllm-decode-9c9b54cb6-gkzmr,2610m,23539Mi
1789991652,program-aware-vllm-decode-9c9b54cb6-kccxc,2409m,23538Mi
1789991652,program-aware-vllm-decode-9c9b54cb6-mngw2,2560m,23544Mi
1789991652,weka-bench-epp-thunder-origin-u15-f25-c128-r3-76skg,3086m,8586Mi
1789991683,program-aware-scheduling-epp-7d8988d855-dhnnm,1082m,496Mi
1789991683,program-aware-vllm-decode-9c9b54cb6-f9qsh,2417m,23536Mi
1789991683,program-aware-vllm-decode-9c9b54cb6-gkzmr,2653m,23537Mi
1789991683,program-aware-vllm-decode-9c9b54cb6-kccxc,2899m,23540Mi
1789991683,program-aware-vllm-decode-9c9b54cb6-mngw2,2917m,23545Mi
1789991683,weka-bench-epp-thunder-origin-u15-f25-c128-r3-76skg,3152m,8625Mi
1789991715,program-aware-scheduling-epp-7d8988d855-dhnnm,1085m,503Mi
1789991715,program-aware-vllm-decode-9c9b54cb6-f9qsh,2622m,23536Mi
1789991715,program-aware-vllm-decode-9c9b54cb6-gkzmr,2751m,23537Mi
1789991715,program-aware-vllm-decode-9c9b54cb6-kccxc,2881m,23540Mi
1789991715,program-aware-vllm-decode-9c9b54cb6-mngw2,2584m,23546Mi
1789991715,weka-bench-epp-thunder-origin-u15-f25-c128-r3-76skg,3112m,8671Mi
1789991747,program-aware-scheduling-epp-7d8988d855-dhnnm,1091m,504Mi
1789991747,program-aware-vllm-decode-9c9b54cb6-f9qsh,2805m,23535Mi
1789991747,program-aware-vllm-decode-9c9b54cb6-gkzmr,2896m,23537Mi
1789991747,program-aware-vllm-decode-9c9b54cb6-kccxc,2910m,23540Mi
1789991747,program-aware-vllm-decode-9c9b54cb6-mngw2,2475m,23544Mi
1789991747,weka-bench-epp-thunder-origin-u15-f25-c128-r3-76skg,3253m,8712Mi
1789991779,program-aware-scheduling-epp-7d8988d855-dhnnm,1215m,504Mi
1789991779,program-aware-vllm-decode-9c9b54cb6-f9qsh,2402m,23536Mi
1789991779,program-aware-vllm-decode-9c9b54cb6-gkzmr,2666m,23541Mi
1789991779,program-aware-vllm-decode-9c9b54cb6-kccxc,2658m,23540Mi
1789991779,program-aware-vllm-decode-9c9b54cb6-mngw2,2354m,23546Mi
1789991779,weka-bench-epp-thunder-origin-u15-f25-c128-r3-76skg,3400m,8754Mi
1789991810,program-aware-scheduling-epp-7d8988d855-dhnnm,1062m,503Mi
1789991810,program-aware-vllm-decode-9c9b54cb6-f9qsh,2588m,23536Mi
1789991810,program-aware-vllm-decode-9c9b54cb6-gkzmr,3093m,23543Mi
1789991810,program-aware-vllm-decode-9c9b54cb6-kccxc,3183m,23539Mi
1789991810,program-aware-vllm-decode-9c9b54cb6-mngw2,2094m,23545Mi
1789991810,weka-bench-epp-thunder-origin-u15-f25-c128-r3-76skg,3218m,8784Mi
1789991842,program-aware-scheduling-epp-7d8988d855-dhnnm,1099m,506Mi
1789991842,program-aware-vllm-decode-9c9b54cb6-f9qsh,2569m,23536Mi
1789991842,program-aware-vllm-decode-9c9b54cb6-gkzmr,2556m,23542Mi
1789991842,program-aware-vllm-decode-9c9b54cb6-kccxc,2947m,23540Mi
1789991842,program-aware-vllm-decode-9c9b54cb6-mngw2,2675m,23545Mi
1789991842,weka-bench-epp-thunder-origin-u15-f25-c128-r3-76skg,3137m,8836Mi
1789991874,program-aware-scheduling-epp-7d8988d855-dhnnm,1179m,502Mi
1789991874,program-aware-vllm-decode-9c9b54cb6-f9qsh,2703m,23537Mi
1789991874,program-aware-vllm-decode-9c9b54cb6-gkzmr,2641m,23542Mi
1789991874,program-aware-vllm-decode-9c9b54cb6-kccxc,2602m,23539Mi
1789991874,program-aware-vllm-decode-9c9b54cb6-mngw2,2509m,23546Mi
1789991874,weka-bench-epp-thunder-origin-u15-f25-c128-r3-76skg,3225m,8875Mi
1789991906,program-aware-scheduling-epp-7d8988d855-dhnnm,1140m,508Mi
1789991906,program-aware-vllm-decode-9c9b54cb6-f9qsh,2702m,23535Mi
1789991906,program-aware-vllm-decode-9c9b54cb6-gkzmr,2630m,23542Mi
1789991906,program-aware-vllm-decode-9c9b54cb6-kccxc,2629m,23540Mi
1789991906,program-aware-vllm-decode-9c9b54cb6-mngw2,2717m,23545Mi
1789991906,weka-bench-epp-thunder-origin-u15-f25-c128-r3-76skg,3096m,8912Mi
1789991937,program-aware-scheduling-epp-7d8988d855-dhnnm,1118m,510Mi
1789991937,program-aware-vllm-decode-9c9b54cb6-f9qsh,2198m,23538Mi
1789991937,program-aware-vllm-decode-9c9b54cb6-gkzmr,2795m,23542Mi
1789991937,program-aware-vllm-decode-9c9b54cb6-kccxc,2842m,23543Mi
1789991937,program-aware-vllm-decode-9c9b54cb6-mngw2,2372m,23546Mi
1789991937,weka-bench-epp-thunder-origin-u15-f25-c128-r3-76skg,3204m,8948Mi
1789991969,program-aware-scheduling-epp-7d8988d855-dhnnm,1172m,520Mi
1789991969,program-aware-vllm-decode-9c9b54cb6-f9qsh,2565m,23537Mi
1789991969,program-aware-vllm-decode-9c9b54cb6-gkzmr,2901m,23541Mi
1789991969,program-aware-vllm-decode-9c9b54cb6-kccxc,2072m,23544Mi
1789991969,program-aware-vllm-decode-9c9b54cb6-mngw2,2957m,23545Mi
1789991969,weka-bench-epp-thunder-origin-u15-f25-c128-r3-76skg,3261m,8975Mi
1789992001,program-aware-scheduling-epp-7d8988d855-dhnnm,1068m,525Mi
1789992001,program-aware-vllm-decode-9c9b54cb6-f9qsh,3156m,23537Mi
1789992001,program-aware-vllm-decode-9c9b54cb6-gkzmr,2854m,23541Mi
1789992001,program-aware-vllm-decode-9c9b54cb6-kccxc,2589m,23543Mi
1789992001,program-aware-vllm-decode-9c9b54cb6-mngw2,3026m,23544Mi
1789992001,weka-bench-epp-thunder-origin-u15-f25-c128-r3-76skg,2995m,9027Mi
1789992033,program-aware-scheduling-epp-7d8988d855-dhnnm,1165m,519Mi
1789992033,program-aware-vllm-decode-9c9b54cb6-f9qsh,2812m,23537Mi
1789992033,program-aware-vllm-decode-9c9b54cb6-gkzmr,2801m,23541Mi
1789992033,program-aware-vllm-decode-9c9b54cb6-kccxc,2099m,23544Mi
1789992033,program-aware-vllm-decode-9c9b54cb6-mngw2,2877m,23545Mi
1789992033,weka-bench-epp-thunder-origin-u15-f25-c128-r3-76skg,3015m,9053Mi
1789992065,program-aware-scheduling-epp-7d8988d855-dhnnm,1265m,520Mi
1789992065,program-aware-vllm-decode-9c9b54cb6-f9qsh,2587m,23539Mi
1789992065,program-aware-vllm-decode-9c9b54cb6-gkzmr,2727m,23541Mi
1789992065,program-aware-vllm-decode-9c9b54cb6-kccxc,2636m,23544Mi
1789992065,program-aware-vllm-decode-9c9b54cb6-mngw2,2634m,23546Mi
1789992065,weka-bench-epp-thunder-origin-u15-f25-c128-r3-76skg,3114m,9097Mi
1789992097,program-aware-scheduling-epp-7d8988d855-dhnnm,1176m,524Mi
1789992097,program-aware-vllm-decode-9c9b54cb6-f9qsh,3079m,23541Mi
1789992097,program-aware-vllm-decode-9c9b54cb6-gkzmr,2745m,23542Mi
1789992097,program-aware-vllm-decode-9c9b54cb6-kccxc,2972m,23543Mi
1789992097,program-aware-vllm-decode-9c9b54cb6-mngw2,2733m,23546Mi
1789992097,weka-bench-epp-thunder-origin-u15-f25-c128-r3-76skg,3082m,9116Mi
1789992129,program-aware-scheduling-epp-7d8988d855-dhnnm,1161m,524Mi
1789992129,program-aware-vllm-decode-9c9b54cb6-f9qsh,2754m,23543Mi
1789992129,program-aware-vllm-decode-9c9b54cb6-gkzmr,2899m,23542Mi
1789992129,program-aware-vllm-decode-9c9b54cb6-kccxc,2301m,23545Mi
1789992129,program-aware-vllm-decode-9c9b54cb6-mngw2,2802m,23546Mi
1789992129,weka-bench-epp-thunder-origin-u15-f25-c128-r3-76skg,3068m,9146Mi
1789992161,program-aware-scheduling-epp-7d8988d855-dhnnm,1199m,517Mi
1789992161,program-aware-vllm-decode-9c9b54cb6-f9qsh,2663m,23548Mi
1789992161,program-aware-vllm-decode-9c9b54cb6-gkzmr,2712m,23542Mi
1789992161,program-aware-vllm-decode-9c9b54cb6-kccxc,2721m,23543Mi
1789992161,program-aware-vllm-decode-9c9b54cb6-mngw2,2716m,23546Mi
1789992161,weka-bench-epp-thunder-origin-u15-f25-c128-r3-76skg,3191m,9207Mi
1789992192,program-aware-scheduling-epp-7d8988d855-dhnnm,1118m,522Mi
1789992192,program-aware-vllm-decode-9c9b54cb6-f9qsh,2462m,23547Mi
1789992192,program-aware-vllm-decode-9c9b54cb6-gkzmr,2770m,23542Mi
1789992192,program-aware-vllm-decode-9c9b54cb6-kccxc,2631m,23544Mi
1789992192,program-aware-vllm-decode-9c9b54cb6-mngw2,2716m,23546Mi
1789992192,weka-bench-epp-thunder-origin-u15-f25-c128-r3-76skg,3255m,9249Mi
1789992224,program-aware-scheduling-epp-7d8988d855-dhnnm,1218m,530Mi
1789992224,program-aware-vllm-decode-9c9b54cb6-f9qsh,2407m,23548Mi
1789992224,program-aware-vllm-decode-9c9b54cb6-gkzmr,2456m,23542Mi
1789992224,program-aware-vllm-decode-9c9b54cb6-kccxc,2344m,23543Mi
1789992224,program-aware-vllm-decode-9c9b54cb6-mngw2,2844m,23547Mi
1789992224,weka-bench-epp-thunder-origin-u15-f25-c128-r3-76skg,3205m,9292Mi
1789992256,program-aware-scheduling-epp-7d8988d855-dhnnm,951m,525Mi
1789992256,program-aware-vllm-decode-9c9b54cb6-f9qsh,2491m,23545Mi
1789992256,program-aware-vllm-decode-9c9b54cb6-gkzmr,3149m,23542Mi
1789992256,program-aware-vllm-decode-9c9b54cb6-kccxc,2909m,23553Mi
1789992256,program-aware-vllm-decode-9c9b54cb6-mngw2,2324m,23548Mi
1789992256,weka-bench-epp-thunder-origin-u15-f25-c128-r3-76skg,3166m,9311Mi
1789992288,program-aware-scheduling-epp-7d8988d855-dhnnm,847m,529Mi
1789992288,program-aware-vllm-decode-9c9b54cb6-f9qsh,2845m,23546Mi
1789992288,program-aware-vllm-decode-9c9b54cb6-gkzmr,2899m,23563Mi
1789992288,program-aware-vllm-decode-9c9b54cb6-kccxc,2947m,23553Mi
1789992288,program-aware-vllm-decode-9c9b54cb6-mngw2,2426m,23552Mi
1789992288,weka-bench-epp-thunder-origin-u15-f25-c128-r3-76skg,3080m,9338Mi
1789992320,program-aware-scheduling-epp-7d8988d855-dhnnm,937m,527Mi
1789992320,program-aware-vllm-decode-9c9b54cb6-f9qsh,2687m,23545Mi
1789992320,program-aware-vllm-decode-9c9b54cb6-gkzmr,2611m,23575Mi
1789992320,program-aware-vllm-decode-9c9b54cb6-kccxc,2739m,23553Mi
1789992320,program-aware-vllm-decode-9c9b54cb6-mngw2,2297m,23557Mi
1789992320,weka-bench-epp-thunder-origin-u15-f25-c128-r3-76skg,3267m,9374Mi
1789992352,program-aware-scheduling-epp-7d8988d855-dhnnm,956m,533Mi
1789992352,program-aware-vllm-decode-9c9b54cb6-f9qsh,2343m,23546Mi
1789992352,program-aware-vllm-decode-9c9b54cb6-gkzmr,2314m,23576Mi
1789992352,program-aware-vllm-decode-9c9b54cb6-kccxc,2546m,23553Mi
1789992352,program-aware-vllm-decode-9c9b54cb6-mngw2,2628m,23558Mi
1789992352,weka-bench-epp-thunder-origin-u15-f25-c128-r3-76skg,3403m,9409Mi
1789992383,program-aware-scheduling-epp-7d8988d855-dhnnm,889m,538Mi
1789992383,program-aware-vllm-decode-9c9b54cb6-f9qsh,2475m,23545Mi
1789992383,program-aware-vllm-decode-9c9b54cb6-gkzmr,3060m,23556Mi
1789992383,program-aware-vllm-decode-9c9b54cb6-kccxc,2856m,23551Mi
1789992383,program-aware-vllm-decode-9c9b54cb6-mngw2,2649m,23558Mi
1789992383,weka-bench-epp-thunder-origin-u15-f25-c128-r3-76skg,3192m,9446Mi
1789992415,program-aware-scheduling-epp-7d8988d855-dhnnm,864m,540Mi
1789992415,program-aware-vllm-decode-9c9b54cb6-f9qsh,2708m,23546Mi
1789992415,program-aware-vllm-decode-9c9b54cb6-gkzmr,2817m,23555Mi
1789992415,program-aware-vllm-decode-9c9b54cb6-kccxc,2680m,23556Mi
1789992415,program-aware-vllm-decode-9c9b54cb6-mngw2,2577m,23558Mi
1789992415,weka-bench-epp-thunder-origin-u15-f25-c128-r3-76skg,3131m,9468Mi
1789992447,program-aware-scheduling-epp-7d8988d855-dhnnm,899m,541Mi
1789992447,program-aware-vllm-decode-9c9b54cb6-f9qsh,2212m,23546Mi
1789992447,program-aware-vllm-decode-9c9b54cb6-gkzmr,2601m,23558Mi
1789992447,program-aware-vllm-decode-9c9b54cb6-kccxc,2771m,23557Mi
1789992447,program-aware-vllm-decode-9c9b54cb6-mngw2,2961m,23561Mi
1789992447,weka-bench-epp-thunder-origin-u15-f25-c128-r3-76skg,3291m,9504Mi
1789992479,program-aware-scheduling-epp-7d8988d855-dhnnm,874m,541Mi
1789992479,program-aware-vllm-decode-9c9b54cb6-f9qsh,2750m,23546Mi
1789992479,program-aware-vllm-decode-9c9b54cb6-gkzmr,2420m,23560Mi
1789992479,program-aware-vllm-decode-9c9b54cb6-kccxc,2503m,23556Mi
1789992479,program-aware-vllm-decode-9c9b54cb6-mngw2,2972m,23561Mi
1789992479,weka-bench-epp-thunder-origin-u15-f25-c128-r3-76skg,3336m,9542Mi
1789992511,program-aware-scheduling-epp-7d8988d855-dhnnm,861m,543Mi
1789992511,program-aware-vllm-decode-9c9b54cb6-f9qsh,2689m,23547Mi
1789992511,program-aware-vllm-decode-9c9b54cb6-gkzmr,2637m,23558Mi
1789992511,program-aware-vllm-decode-9c9b54cb6-kccxc,2701m,23555Mi
1789992511,program-aware-vllm-decode-9c9b54cb6-mngw2,2809m,23560Mi
1789992511,weka-bench-epp-thunder-origin-u15-f25-c128-r3-76skg,3194m,9604Mi
1789992544,program-aware-scheduling-epp-7d8988d855-dhnnm,933m,539Mi
1789992544,program-aware-vllm-decode-9c9b54cb6-f9qsh,2249m,23547Mi
1789992544,program-aware-vllm-decode-9c9b54cb6-gkzmr,2801m,23559Mi
1789992544,program-aware-vllm-decode-9c9b54cb6-kccxc,2644m,23555Mi
1789992544,program-aware-vllm-decode-9c9b54cb6-mngw2,2523m,23560Mi
1789992544,weka-bench-epp-thunder-origin-u15-f25-c128-r3-76skg,3288m,9608Mi
1789992575,program-aware-scheduling-epp-7d8988d855-dhnnm,832m,529Mi
1789992575,program-aware-vllm-decode-9c9b54cb6-f9qsh,2259m,23547Mi
1789992575,program-aware-vllm-decode-9c9b54cb6-gkzmr,2893m,23570Mi
1789992575,program-aware-vllm-decode-9c9b54cb6-kccxc,3039m,23555Mi
1789992575,program-aware-vllm-decode-9c9b54cb6-mngw2,2831m,23560Mi
1789992575,weka-bench-epp-thunder-origin-u15-f25-c128-r3-76skg,3243m,9631Mi
1789992607,program-aware-scheduling-epp-7d8988d855-dhnnm,852m,534Mi
1789992607,program-aware-vllm-decode-9c9b54cb6-f9qsh,2654m,23546Mi
1789992607,program-aware-vllm-decode-9c9b54cb6-gkzmr,2868m,23569Mi
1789992607,program-aware-vllm-decode-9c9b54cb6-kccxc,2600m,23554Mi
1789992607,program-aware-vllm-decode-9c9b54cb6-mngw2,2489m,23561Mi
1789992607,weka-bench-epp-thunder-origin-u15-f25-c128-r3-76skg,3186m,9683Mi
1789992639,program-aware-scheduling-epp-7d8988d855-dhnnm,847m,530Mi
1789992639,program-aware-vllm-decode-9c9b54cb6-f9qsh,2867m,23547Mi
1789992639,program-aware-vllm-decode-9c9b54cb6-gkzmr,2945m,23562Mi
1789992639,program-aware-vllm-decode-9c9b54cb6-kccxc,2552m,23554Mi
1789992639,program-aware-vllm-decode-9c9b54cb6-mngw2,2463m,23560Mi
1789992639,weka-bench-epp-thunder-origin-u15-f25-c128-r3-76skg,3114m,9703Mi
1789992671,program-aware-scheduling-epp-7d8988d855-dhnnm,831m,537Mi
1789992671,program-aware-vllm-decode-9c9b54cb6-f9qsh,2121m,23547Mi
1789992671,program-aware-vllm-decode-9c9b54cb6-gkzmr,3012m,23561Mi
1789992671,program-aware-vllm-decode-9c9b54cb6-kccxc,2846m,23554Mi
1789992671,program-aware-vllm-decode-9c9b54cb6-mngw2,2805m,23561Mi
1789992671,weka-bench-epp-thunder-origin-u15-f25-c128-r3-76skg,3198m,9772Mi
1789992703,program-aware-scheduling-epp-7d8988d855-dhnnm,832m,536Mi
1789992703,program-aware-vllm-decode-9c9b54cb6-f9qsh,2813m,23547Mi
1789992703,program-aware-vllm-decode-9c9b54cb6-gkzmr,2363m,23562Mi
1789992703,program-aware-vllm-decode-9c9b54cb6-kccxc,2990m,23554Mi
1789992703,program-aware-vllm-decode-9c9b54cb6-mngw2,2538m,23561Mi
1789992703,weka-bench-epp-thunder-origin-u15-f25-c128-r3-76skg,3120m,9809Mi
1789992734,program-aware-scheduling-epp-7d8988d855-dhnnm,831m,539Mi
1789992734,program-aware-vllm-decode-9c9b54cb6-f9qsh,3009m,23546Mi
1789992734,program-aware-vllm-decode-9c9b54cb6-gkzmr,2786m,23562Mi
1789992734,program-aware-vllm-decode-9c9b54cb6-kccxc,2859m,23555Mi
1789992734,program-aware-vllm-decode-9c9b54cb6-mngw2,2486m,23559Mi
1789992734,weka-bench-epp-thunder-origin-u15-f25-c128-r3-76skg,3043m,9840Mi
1789992766,program-aware-scheduling-epp-7d8988d855-dhnnm,820m,540Mi
1789992766,program-aware-vllm-decode-9c9b54cb6-f9qsh,2791m,23547Mi
1789992766,program-aware-vllm-decode-9c9b54cb6-gkzmr,2674m,23562Mi
1789992766,program-aware-vllm-decode-9c9b54cb6-kccxc,2977m,23554Mi
1789992766,program-aware-vllm-decode-9c9b54cb6-mngw2,2983m,23561Mi
1789992766,weka-bench-epp-thunder-origin-u15-f25-c128-r3-76skg,3039m,9864Mi
1789992798,program-aware-scheduling-epp-7d8988d855-dhnnm,880m,545Mi
1789992798,program-aware-vllm-decode-9c9b54cb6-f9qsh,2906m,23546Mi
1789992798,program-aware-vllm-decode-9c9b54cb6-gkzmr,3196m,23562Mi
1789992798,program-aware-vllm-decode-9c9b54cb6-kccxc,2727m,23554Mi
1789992798,program-aware-vllm-decode-9c9b54cb6-mngw2,2251m,23560Mi
1789992798,weka-bench-epp-thunder-origin-u15-f25-c128-r3-76skg,3065m,9902Mi
1789992830,program-aware-scheduling-epp-7d8988d855-dhnnm,893m,538Mi
1789992830,program-aware-vllm-decode-9c9b54cb6-f9qsh,2608m,23546Mi
1789992830,program-aware-vllm-decode-9c9b54cb6-gkzmr,2937m,23562Mi
1789992830,program-aware-vllm-decode-9c9b54cb6-kccxc,2846m,23554Mi
1789992830,program-aware-vllm-decode-9c9b54cb6-mngw2,2243m,23560Mi
1789992830,weka-bench-epp-thunder-origin-u15-f25-c128-r3-76skg,3325m,9932Mi
1789992862,program-aware-scheduling-epp-7d8988d855-dhnnm,935m,544Mi
1789992862,program-aware-vllm-decode-9c9b54cb6-f9qsh,2244m,23549Mi
1789992862,program-aware-vllm-decode-9c9b54cb6-gkzmr,3062m,23562Mi
1789992862,program-aware-vllm-decode-9c9b54cb6-kccxc,2828m,23558Mi
1789992862,program-aware-vllm-decode-9c9b54cb6-mngw2,2517m,23561Mi
1789992862,weka-bench-epp-thunder-origin-u15-f25-c128-r3-76skg,3243m,9959Mi
1789992894,program-aware-scheduling-epp-7d8988d855-dhnnm,858m,468Mi
1789992894,program-aware-vllm-decode-9c9b54cb6-f9qsh,2258m,23556Mi
1789992894,program-aware-vllm-decode-9c9b54cb6-gkzmr,2807m,23562Mi
1789992894,program-aware-vllm-decode-9c9b54cb6-kccxc,2752m,23558Mi
1789992894,program-aware-vllm-decode-9c9b54cb6-mngw2,2576m,23561Mi
1789992894,weka-bench-epp-thunder-origin-u15-f25-c128-r3-76skg,1315m,9968Mi
1789992925,program-aware-scheduling-epp-7d8988d855-dhnnm,1554m,258Mi
1789992925,program-aware-vllm-decode-9c9b54cb6-f9qsh,2359m,23555Mi
1789992925,program-aware-vllm-decode-9c9b54cb6-gkzmr,1768m,23558Mi
1789992925,program-aware-vllm-decode-9c9b54cb6-kccxc,1555m,23559Mi
1789992925,program-aware-vllm-decode-9c9b54cb6-mngw2,1505m,23560Mi
1789992925,weka-bench-epp-thunder-origin-u15-f25-c128-r3-76skg,3100m,10063Mi
1789992957,program-aware-scheduling-epp-7d8988d855-dhnnm,1446m,185Mi
1789992957,program-aware-vllm-decode-9c9b54cb6-f9qsh,1427m,23555Mi
1789992957,program-aware-vllm-decode-9c9b54cb6-gkzmr,808m,23501Mi
1789992957,program-aware-vllm-decode-9c9b54cb6-kccxc,1909m,23555Mi
1789992957,program-aware-vllm-decode-9c9b54cb6-mngw2,1603m,23560Mi
1789992957,weka-bench-epp-thunder-origin-u15-f25-c128-r3-76skg,3366m,10150Mi
1789992989,program-aware-scheduling-epp-7d8988d855-dhnnm,939m,116Mi
1789992989,program-aware-vllm-decode-9c9b54cb6-f9qsh,1560m,23553Mi
1789992989,program-aware-vllm-decode-9c9b54cb6-gkzmr,108m,23500Mi
1789992989,program-aware-vllm-decode-9c9b54cb6-kccxc,413m,23509Mi
1789992989,program-aware-vllm-decode-9c9b54cb6-mngw2,1770m,23497Mi
1789992989,weka-bench-epp-thunder-origin-u15-f25-c128-r3-76skg,2595m,4274Mi
1789993021,program-aware-scheduling-epp-7d8988d855-dhnnm,602m,116Mi
1789993021,program-aware-vllm-decode-9c9b54cb6-f9qsh,182m,23499Mi
1789993021,program-aware-vllm-decode-9c9b54cb6-gkzmr,109m,23500Mi
1789993021,program-aware-vllm-decode-9c9b54cb6-kccxc,109m,23508Mi
1789993021,program-aware-vllm-decode-9c9b54cb6-mngw2,108m,23496Mi
1789993021,weka-bench-epp-thunder-origin-u15-f25-c128-r3-76skg,1584m,4317Mi
1789993052,program-aware-scheduling-epp-7d8988d855-dhnnm,618m,114Mi
1789993052,program-aware-vllm-decode-9c9b54cb6-f9qsh,109m,23499Mi
1789993052,program-aware-vllm-decode-9c9b54cb6-gkzmr,108m,23500Mi
1789993052,program-aware-vllm-decode-9c9b54cb6-kccxc,110m,23508Mi
1789993052,program-aware-vllm-decode-9c9b54cb6-mngw2,109m,23496Mi
1789993052,weka-bench-epp-thunder-origin-u15-f25-c128-r3-76skg,1599m,4322Mi
1789993084,program-aware-scheduling-epp-7d8988d855-dhnnm,626m,116Mi
1789993084,program-aware-vllm-decode-9c9b54cb6-f9qsh,107m,23499Mi
1789993084,program-aware-vllm-decode-9c9b54cb6-gkzmr,109m,23500Mi
1789993084,program-aware-vllm-decode-9c9b54cb6-kccxc,107m,23507Mi
1789993084,program-aware-vllm-decode-9c9b54cb6-mngw2,107m,23496Mi
1789993084,weka-bench-epp-thunder-origin-u15-f25-c128-r3-76skg,1603m,4325Mi
1789993116,program-aware-scheduling-epp-7d8988d855-dhnnm,638m,114Mi
1789993116,program-aware-vllm-decode-9c9b54cb6-f9qsh,105m,23499Mi
1789993116,program-aware-vllm-decode-9c9b54cb6-gkzmr,109m,23500Mi
1789993116,program-aware-vllm-decode-9c9b54cb6-kccxc,110m,23508Mi
1789993116,program-aware-vllm-decode-9c9b54cb6-mngw2,106m,23495Mi
1789993116,weka-bench-epp-thunder-origin-u15-f25-c128-r3-76skg,1588m,4327Mi
1789993148,program-aware-scheduling-epp-7d8988d855-dhnnm,632m,115Mi
1789993148,program-aware-vllm-decode-9c9b54cb6-f9qsh,106m,23498Mi
1789993148,program-aware-vllm-decode-9c9b54cb6-gkzmr,108m,23500Mi
1789993148,program-aware-vllm-decode-9c9b54cb6-kccxc,109m,23507Mi
1789993148,program-aware-vllm-decode-9c9b54cb6-mngw2,107m,23497Mi
1789993148,weka-bench-epp-thunder-origin-u15-f25-c128-r3-76skg,1615m,4334Mi
1789993180,program-aware-scheduling-epp-7d8988d855-dhnnm,679m,115Mi
1789993180,program-aware-vllm-decode-9c9b54cb6-f9qsh,111m,23498Mi
1789993180,program-aware-vllm-decode-9c9b54cb6-gkzmr,110m,23500Mi
1789993180,program-aware-vllm-decode-9c9b54cb6-kccxc,109m,23508Mi
1789993180,program-aware-vllm-decode-9c9b54cb6-mngw2,106m,23496Mi
1789993180,weka-bench-epp-thunder-origin-u15-f25-c128-r3-76skg,1574m,4324Mi
1789993212,program-aware-scheduling-epp-7d8988d855-dhnnm,688m,114Mi
1789993212,program-aware-vllm-decode-9c9b54cb6-f9qsh,108m,23499Mi
1789993212,program-aware-vllm-decode-9c9b54cb6-gkzmr,110m,23500Mi
1789993212,program-aware-vllm-decode-9c9b54cb6-kccxc,111m,23508Mi
1789993212,program-aware-vllm-decode-9c9b54cb6-mngw2,107m,23496Mi
1789993212,weka-bench-epp-thunder-origin-u15-f25-c128-r3-76skg,1612m,4326Mi
1789993244,program-aware-scheduling-epp-7d8988d855-dhnnm,681m,108Mi
1789993244,program-aware-vllm-decode-9c9b54cb6-f9qsh,107m,23499Mi
1789993244,program-aware-vllm-decode-9c9b54cb6-gkzmr,109m,23500Mi
1789993244,program-aware-vllm-decode-9c9b54cb6-kccxc,109m,23508Mi
1789993244,program-aware-vllm-decode-9c9b54cb6-mngw2,109m,23496Mi
1789993244,weka-bench-epp-thunder-origin-u15-f25-c128-r3-76skg,1571m,4329Mi
1789993276,program-aware-scheduling-epp-7d8988d855-dhnnm,609m,109Mi
1789993276,program-aware-vllm-decode-9c9b54cb6-f9qsh,109m,23498Mi
1789993276,program-aware-vllm-decode-9c9b54cb6-gkzmr,110m,23500Mi
1789993276,program-aware-vllm-decode-9c9b54cb6-kccxc,112m,23507Mi
1789993276,program-aware-vllm-decode-9c9b54cb6-mngw2,107m,23496Mi
1789993276,weka-bench-epp-thunder-origin-u15-f25-c128-r3-76skg,1568m,4332Mi
1789993308,program-aware-scheduling-epp-7d8988d855-dhnnm,587m,111Mi
1789993308,program-aware-vllm-decode-9c9b54cb6-f9qsh,106m,23497Mi
1789993308,program-aware-vllm-decode-9c9b54cb6-gkzmr,108m,23500Mi
1789993308,program-aware-vllm-decode-9c9b54cb6-kccxc,111m,23508Mi
1789993308,program-aware-vllm-decode-9c9b54cb6-mngw2,108m,23496Mi
1789993308,weka-bench-epp-thunder-origin-u15-f25-c128-r3-76skg,1522m,4322Mi
1789993339,program-aware-scheduling-epp-7d8988d855-dhnnm,602m,110Mi
1789993339,program-aware-vllm-decode-9c9b54cb6-f9qsh,107m,23497Mi
1789993339,program-aware-vllm-decode-9c9b54cb6-gkzmr,109m,23500Mi
1789993339,program-aware-vllm-decode-9c9b54cb6-kccxc,110m,23508Mi
1789993339,program-aware-vllm-decode-9c9b54cb6-mngw2,106m,23495Mi
1789993339,weka-bench-epp-thunder-origin-u15-f25-c128-r3-76skg,1561m,4327Mi
1789993371,program-aware-scheduling-epp-7d8988d855-dhnnm,609m,111Mi
1789993371,program-aware-vllm-decode-9c9b54cb6-f9qsh,105m,23498Mi
1789993371,program-aware-vllm-decode-9c9b54cb6-gkzmr,110m,23501Mi
1789993371,program-aware-vllm-decode-9c9b54cb6-kccxc,110m,23508Mi
1789993371,program-aware-vllm-decode-9c9b54cb6-mngw2,108m,23496Mi
1789993371,weka-bench-epp-thunder-origin-u15-f25-c128-r3-76skg,1560m,4337Mi
1789993403,program-aware-scheduling-epp-7d8988d855-dhnnm,616m,110Mi
1789993403,program-aware-vllm-decode-9c9b54cb6-f9qsh,105m,23498Mi
1789993403,program-aware-vllm-decode-9c9b54cb6-gkzmr,110m,23500Mi
1789993403,program-aware-vllm-decode-9c9b54cb6-kccxc,109m,23508Mi
1789993403,program-aware-vllm-decode-9c9b54cb6-mngw2,108m,23496Mi
1789993403,weka-bench-epp-thunder-origin-u15-f25-c128-r3-76skg,1534m,4347Mi
1789993435,program-aware-scheduling-epp-7d8988d855-dhnnm,619m,107Mi
1789993435,program-aware-vllm-decode-9c9b54cb6-f9qsh,104m,23497Mi
1789993435,program-aware-vllm-decode-9c9b54cb6-gkzmr,110m,23500Mi
1789993435,program-aware-vllm-decode-9c9b54cb6-kccxc,108m,23508Mi
1789993435,program-aware-vllm-decode-9c9b54cb6-mngw2,108m,23496Mi
1789993435,weka-bench-epp-thunder-origin-u15-f25-c128-r3-76skg,1533m,4359Mi
1789993467,program-aware-scheduling-epp-7d8988d855-dhnnm,626m,108Mi
1789993467,program-aware-vllm-decode-9c9b54cb6-f9qsh,106m,23497Mi
1789993467,program-aware-vllm-decode-9c9b54cb6-gkzmr,111m,23500Mi
1789993467,program-aware-vllm-decode-9c9b54cb6-kccxc,110m,23508Mi
1789993467,program-aware-vllm-decode-9c9b54cb6-mngw2,107m,23496Mi
1789993467,weka-bench-epp-thunder-origin-u15-f25-c128-r3-76skg,1592m,858Mi
