1789950930,program-aware-scheduling-epp-788c6b94b6-gfm5b,484m,45Mi
1789950930,program-aware-vllm-decode-9c9b54cb6-f9qsh,98m,23477Mi
1789950930,program-aware-vllm-decode-9c9b54cb6-gkzmr,87m,23493Mi
1789950930,program-aware-vllm-decode-9c9b54cb6-kccxc,96m,23558Mi
1789950930,program-aware-vllm-decode-9c9b54cb6-mngw2,81m,23521Mi
1789950930,weka-bench-epp-baseline-c128-w90-5tl4t,898m,142Mi
1789950962,program-aware-scheduling-epp-788c6b94b6-gfm5b,451m,46Mi
1789950962,program-aware-vllm-decode-9c9b54cb6-f9qsh,109m,23474Mi
1789950962,program-aware-vllm-decode-9c9b54cb6-gkzmr,106m,23493Mi
1789950962,program-aware-vllm-decode-9c9b54cb6-kccxc,107m,23558Mi
1789950962,program-aware-vllm-decode-9c9b54cb6-mngw2,101m,23521Mi
1789950962,weka-bench-epp-baseline-c128-w90-5tl4t,1218m,129Mi
1789950994,program-aware-scheduling-epp-788c6b94b6-gfm5b,464m,44Mi
1789950994,program-aware-vllm-decode-9c9b54cb6-f9qsh,108m,23473Mi
1789950994,program-aware-vllm-decode-9c9b54cb6-gkzmr,109m,23493Mi
1789950994,program-aware-vllm-decode-9c9b54cb6-kccxc,109m,23558Mi
1789950994,program-aware-vllm-decode-9c9b54cb6-mngw2,104m,23521Mi
1789950994,weka-bench-epp-baseline-c128-w90-5tl4t,909m,695Mi
1789951026,program-aware-scheduling-epp-788c6b94b6-gfm5b,458m,45Mi
1789951026,program-aware-vllm-decode-9c9b54cb6-f9qsh,108m,23474Mi
1789951026,program-aware-vllm-decode-9c9b54cb6-gkzmr,107m,23493Mi
1789951026,program-aware-vllm-decode-9c9b54cb6-kccxc,108m,23558Mi
1789951026,program-aware-vllm-decode-9c9b54cb6-mngw2,103m,23520Mi
1789951026,weka-bench-epp-baseline-c128-w90-5tl4t,4043m,3636Mi
1789951057,program-aware-scheduling-epp-788c6b94b6-gfm5b,457m,46Mi
1789951057,program-aware-vllm-decode-9c9b54cb6-f9qsh,108m,23474Mi
1789951057,program-aware-vllm-decode-9c9b54cb6-gkzmr,108m,23493Mi
1789951057,program-aware-vllm-decode-9c9b54cb6-kccxc,107m,23558Mi
1789951057,program-aware-vllm-decode-9c9b54cb6-mngw2,107m,23521Mi
1789951057,weka-bench-epp-baseline-c128-w90-5tl4t,7773m,4845Mi
1789951089,program-aware-scheduling-epp-788c6b94b6-gfm5b,467m,48Mi
1789951089,program-aware-vllm-decode-9c9b54cb6-f9qsh,107m,23474Mi
1789951089,program-aware-vllm-decode-9c9b54cb6-gkzmr,110m,23494Mi
1789951089,program-aware-vllm-decode-9c9b54cb6-kccxc,108m,23558Mi
1789951089,program-aware-vllm-decode-9c9b54cb6-mngw2,103m,23521Mi
1789951089,weka-bench-epp-baseline-c128-w90-5tl4t,7676m,5960Mi
1789951121,program-aware-scheduling-epp-788c6b94b6-gfm5b,656m,225Mi
1789951121,program-aware-vllm-decode-9c9b54cb6-f9qsh,3140m,23422Mi
1789951121,program-aware-vllm-decode-9c9b54cb6-gkzmr,2562m,23452Mi
1789951121,program-aware-vllm-decode-9c9b54cb6-kccxc,2927m,23506Mi
1789951121,program-aware-vllm-decode-9c9b54cb6-mngw2,2251m,23435Mi
1789951121,weka-bench-epp-baseline-c128-w90-5tl4t,11606m,7099Mi
1789951153,program-aware-scheduling-epp-788c6b94b6-gfm5b,743m,461Mi
1789951153,program-aware-vllm-decode-9c9b54cb6-f9qsh,2903m,23439Mi
1789951153,program-aware-vllm-decode-9c9b54cb6-gkzmr,2789m,23461Mi
1789951153,program-aware-vllm-decode-9c9b54cb6-kccxc,2970m,23528Mi
1789951153,program-aware-vllm-decode-9c9b54cb6-mngw2,2598m,23441Mi
1789951153,weka-bench-epp-baseline-c128-w90-5tl4t,4940m,7352Mi
1789951185,program-aware-scheduling-epp-788c6b94b6-gfm5b,1586m,508Mi
1789951185,program-aware-vllm-decode-9c9b54cb6-f9qsh,2119m,23455Mi
1789951185,program-aware-vllm-decode-9c9b54cb6-gkzmr,2045m,23465Mi
1789951185,program-aware-vllm-decode-9c9b54cb6-kccxc,2026m,23542Mi
1789951185,program-aware-vllm-decode-9c9b54cb6-mngw2,2043m,23444Mi
1789951185,weka-bench-epp-baseline-c128-w90-5tl4t,3009m,7482Mi
1789951217,program-aware-scheduling-epp-788c6b94b6-gfm5b,1556m,527Mi
1789951217,program-aware-vllm-decode-9c9b54cb6-f9qsh,1960m,23470Mi
1789951217,program-aware-vllm-decode-9c9b54cb6-gkzmr,2321m,23472Mi
1789951217,program-aware-vllm-decode-9c9b54cb6-kccxc,1828m,23547Mi
1789951217,program-aware-vllm-decode-9c9b54cb6-mngw2,2046m,23417Mi
1789951217,weka-bench-epp-baseline-c128-w90-5tl4t,3223m,7616Mi
1789951249,program-aware-scheduling-epp-788c6b94b6-gfm5b,1451m,577Mi
1789951249,program-aware-vllm-decode-9c9b54cb6-f9qsh,2375m,23469Mi
1789951249,program-aware-vllm-decode-9c9b54cb6-gkzmr,2006m,23491Mi
1789951249,program-aware-vllm-decode-9c9b54cb6-kccxc,2059m,23567Mi
1789951249,program-aware-vllm-decode-9c9b54cb6-mngw2,1885m,23430Mi
1789951249,weka-bench-epp-baseline-c128-w90-5tl4t,3092m,7677Mi
1789951281,program-aware-scheduling-epp-788c6b94b6-gfm5b,1479m,614Mi
1789951281,program-aware-vllm-decode-9c9b54cb6-f9qsh,1903m,23483Mi
1789951281,program-aware-vllm-decode-9c9b54cb6-gkzmr,2175m,23500Mi
1789951281,program-aware-vllm-decode-9c9b54cb6-kccxc,1940m,23567Mi
1789951281,program-aware-vllm-decode-9c9b54cb6-mngw2,1895m,23436Mi
1789951281,weka-bench-epp-baseline-c128-w90-5tl4t,3397m,7793Mi
1789951312,program-aware-scheduling-epp-788c6b94b6-gfm5b,1379m,648Mi
1789951312,program-aware-vllm-decode-9c9b54cb6-f9qsh,1938m,23487Mi
1789951312,program-aware-vllm-decode-9c9b54cb6-gkzmr,2049m,23520Mi
1789951312,program-aware-vllm-decode-9c9b54cb6-kccxc,2278m,23588Mi
1789951312,program-aware-vllm-decode-9c9b54cb6-mngw2,1848m,23454Mi
1789951312,weka-bench-epp-baseline-c128-w90-5tl4t,3358m,7917Mi
1789951344,program-aware-scheduling-epp-788c6b94b6-gfm5b,1372m,667Mi
1789951344,program-aware-vllm-decode-9c9b54cb6-f9qsh,1678m,23491Mi
1789951344,program-aware-vllm-decode-9c9b54cb6-gkzmr,1838m,23526Mi
1789951344,program-aware-vllm-decode-9c9b54cb6-kccxc,2646m,23594Mi
1789951344,program-aware-vllm-decode-9c9b54cb6-mngw2,1991m,23511Mi
1789951344,weka-bench-epp-baseline-c128-w90-5tl4t,3280m,8004Mi
1789951376,program-aware-scheduling-epp-788c6b94b6-gfm5b,1067m,689Mi
1789951376,program-aware-vllm-decode-9c9b54cb6-f9qsh,2190m,23492Mi
1789951376,program-aware-vllm-decode-9c9b54cb6-gkzmr,2388m,23529Mi
1789951376,program-aware-vllm-decode-9c9b54cb6-kccxc,2582m,23596Mi
1789951376,program-aware-vllm-decode-9c9b54cb6-mngw2,2414m,23526Mi
1789951376,weka-bench-epp-baseline-c128-w90-5tl4t,2819m,8060Mi
1789951408,program-aware-scheduling-epp-788c6b94b6-gfm5b,1003m,701Mi
1789951408,program-aware-vllm-decode-9c9b54cb6-f9qsh,2267m,23493Mi
1789951408,program-aware-vllm-decode-9c9b54cb6-gkzmr,2859m,23536Mi
1789951408,program-aware-vllm-decode-9c9b54cb6-kccxc,2536m,23594Mi
1789951408,program-aware-vllm-decode-9c9b54cb6-mngw2,2321m,23532Mi
1789951408,weka-bench-epp-baseline-c128-w90-5tl4t,2935m,8131Mi
1789951440,program-aware-scheduling-epp-788c6b94b6-gfm5b,1026m,721Mi
1789951440,program-aware-vllm-decode-9c9b54cb6-f9qsh,2110m,23494Mi
1789951440,program-aware-vllm-decode-9c9b54cb6-gkzmr,2668m,23539Mi
1789951440,program-aware-vllm-decode-9c9b54cb6-kccxc,2911m,23595Mi
1789951440,program-aware-vllm-decode-9c9b54cb6-mngw2,1735m,23530Mi
1789951440,weka-bench-epp-baseline-c128-w90-5tl4t,3049m,8162Mi
1789951472,program-aware-scheduling-epp-788c6b94b6-gfm5b,1057m,724Mi
1789951472,program-aware-vllm-decode-9c9b54cb6-f9qsh,2116m,23510Mi
1789951472,program-aware-vllm-decode-9c9b54cb6-gkzmr,2862m,23538Mi
1789951472,program-aware-vllm-decode-9c9b54cb6-kccxc,2612m,23595Mi
1789951472,program-aware-vllm-decode-9c9b54cb6-mngw2,2176m,23529Mi
1789951472,weka-bench-epp-baseline-c128-w90-5tl4t,2956m,8236Mi
1789951504,program-aware-scheduling-epp-788c6b94b6-gfm5b,865m,734Mi
1789951504,program-aware-vllm-decode-9c9b54cb6-f9qsh,2155m,23510Mi
1789951504,program-aware-vllm-decode-9c9b54cb6-gkzmr,2721m,23541Mi
1789951504,program-aware-vllm-decode-9c9b54cb6-kccxc,2835m,23596Mi
1789951504,program-aware-vllm-decode-9c9b54cb6-mngw2,2623m,23532Mi
1789951504,weka-bench-epp-baseline-c128-w90-5tl4t,2744m,8304Mi
1789951536,program-aware-scheduling-epp-788c6b94b6-gfm5b,772m,737Mi
1789951536,program-aware-vllm-decode-9c9b54cb6-f9qsh,2583m,23513Mi
1789951536,program-aware-vllm-decode-9c9b54cb6-gkzmr,2718m,23541Mi
1789951536,program-aware-vllm-decode-9c9b54cb6-kccxc,2862m,23597Mi
1789951536,program-aware-vllm-decode-9c9b54cb6-mngw2,2548m,23532Mi
1789951536,weka-bench-epp-baseline-c128-w90-5tl4t,2611m,8345Mi
1789951568,program-aware-scheduling-epp-788c6b94b6-gfm5b,823m,742Mi
1789951568,program-aware-vllm-decode-9c9b54cb6-f9qsh,2726m,23515Mi
1789951568,program-aware-vllm-decode-9c9b54cb6-gkzmr,2537m,23542Mi
1789951568,program-aware-vllm-decode-9c9b54cb6-kccxc,2720m,23597Mi
1789951568,program-aware-vllm-decode-9c9b54cb6-mngw2,2707m,23531Mi
1789951568,weka-bench-epp-baseline-c128-w90-5tl4t,2572m,8385Mi
1789951600,program-aware-scheduling-epp-788c6b94b6-gfm5b,737m,754Mi
1789951600,program-aware-vllm-decode-9c9b54cb6-f9qsh,2702m,23516Mi
1789951600,program-aware-vllm-decode-9c9b54cb6-gkzmr,3153m,23543Mi
1789951600,program-aware-vllm-decode-9c9b54cb6-kccxc,2772m,23598Mi
1789951600,program-aware-vllm-decode-9c9b54cb6-mngw2,2675m,23541Mi
1789951600,weka-bench-epp-baseline-c128-w90-5tl4t,2403m,8458Mi
1789951632,program-aware-scheduling-epp-788c6b94b6-gfm5b,754m,761Mi
1789951632,program-aware-vllm-decode-9c9b54cb6-f9qsh,2694m,23518Mi
1789951632,program-aware-vllm-decode-9c9b54cb6-gkzmr,2749m,23543Mi
1789951632,program-aware-vllm-decode-9c9b54cb6-kccxc,2702m,23598Mi
1789951632,program-aware-vllm-decode-9c9b54cb6-mngw2,2993m,23548Mi
1789951632,weka-bench-epp-baseline-c128-w90-5tl4t,2442m,8492Mi
1789951663,program-aware-scheduling-epp-788c6b94b6-gfm5b,726m,768Mi
1789951663,program-aware-vllm-decode-9c9b54cb6-f9qsh,2882m,23518Mi
1789951663,program-aware-vllm-decode-9c9b54cb6-gkzmr,2616m,23544Mi
1789951663,program-aware-vllm-decode-9c9b54cb6-kccxc,2813m,23598Mi
1789951663,program-aware-vllm-decode-9c9b54cb6-mngw2,2964m,23547Mi
1789951663,weka-bench-epp-baseline-c128-w90-5tl4t,2435m,8519Mi
1789951695,program-aware-scheduling-epp-788c6b94b6-gfm5b,686m,769Mi
1789951695,program-aware-vllm-decode-9c9b54cb6-f9qsh,2765m,23519Mi
1789951695,program-aware-vllm-decode-9c9b54cb6-gkzmr,2824m,23543Mi
1789951695,program-aware-vllm-decode-9c9b54cb6-kccxc,2809m,23600Mi
1789951695,program-aware-vllm-decode-9c9b54cb6-mngw2,3030m,23547Mi
1789951695,weka-bench-epp-baseline-c128-w90-5tl4t,2339m,8549Mi
1789951727,program-aware-scheduling-epp-788c6b94b6-gfm5b,771m,771Mi
1789951727,program-aware-vllm-decode-9c9b54cb6-f9qsh,2802m,23518Mi
1789951727,program-aware-vllm-decode-9c9b54cb6-gkzmr,2527m,23544Mi
1789951727,program-aware-vllm-decode-9c9b54cb6-kccxc,2819m,23538Mi
1789951727,program-aware-vllm-decode-9c9b54cb6-mngw2,2635m,23545Mi
1789951727,weka-bench-epp-baseline-c128-w90-5tl4t,2507m,8589Mi
1789951759,program-aware-scheduling-epp-788c6b94b6-gfm5b,751m,781Mi
1789951759,program-aware-vllm-decode-9c9b54cb6-f9qsh,2832m,23524Mi
1789951759,program-aware-vllm-decode-9c9b54cb6-gkzmr,2688m,23544Mi
1789951759,program-aware-vllm-decode-9c9b54cb6-kccxc,2922m,23538Mi
1789951759,program-aware-vllm-decode-9c9b54cb6-mngw2,2623m,23546Mi
1789951759,weka-bench-epp-baseline-c128-w90-5tl4t,2499m,8621Mi
1789951791,program-aware-scheduling-epp-788c6b94b6-gfm5b,732m,789Mi
1789951791,program-aware-vllm-decode-9c9b54cb6-f9qsh,2874m,23528Mi
1789951791,program-aware-vllm-decode-9c9b54cb6-gkzmr,2530m,23545Mi
1789951791,program-aware-vllm-decode-9c9b54cb6-kccxc,2761m,23538Mi
1789951791,program-aware-vllm-decode-9c9b54cb6-mngw2,2593m,23546Mi
1789951791,weka-bench-epp-baseline-c128-w90-5tl4t,2469m,8654Mi
1789951823,program-aware-scheduling-epp-788c6b94b6-gfm5b,731m,790Mi
1789951823,program-aware-vllm-decode-9c9b54cb6-f9qsh,3115m,23529Mi
1789951823,program-aware-vllm-decode-9c9b54cb6-gkzmr,2589m,23544Mi
1789951823,program-aware-vllm-decode-9c9b54cb6-kccxc,2610m,23538Mi
1789951823,program-aware-vllm-decode-9c9b54cb6-mngw2,3021m,23556Mi
1789951823,weka-bench-epp-baseline-c128-w90-5tl4t,2559m,8691Mi
1789951854,program-aware-scheduling-epp-788c6b94b6-gfm5b,730m,797Mi
1789951854,program-aware-vllm-decode-9c9b54cb6-f9qsh,2654m,23531Mi
1789951854,program-aware-vllm-decode-9c9b54cb6-gkzmr,2670m,23544Mi
1789951854,program-aware-vllm-decode-9c9b54cb6-kccxc,2790m,23537Mi
1789951854,program-aware-vllm-decode-9c9b54cb6-mngw2,3042m,23556Mi
1789951854,weka-bench-epp-baseline-c128-w90-5tl4t,2480m,8713Mi
1789951886,program-aware-scheduling-epp-788c6b94b6-gfm5b,719m,802Mi
1789951886,program-aware-vllm-decode-9c9b54cb6-f9qsh,3026m,23533Mi
1789951886,program-aware-vllm-decode-9c9b54cb6-gkzmr,2346m,23544Mi
1789951886,program-aware-vllm-decode-9c9b54cb6-kccxc,3083m,23537Mi
1789951886,program-aware-vllm-decode-9c9b54cb6-mngw2,2637m,23556Mi
1789951886,weka-bench-epp-baseline-c128-w90-5tl4t,2524m,8743Mi
1789951918,program-aware-scheduling-epp-788c6b94b6-gfm5b,734m,803Mi
1789951918,program-aware-vllm-decode-9c9b54cb6-f9qsh,2581m,23532Mi
1789951918,program-aware-vllm-decode-9c9b54cb6-gkzmr,2628m,23544Mi
1789951918,program-aware-vllm-decode-9c9b54cb6-kccxc,2971m,23540Mi
1789951918,program-aware-vllm-decode-9c9b54cb6-mngw2,2609m,23556Mi
1789951918,weka-bench-epp-baseline-c128-w90-5tl4t,2547m,8779Mi
1789951950,program-aware-scheduling-epp-788c6b94b6-gfm5b,735m,814Mi
1789951950,program-aware-vllm-decode-9c9b54cb6-f9qsh,2707m,23534Mi
1789951950,program-aware-vllm-decode-9c9b54cb6-gkzmr,2802m,23544Mi
1789951950,program-aware-vllm-decode-9c9b54cb6-kccxc,2810m,23539Mi
1789951950,program-aware-vllm-decode-9c9b54cb6-mngw2,2784m,23557Mi
1789951950,weka-bench-epp-baseline-c128-w90-5tl4t,2530m,8803Mi
1789951982,program-aware-scheduling-epp-788c6b94b6-gfm5b,688m,817Mi
1789951982,program-aware-vllm-decode-9c9b54cb6-f9qsh,2797m,23538Mi
1789951982,program-aware-vllm-decode-9c9b54cb6-gkzmr,2792m,23544Mi
1789951982,program-aware-vllm-decode-9c9b54cb6-kccxc,2898m,23541Mi
1789951982,program-aware-vllm-decode-9c9b54cb6-mngw2,2725m,23556Mi
1789951982,weka-bench-epp-baseline-c128-w90-5tl4t,2476m,8837Mi
1789952014,program-aware-scheduling-epp-788c6b94b6-gfm5b,703m,822Mi
1789952014,program-aware-vllm-decode-9c9b54cb6-f9qsh,2622m,23538Mi
1789952014,program-aware-vllm-decode-9c9b54cb6-gkzmr,2735m,23543Mi
1789952014,program-aware-vllm-decode-9c9b54cb6-kccxc,3001m,23541Mi
1789952014,program-aware-vllm-decode-9c9b54cb6-mngw2,2857m,23556Mi
1789952014,weka-bench-epp-baseline-c128-w90-5tl4t,2497m,8874Mi
1789952046,program-aware-scheduling-epp-788c6b94b6-gfm5b,707m,830Mi
1789952046,program-aware-vllm-decode-9c9b54cb6-f9qsh,2511m,23538Mi
1789952046,program-aware-vllm-decode-9c9b54cb6-gkzmr,2713m,23544Mi
1789952046,program-aware-vllm-decode-9c9b54cb6-kccxc,2969m,23542Mi
1789952046,program-aware-vllm-decode-9c9b54cb6-mngw2,3042m,23562Mi
1789952046,weka-bench-epp-baseline-c128-w90-5tl4t,2468m,8892Mi
1789952078,program-aware-scheduling-epp-788c6b94b6-gfm5b,716m,831Mi
1789952078,program-aware-vllm-decode-9c9b54cb6-f9qsh,2657m,23537Mi
1789952078,program-aware-vllm-decode-9c9b54cb6-gkzmr,2695m,23543Mi
1789952078,program-aware-vllm-decode-9c9b54cb6-kccxc,2706m,23544Mi
1789952078,program-aware-vllm-decode-9c9b54cb6-mngw2,3010m,23562Mi
1789952078,weka-bench-epp-baseline-c128-w90-5tl4t,2418m,8932Mi
1789952110,program-aware-scheduling-epp-788c6b94b6-gfm5b,782m,838Mi
1789952110,program-aware-vllm-decode-9c9b54cb6-f9qsh,2803m,23540Mi
1789952110,program-aware-vllm-decode-9c9b54cb6-gkzmr,2539m,23545Mi
1789952110,program-aware-vllm-decode-9c9b54cb6-kccxc,2808m,23546Mi
1789952110,program-aware-vllm-decode-9c9b54cb6-mngw2,2243m,23562Mi
1789952110,weka-bench-epp-baseline-c128-w90-5tl4t,2563m,8989Mi
1789952142,program-aware-scheduling-epp-788c6b94b6-gfm5b,774m,845Mi
1789952142,program-aware-vllm-decode-9c9b54cb6-f9qsh,2890m,23541Mi
1789952142,program-aware-vllm-decode-9c9b54cb6-gkzmr,2491m,23545Mi
1789952142,program-aware-vllm-decode-9c9b54cb6-kccxc,2675m,23545Mi
1789952142,program-aware-vllm-decode-9c9b54cb6-mngw2,2674m,23561Mi
1789952142,weka-bench-epp-baseline-c128-w90-5tl4t,2721m,9029Mi
1789952174,program-aware-scheduling-epp-788c6b94b6-gfm5b,716m,857Mi
1789952174,program-aware-vllm-decode-9c9b54cb6-f9qsh,2829m,23542Mi
1789952174,program-aware-vllm-decode-9c9b54cb6-gkzmr,2617m,23545Mi
1789952174,program-aware-vllm-decode-9c9b54cb6-kccxc,2786m,23546Mi
1789952174,program-aware-vllm-decode-9c9b54cb6-mngw2,2601m,23560Mi
1789952174,weka-bench-epp-baseline-c128-w90-5tl4t,2552m,9068Mi
1789952205,program-aware-scheduling-epp-788c6b94b6-gfm5b,681m,859Mi
1789952205,program-aware-vllm-decode-9c9b54cb6-f9qsh,2935m,23543Mi
1789952205,program-aware-vllm-decode-9c9b54cb6-gkzmr,2930m,23545Mi
1789952205,program-aware-vllm-decode-9c9b54cb6-kccxc,2946m,23546Mi
1789952205,program-aware-vllm-decode-9c9b54cb6-mngw2,2477m,23561Mi
1789952205,weka-bench-epp-baseline-c128-w90-5tl4t,2462m,9095Mi
1789952237,program-aware-scheduling-epp-788c6b94b6-gfm5b,818m,861Mi
1789952237,program-aware-vllm-decode-9c9b54cb6-f9qsh,2945m,23545Mi
1789952237,program-aware-vllm-decode-9c9b54cb6-gkzmr,2806m,23546Mi
1789952237,program-aware-vllm-decode-9c9b54cb6-kccxc,2504m,23549Mi
1789952237,program-aware-vllm-decode-9c9b54cb6-mngw2,2371m,23562Mi
1789952237,weka-bench-epp-baseline-c128-w90-5tl4t,2725m,9130Mi
1789952269,program-aware-scheduling-epp-788c6b94b6-gfm5b,724m,861Mi
1789952269,program-aware-vllm-decode-9c9b54cb6-f9qsh,2493m,23545Mi
1789952269,program-aware-vllm-decode-9c9b54cb6-gkzmr,2810m,23548Mi
1789952269,program-aware-vllm-decode-9c9b54cb6-kccxc,2599m,23548Mi
1789952269,program-aware-vllm-decode-9c9b54cb6-mngw2,2740m,23575Mi
1789952269,weka-bench-epp-baseline-c128-w90-5tl4t,2492m,9178Mi
1789952301,program-aware-scheduling-epp-788c6b94b6-gfm5b,729m,881Mi
1789952301,program-aware-vllm-decode-9c9b54cb6-f9qsh,2996m,23545Mi
1789952301,program-aware-vllm-decode-9c9b54cb6-gkzmr,2387m,23549Mi
1789952301,program-aware-vllm-decode-9c9b54cb6-kccxc,2961m,23550Mi
1789952301,program-aware-vllm-decode-9c9b54cb6-mngw2,2815m,23576Mi
1789952301,weka-bench-epp-baseline-c128-w90-5tl4t,2564m,9204Mi
1789952333,program-aware-scheduling-epp-788c6b94b6-gfm5b,745m,884Mi
1789952333,program-aware-vllm-decode-9c9b54cb6-f9qsh,2684m,23546Mi
1789952333,program-aware-vllm-decode-9c9b54cb6-gkzmr,2299m,23550Mi
1789952333,program-aware-vllm-decode-9c9b54cb6-kccxc,2658m,23553Mi
1789952333,program-aware-vllm-decode-9c9b54cb6-mngw2,2398m,23577Mi
1789952333,weka-bench-epp-baseline-c128-w90-5tl4t,2646m,9219Mi
1789952366,program-aware-scheduling-epp-788c6b94b6-gfm5b,832m,898Mi
1789952366,program-aware-vllm-decode-9c9b54cb6-f9qsh,2290m,23545Mi
1789952366,program-aware-vllm-decode-9c9b54cb6-gkzmr,2736m,23553Mi
1789952366,program-aware-vllm-decode-9c9b54cb6-kccxc,2858m,23554Mi
1789952366,program-aware-vllm-decode-9c9b54cb6-mngw2,2499m,23573Mi
1789952366,weka-bench-epp-baseline-c128-w90-5tl4t,2799m,9258Mi
1789952398,program-aware-scheduling-epp-788c6b94b6-gfm5b,715m,898Mi
1789952398,program-aware-vllm-decode-9c9b54cb6-f9qsh,2842m,23546Mi
1789952398,program-aware-vllm-decode-9c9b54cb6-gkzmr,2895m,23555Mi
1789952398,program-aware-vllm-decode-9c9b54cb6-kccxc,2404m,23555Mi
1789952398,program-aware-vllm-decode-9c9b54cb6-mngw2,3034m,23572Mi
1789952398,weka-bench-epp-baseline-c128-w90-5tl4t,2588m,9301Mi
1789952430,program-aware-scheduling-epp-788c6b94b6-gfm5b,658m,898Mi
1789952430,program-aware-vllm-decode-9c9b54cb6-f9qsh,2848m,23545Mi
1789952430,program-aware-vllm-decode-9c9b54cb6-gkzmr,2769m,23555Mi
1789952430,program-aware-vllm-decode-9c9b54cb6-kccxc,2823m,23555Mi
1789952430,program-aware-vllm-decode-9c9b54cb6-mngw2,2897m,23572Mi
1789952430,weka-bench-epp-baseline-c128-w90-5tl4t,2479m,9326Mi
1789952462,program-aware-scheduling-epp-788c6b94b6-gfm5b,860m,902Mi
1789952462,program-aware-vllm-decode-9c9b54cb6-f9qsh,2526m,23546Mi
1789952462,program-aware-vllm-decode-9c9b54cb6-gkzmr,2589m,23555Mi
1789952462,program-aware-vllm-decode-9c9b54cb6-kccxc,2363m,23554Mi
1789952462,program-aware-vllm-decode-9c9b54cb6-mngw2,2579m,23573Mi
1789952462,weka-bench-epp-baseline-c128-w90-5tl4t,2761m,9356Mi
1789952494,program-aware-scheduling-epp-788c6b94b6-gfm5b,703m,904Mi
1789952494,program-aware-vllm-decode-9c9b54cb6-f9qsh,2673m,23546Mi
1789952494,program-aware-vllm-decode-9c9b54cb6-gkzmr,2690m,23555Mi
1789952494,program-aware-vllm-decode-9c9b54cb6-kccxc,2705m,23555Mi
1789952494,program-aware-vllm-decode-9c9b54cb6-mngw2,2944m,23572Mi
1789952494,weka-bench-epp-baseline-c128-w90-5tl4t,2492m,9386Mi
1789952526,program-aware-scheduling-epp-788c6b94b6-gfm5b,713m,905Mi
1789952526,program-aware-vllm-decode-9c9b54cb6-f9qsh,2611m,23546Mi
1789952526,program-aware-vllm-decode-9c9b54cb6-gkzmr,2772m,23555Mi
1789952526,program-aware-vllm-decode-9c9b54cb6-kccxc,2756m,23555Mi
1789952526,program-aware-vllm-decode-9c9b54cb6-mngw2,2722m,23572Mi
1789952526,weka-bench-epp-baseline-c128-w90-5tl4t,2482m,9412Mi
1789952558,program-aware-scheduling-epp-788c6b94b6-gfm5b,844m,904Mi
1789952558,program-aware-vllm-decode-9c9b54cb6-f9qsh,2428m,23547Mi
1789952558,program-aware-vllm-decode-9c9b54cb6-gkzmr,2553m,23555Mi
1789952558,program-aware-vllm-decode-9c9b54cb6-kccxc,2405m,23554Mi
1789952558,program-aware-vllm-decode-9c9b54cb6-mngw2,2752m,23571Mi
1789952558,weka-bench-epp-baseline-c128-w90-5tl4t,2748m,9446Mi
1789952590,program-aware-scheduling-epp-788c6b94b6-gfm5b,631m,913Mi
1789952590,program-aware-vllm-decode-9c9b54cb6-f9qsh,2912m,23546Mi
1789952590,program-aware-vllm-decode-9c9b54cb6-gkzmr,2908m,23555Mi
1789952590,program-aware-vllm-decode-9c9b54cb6-kccxc,2736m,23554Mi
1789952590,program-aware-vllm-decode-9c9b54cb6-mngw2,2919m,23572Mi
1789952590,weka-bench-epp-baseline-c128-w90-5tl4t,2446m,9519Mi
1789952622,program-aware-scheduling-epp-788c6b94b6-gfm5b,763m,912Mi
1789952622,program-aware-vllm-decode-9c9b54cb6-f9qsh,2865m,23546Mi
1789952622,program-aware-vllm-decode-9c9b54cb6-gkzmr,2496m,23556Mi
1789952622,program-aware-vllm-decode-9c9b54cb6-kccxc,2550m,23554Mi
1789952622,program-aware-vllm-decode-9c9b54cb6-mngw2,2585m,23572Mi
1789952622,weka-bench-epp-baseline-c128-w90-5tl4t,2594m,9550Mi
1789952654,program-aware-scheduling-epp-788c6b94b6-gfm5b,723m,911Mi
1789952654,program-aware-vllm-decode-9c9b54cb6-f9qsh,3093m,23546Mi
1789952654,program-aware-vllm-decode-9c9b54cb6-gkzmr,2708m,23555Mi
1789952654,program-aware-vllm-decode-9c9b54cb6-kccxc,2481m,23554Mi
1789952654,program-aware-vllm-decode-9c9b54cb6-mngw2,2479m,23572Mi
1789952654,weka-bench-epp-baseline-c128-w90-5tl4t,2675m,9585Mi
1789952687,program-aware-scheduling-epp-788c6b94b6-gfm5b,776m,916Mi
1789952687,program-aware-vllm-decode-9c9b54cb6-f9qsh,2469m,23546Mi
1789952687,program-aware-vllm-decode-9c9b54cb6-gkzmr,2682m,23556Mi
1789952687,program-aware-vllm-decode-9c9b54cb6-kccxc,3123m,23554Mi
1789952687,program-aware-vllm-decode-9c9b54cb6-mngw2,2778m,23571Mi
1789952687,weka-bench-epp-baseline-c128-w90-5tl4t,2414m,9608Mi
1789952719,program-aware-scheduling-epp-788c6b94b6-gfm5b,780m,915Mi
1789952719,program-aware-vllm-decode-9c9b54cb6-f9qsh,2345m,23549Mi
1789952719,program-aware-vllm-decode-9c9b54cb6-gkzmr,2525m,23556Mi
1789952719,program-aware-vllm-decode-9c9b54cb6-kccxc,2657m,23554Mi
1789952719,program-aware-vllm-decode-9c9b54cb6-mngw2,2525m,23574Mi
1789952719,weka-bench-epp-baseline-c128-w90-5tl4t,2821m,9637Mi
1789952751,program-aware-scheduling-epp-788c6b94b6-gfm5b,766m,917Mi
1789952751,program-aware-vllm-decode-9c9b54cb6-f9qsh,3109m,23548Mi
1789952751,program-aware-vllm-decode-9c9b54cb6-gkzmr,2451m,23556Mi
1789952751,program-aware-vllm-decode-9c9b54cb6-kccxc,3016m,23555Mi
1789952751,program-aware-vllm-decode-9c9b54cb6-mngw2,2405m,23573Mi
1789952751,weka-bench-epp-baseline-c128-w90-5tl4t,2881m,9656Mi
1789952783,program-aware-scheduling-epp-788c6b94b6-gfm5b,804m,918Mi
1789952783,program-aware-vllm-decode-9c9b54cb6-f9qsh,2331m,23549Mi
1789952783,program-aware-vllm-decode-9c9b54cb6-gkzmr,2482m,23556Mi
1789952783,program-aware-vllm-decode-9c9b54cb6-kccxc,2644m,23554Mi
1789952783,program-aware-vllm-decode-9c9b54cb6-mngw2,2766m,23574Mi
1789952783,weka-bench-epp-baseline-c128-w90-5tl4t,2765m,9686Mi
1789952815,program-aware-scheduling-epp-788c6b94b6-gfm5b,801m,921Mi
1789952815,program-aware-vllm-decode-9c9b54cb6-f9qsh,2577m,23549Mi
1789952815,program-aware-vllm-decode-9c9b54cb6-gkzmr,2511m,23556Mi
1789952815,program-aware-vllm-decode-9c9b54cb6-kccxc,2957m,23554Mi
1789952815,program-aware-vllm-decode-9c9b54cb6-mngw2,2639m,23572Mi
1789952815,weka-bench-epp-baseline-c128-w90-5tl4t,2727m,9744Mi
1789952847,program-aware-scheduling-epp-788c6b94b6-gfm5b,685m,926Mi
1789952847,program-aware-vllm-decode-9c9b54cb6-f9qsh,2822m,23549Mi
1789952847,program-aware-vllm-decode-9c9b54cb6-gkzmr,2590m,23556Mi
1789952847,program-aware-vllm-decode-9c9b54cb6-kccxc,2822m,23555Mi
1789952847,program-aware-vllm-decode-9c9b54cb6-mngw2,2909m,23573Mi
1789952847,weka-bench-epp-baseline-c128-w90-5tl4t,2543m,9752Mi
1789952879,program-aware-scheduling-epp-788c6b94b6-gfm5b,672m,925Mi
1789952879,program-aware-vllm-decode-9c9b54cb6-f9qsh,2851m,23549Mi
1789952879,program-aware-vllm-decode-9c9b54cb6-gkzmr,2781m,23556Mi
1789952879,program-aware-vllm-decode-9c9b54cb6-kccxc,2622m,23555Mi
1789952879,program-aware-vllm-decode-9c9b54cb6-mngw2,2489m,23574Mi
1789952879,weka-bench-epp-baseline-c128-w90-5tl4t,2609m,9787Mi
1789952911,program-aware-scheduling-epp-788c6b94b6-gfm5b,836m,923Mi
1789952911,program-aware-vllm-decode-9c9b54cb6-f9qsh,2389m,23550Mi
1789952911,program-aware-vllm-decode-9c9b54cb6-gkzmr,2570m,23557Mi
1789952911,program-aware-vllm-decode-9c9b54cb6-kccxc,2744m,23555Mi
1789952911,program-aware-vllm-decode-9c9b54cb6-mngw2,2655m,23573Mi
1789952911,weka-bench-epp-baseline-c128-w90-5tl4t,2872m,9819Mi
1789952943,program-aware-scheduling-epp-788c6b94b6-gfm5b,776m,931Mi
1789952943,program-aware-vllm-decode-9c9b54cb6-f9qsh,2724m,23550Mi
1789952943,program-aware-vllm-decode-9c9b54cb6-gkzmr,2649m,23556Mi
1789952943,program-aware-vllm-decode-9c9b54cb6-kccxc,2605m,23554Mi
1789952943,program-aware-vllm-decode-9c9b54cb6-mngw2,2750m,23575Mi
1789952943,weka-bench-epp-baseline-c128-w90-5tl4t,2766m,9846Mi
1789952975,program-aware-scheduling-epp-788c6b94b6-gfm5b,751m,933Mi
1789952975,program-aware-vllm-decode-9c9b54cb6-f9qsh,2851m,23550Mi
1789952975,program-aware-vllm-decode-9c9b54cb6-gkzmr,2738m,23556Mi
1789952975,program-aware-vllm-decode-9c9b54cb6-kccxc,2299m,23555Mi
1789952975,program-aware-vllm-decode-9c9b54cb6-mngw2,2690m,23573Mi
1789952975,weka-bench-epp-baseline-c128-w90-5tl4t,2725m,9884Mi
1789953007,program-aware-scheduling-epp-788c6b94b6-gfm5b,702m,935Mi
1789953007,program-aware-vllm-decode-9c9b54cb6-f9qsh,2750m,23552Mi
1789953007,program-aware-vllm-decode-9c9b54cb6-gkzmr,2843m,23556Mi
1789953007,program-aware-vllm-decode-9c9b54cb6-kccxc,2720m,23555Mi
1789953007,program-aware-vllm-decode-9c9b54cb6-mngw2,2726m,23573Mi
1789953007,weka-bench-epp-baseline-c128-w90-5tl4t,2744m,9917Mi
1789953038,program-aware-scheduling-epp-788c6b94b6-gfm5b,714m,937Mi
1789953038,program-aware-vllm-decode-9c9b54cb6-f9qsh,2693m,23553Mi
1789953038,program-aware-vllm-decode-9c9b54cb6-gkzmr,2687m,23559Mi
1789953038,program-aware-vllm-decode-9c9b54cb6-kccxc,2895m,23559Mi
1789953038,program-aware-vllm-decode-9c9b54cb6-mngw2,2894m,23572Mi
1789953038,weka-bench-epp-baseline-c128-w90-5tl4t,2656m,9960Mi
1789953070,program-aware-scheduling-epp-788c6b94b6-gfm5b,608m,970Mi
1789953070,program-aware-vllm-decode-9c9b54cb6-f9qsh,2857m,23552Mi
1789953070,program-aware-vllm-decode-9c9b54cb6-gkzmr,3040m,23562Mi
1789953070,program-aware-vllm-decode-9c9b54cb6-kccxc,2856m,23564Mi
1789953070,program-aware-vllm-decode-9c9b54cb6-mngw2,3098m,23575Mi
1789953070,weka-bench-epp-baseline-c128-w90-5tl4t,2272m,10010Mi
1789953102,program-aware-scheduling-epp-788c6b94b6-gfm5b,771m,971Mi
1789953102,program-aware-vllm-decode-9c9b54cb6-f9qsh,2380m,23553Mi
1789953102,program-aware-vllm-decode-9c9b54cb6-gkzmr,2694m,23561Mi
1789953102,program-aware-vllm-decode-9c9b54cb6-kccxc,2521m,23565Mi
1789953102,program-aware-vllm-decode-9c9b54cb6-mngw2,2759m,23575Mi
1789953102,weka-bench-epp-baseline-c128-w90-5tl4t,2646m,10023Mi
1789953134,program-aware-scheduling-epp-788c6b94b6-gfm5b,767m,978Mi
1789953134,program-aware-vllm-decode-9c9b54cb6-f9qsh,2381m,23552Mi
1789953134,program-aware-vllm-decode-9c9b54cb6-gkzmr,2822m,23561Mi
1789953134,program-aware-vllm-decode-9c9b54cb6-kccxc,2611m,23564Mi
1789953134,program-aware-vllm-decode-9c9b54cb6-mngw2,2813m,23586Mi
1789953134,weka-bench-epp-baseline-c128-w90-5tl4t,2772m,10077Mi
1789953166,program-aware-scheduling-epp-788c6b94b6-gfm5b,731m,985Mi
1789953166,program-aware-vllm-decode-9c9b54cb6-f9qsh,2954m,23551Mi
1789953166,program-aware-vllm-decode-9c9b54cb6-gkzmr,2740m,23561Mi
1789953166,program-aware-vllm-decode-9c9b54cb6-kccxc,2789m,23564Mi
1789953166,program-aware-vllm-decode-9c9b54cb6-mngw2,2723m,23587Mi
1789953166,weka-bench-epp-baseline-c128-w90-5tl4t,2454m,10096Mi
1789953198,program-aware-scheduling-epp-788c6b94b6-gfm5b,576m,986Mi
1789953198,program-aware-vllm-decode-9c9b54cb6-f9qsh,2815m,23553Mi
1789953198,program-aware-vllm-decode-9c9b54cb6-gkzmr,2914m,23561Mi
1789953198,program-aware-vllm-decode-9c9b54cb6-kccxc,3070m,23577Mi
1789953198,program-aware-vllm-decode-9c9b54cb6-mngw2,2709m,23585Mi
1789953198,weka-bench-epp-baseline-c128-w90-5tl4t,2476m,10117Mi
1789953230,program-aware-scheduling-epp-788c6b94b6-gfm5b,608m,985Mi
1789953230,program-aware-vllm-decode-9c9b54cb6-f9qsh,2697m,23553Mi
1789953230,program-aware-vllm-decode-9c9b54cb6-gkzmr,3025m,23562Mi
1789953230,program-aware-vllm-decode-9c9b54cb6-kccxc,2895m,23578Mi
1789953230,program-aware-vllm-decode-9c9b54cb6-mngw2,2812m,23589Mi
1789953230,weka-bench-epp-baseline-c128-w90-5tl4t,2443m,10142Mi
1789953261,program-aware-scheduling-epp-788c6b94b6-gfm5b,841m,988Mi
1789953261,program-aware-vllm-decode-9c9b54cb6-f9qsh,2553m,23552Mi
1789953261,program-aware-vllm-decode-9c9b54cb6-gkzmr,2811m,23562Mi
1789953261,program-aware-vllm-decode-9c9b54cb6-kccxc,2569m,23609Mi
1789953261,program-aware-vllm-decode-9c9b54cb6-mngw2,2013m,23588Mi
1789953261,weka-bench-epp-baseline-c128-w90-5tl4t,2813m,10173Mi
1789953293,program-aware-scheduling-epp-788c6b94b6-gfm5b,723m,989Mi
1789953293,program-aware-vllm-decode-9c9b54cb6-f9qsh,2681m,23553Mi
1789953293,program-aware-vllm-decode-9c9b54cb6-gkzmr,2694m,23562Mi
1789953293,program-aware-vllm-decode-9c9b54cb6-kccxc,2913m,23611Mi
1789953293,program-aware-vllm-decode-9c9b54cb6-mngw2,2566m,23588Mi
1789953293,weka-bench-epp-baseline-c128-w90-5tl4t,2736m,10214Mi
1789953325,program-aware-scheduling-epp-788c6b94b6-gfm5b,724m,999Mi
1789953325,program-aware-vllm-decode-9c9b54cb6-f9qsh,2802m,23553Mi
1789953325,program-aware-vllm-decode-9c9b54cb6-gkzmr,2604m,23561Mi
1789953325,program-aware-vllm-decode-9c9b54cb6-kccxc,2574m,23610Mi
1789953325,program-aware-vllm-decode-9c9b54cb6-mngw2,2574m,23588Mi
1789953325,weka-bench-epp-baseline-c128-w90-5tl4t,2453m,10233Mi
1789953357,program-aware-scheduling-epp-788c6b94b6-gfm5b,747m,1000Mi
1789953357,program-aware-vllm-decode-9c9b54cb6-f9qsh,3035m,23552Mi
1789953357,program-aware-vllm-decode-9c9b54cb6-gkzmr,2817m,23561Mi
1789953357,program-aware-vllm-decode-9c9b54cb6-kccxc,2195m,23611Mi
1789953357,program-aware-vllm-decode-9c9b54cb6-mngw2,2798m,23586Mi
1789953357,weka-bench-epp-baseline-c128-w90-5tl4t,2852m,10264Mi
1789953388,program-aware-scheduling-epp-788c6b94b6-gfm5b,808m,1001Mi
1789953388,program-aware-vllm-decode-9c9b54cb6-f9qsh,2774m,23552Mi
1789953388,program-aware-vllm-decode-9c9b54cb6-gkzmr,2429m,23561Mi
1789953388,program-aware-vllm-decode-9c9b54cb6-kccxc,2512m,23613Mi
1789953388,program-aware-vllm-decode-9c9b54cb6-mngw2,2562m,23587Mi
1789953388,weka-bench-epp-baseline-c128-w90-5tl4t,2804m,10293Mi
1789953420,program-aware-scheduling-epp-788c6b94b6-gfm5b,783m,1000Mi
1789953420,program-aware-vllm-decode-9c9b54cb6-f9qsh,2551m,23553Mi
1789953420,program-aware-vllm-decode-9c9b54cb6-gkzmr,2746m,23561Mi
1789953420,program-aware-vllm-decode-9c9b54cb6-kccxc,2601m,23613Mi
1789953420,program-aware-vllm-decode-9c9b54cb6-mngw2,3020m,23587Mi
1789953420,weka-bench-epp-baseline-c128-w90-5tl4t,2709m,10328Mi
1789953452,program-aware-scheduling-epp-788c6b94b6-gfm5b,786m,1000Mi
1789953452,program-aware-vllm-decode-9c9b54cb6-f9qsh,2835m,23552Mi
1789953452,program-aware-vllm-decode-9c9b54cb6-gkzmr,2659m,23563Mi
1789953452,program-aware-vllm-decode-9c9b54cb6-kccxc,2517m,23613Mi
1789953452,program-aware-vllm-decode-9c9b54cb6-mngw2,2936m,23587Mi
1789953452,weka-bench-epp-baseline-c128-w90-5tl4t,2609m,10359Mi
1789953485,program-aware-scheduling-epp-788c6b94b6-gfm5b,747m,1000Mi
1789953485,program-aware-vllm-decode-9c9b54cb6-f9qsh,2704m,23554Mi
1789953485,program-aware-vllm-decode-9c9b54cb6-gkzmr,2673m,23565Mi
1789953485,program-aware-vllm-decode-9c9b54cb6-kccxc,2805m,23612Mi
1789953485,program-aware-vllm-decode-9c9b54cb6-mngw2,2350m,23586Mi
1789953485,weka-bench-epp-baseline-c128-w90-5tl4t,2671m,10402Mi
1789953516,program-aware-scheduling-epp-788c6b94b6-gfm5b,860m,1004Mi
1789953516,program-aware-vllm-decode-9c9b54cb6-f9qsh,2690m,23554Mi
1789953516,program-aware-vllm-decode-9c9b54cb6-gkzmr,2860m,23564Mi
1789953516,program-aware-vllm-decode-9c9b54cb6-kccxc,2814m,23613Mi
1789953516,program-aware-vllm-decode-9c9b54cb6-mngw2,2060m,23587Mi
1789953516,weka-bench-epp-baseline-c128-w90-5tl4t,2811m,10426Mi
1789953548,program-aware-scheduling-epp-788c6b94b6-gfm5b,815m,1004Mi
1789953548,program-aware-vllm-decode-9c9b54cb6-f9qsh,2637m,23562Mi
1789953548,program-aware-vllm-decode-9c9b54cb6-gkzmr,2806m,23565Mi
1789953548,program-aware-vllm-decode-9c9b54cb6-kccxc,2535m,23613Mi
1789953548,program-aware-vllm-decode-9c9b54cb6-mngw2,2470m,23587Mi
1789953548,weka-bench-epp-baseline-c128-w90-5tl4t,2600m,10436Mi
1789953580,program-aware-scheduling-epp-788c6b94b6-gfm5b,733m,1017Mi
1789953580,program-aware-vllm-decode-9c9b54cb6-f9qsh,2653m,23562Mi
1789953580,program-aware-vllm-decode-9c9b54cb6-gkzmr,2997m,23566Mi
1789953580,program-aware-vllm-decode-9c9b54cb6-kccxc,2922m,23613Mi
1789953580,program-aware-vllm-decode-9c9b54cb6-mngw2,2454m,23587Mi
1789953580,weka-bench-epp-baseline-c128-w90-5tl4t,3022m,10530Mi
1789953612,program-aware-scheduling-epp-788c6b94b6-gfm5b,778m,1020Mi
1789953612,program-aware-vllm-decode-9c9b54cb6-f9qsh,2790m,23561Mi
1789953612,program-aware-vllm-decode-9c9b54cb6-gkzmr,2690m,23565Mi
1789953612,program-aware-vllm-decode-9c9b54cb6-kccxc,2764m,23613Mi
1789953612,program-aware-vllm-decode-9c9b54cb6-mngw2,2894m,23588Mi
1789953612,weka-bench-epp-baseline-c128-w90-5tl4t,2738m,10548Mi
1789953644,program-aware-scheduling-epp-788c6b94b6-gfm5b,707m,1020Mi
1789953644,program-aware-vllm-decode-9c9b54cb6-f9qsh,2401m,23563Mi
1789953644,program-aware-vllm-decode-9c9b54cb6-gkzmr,2777m,23564Mi
1789953644,program-aware-vllm-decode-9c9b54cb6-kccxc,2724m,23613Mi
1789953644,program-aware-vllm-decode-9c9b54cb6-mngw2,2655m,23589Mi
1789953644,weka-bench-epp-baseline-c128-w90-5tl4t,2530m,10573Mi
1789953676,program-aware-scheduling-epp-788c6b94b6-gfm5b,819m,1030Mi
1789953676,program-aware-vllm-decode-9c9b54cb6-f9qsh,2893m,23561Mi
1789953676,program-aware-vllm-decode-9c9b54cb6-gkzmr,3004m,23565Mi
1789953676,program-aware-vllm-decode-9c9b54cb6-kccxc,2567m,23613Mi
1789953676,program-aware-vllm-decode-9c9b54cb6-mngw2,2701m,23596Mi
1789953676,weka-bench-epp-baseline-c128-w90-5tl4t,2780m,10630Mi
1789953707,program-aware-scheduling-epp-788c6b94b6-gfm5b,618m,1036Mi
1789953707,program-aware-vllm-decode-9c9b54cb6-f9qsh,2850m,23564Mi
1789953707,program-aware-vllm-decode-9c9b54cb6-gkzmr,2893m,23565Mi
1789953707,program-aware-vllm-decode-9c9b54cb6-kccxc,3001m,23613Mi
1789953707,program-aware-vllm-decode-9c9b54cb6-mngw2,2786m,23598Mi
1789953707,weka-bench-epp-baseline-c128-w90-5tl4t,2379m,10640Mi
1789953739,program-aware-scheduling-epp-788c6b94b6-gfm5b,714m,1037Mi
1789953739,program-aware-vllm-decode-9c9b54cb6-f9qsh,2635m,23564Mi
1789953739,program-aware-vllm-decode-9c9b54cb6-gkzmr,2858m,23566Mi
1789953739,program-aware-vllm-decode-9c9b54cb6-kccxc,2787m,23613Mi
1789953739,program-aware-vllm-decode-9c9b54cb6-mngw2,2904m,23596Mi
1789953739,weka-bench-epp-baseline-c128-w90-5tl4t,2531m,10674Mi
1789953771,program-aware-scheduling-epp-788c6b94b6-gfm5b,727m,1039Mi
1789953771,program-aware-vllm-decode-9c9b54cb6-f9qsh,2720m,23563Mi
1789953771,program-aware-vllm-decode-9c9b54cb6-gkzmr,2636m,23564Mi
1789953771,program-aware-vllm-decode-9c9b54cb6-kccxc,2635m,23614Mi
1789953771,program-aware-vllm-decode-9c9b54cb6-mngw2,2945m,23596Mi
1789953771,weka-bench-epp-baseline-c128-w90-5tl4t,2547m,10721Mi
1789953803,program-aware-scheduling-epp-788c6b94b6-gfm5b,805m,1042Mi
1789953803,program-aware-vllm-decode-9c9b54cb6-f9qsh,2853m,23564Mi
1789953803,program-aware-vllm-decode-9c9b54cb6-gkzmr,2803m,23564Mi
1789953803,program-aware-vllm-decode-9c9b54cb6-kccxc,2447m,23613Mi
1789953803,program-aware-vllm-decode-9c9b54cb6-mngw2,2460m,23595Mi
1789953803,weka-bench-epp-baseline-c128-w90-5tl4t,2573m,10744Mi
1789953835,program-aware-scheduling-epp-788c6b94b6-gfm5b,802m,1042Mi
1789953835,program-aware-vllm-decode-9c9b54cb6-f9qsh,2765m,23563Mi
1789953835,program-aware-vllm-decode-9c9b54cb6-gkzmr,2730m,23565Mi
1789953835,program-aware-vllm-decode-9c9b54cb6-kccxc,2700m,23613Mi
1789953835,program-aware-vllm-decode-9c9b54cb6-mngw2,2633m,23596Mi
1789953835,weka-bench-epp-baseline-c128-w90-5tl4t,2591m,10770Mi
1789953867,program-aware-scheduling-epp-788c6b94b6-gfm5b,701m,1041Mi
1789953867,program-aware-vllm-decode-9c9b54cb6-f9qsh,2704m,23564Mi
1789953867,program-aware-vllm-decode-9c9b54cb6-gkzmr,2680m,23567Mi
1789953867,program-aware-vllm-decode-9c9b54cb6-kccxc,2898m,23613Mi
1789953867,program-aware-vllm-decode-9c9b54cb6-mngw2,2649m,23596Mi
1789953867,weka-bench-epp-baseline-c128-w90-5tl4t,2538m,10802Mi
1789953898,program-aware-scheduling-epp-788c6b94b6-gfm5b,756m,1047Mi
1789953898,program-aware-vllm-decode-9c9b54cb6-f9qsh,2740m,23563Mi
1789953898,program-aware-vllm-decode-9c9b54cb6-gkzmr,2848m,23565Mi
1789953898,program-aware-vllm-decode-9c9b54cb6-kccxc,2627m,23613Mi
1789953898,program-aware-vllm-decode-9c9b54cb6-mngw2,2553m,23597Mi
1789953898,weka-bench-epp-baseline-c128-w90-5tl4t,2547m,10826Mi
1789953930,program-aware-scheduling-epp-788c6b94b6-gfm5b,784m,1049Mi
1789953930,program-aware-vllm-decode-9c9b54cb6-f9qsh,2494m,23563Mi
1789953930,program-aware-vllm-decode-9c9b54cb6-gkzmr,2625m,23566Mi
1789953930,program-aware-vllm-decode-9c9b54cb6-kccxc,2434m,23613Mi
1789953930,program-aware-vllm-decode-9c9b54cb6-mngw2,2898m,23597Mi
1789953930,weka-bench-epp-baseline-c128-w90-5tl4t,2664m,10841Mi
1789953962,program-aware-scheduling-epp-788c6b94b6-gfm5b,770m,1061Mi
1789953962,program-aware-vllm-decode-9c9b54cb6-f9qsh,2783m,23567Mi
1789953962,program-aware-vllm-decode-9c9b54cb6-gkzmr,2976m,23567Mi
1789953962,program-aware-vllm-decode-9c9b54cb6-kccxc,2330m,23614Mi
1789953962,program-aware-vllm-decode-9c9b54cb6-mngw2,2843m,23595Mi
1789953962,weka-bench-epp-baseline-c128-w90-5tl4t,2554m,10878Mi
1789953994,program-aware-scheduling-epp-788c6b94b6-gfm5b,767m,1059Mi
1789953994,program-aware-vllm-decode-9c9b54cb6-f9qsh,2515m,23576Mi
1789953994,program-aware-vllm-decode-9c9b54cb6-gkzmr,2858m,23567Mi
1789953994,program-aware-vllm-decode-9c9b54cb6-kccxc,2808m,23613Mi
1789953994,program-aware-vllm-decode-9c9b54cb6-mngw2,2661m,23597Mi
1789953994,weka-bench-epp-baseline-c128-w90-5tl4t,2679m,10909Mi
1789954026,program-aware-scheduling-epp-788c6b94b6-gfm5b,634m,1068Mi
1789954026,program-aware-vllm-decode-9c9b54cb6-f9qsh,2882m,23576Mi
1789954026,program-aware-vllm-decode-9c9b54cb6-gkzmr,2661m,23568Mi
1789954026,program-aware-vllm-decode-9c9b54cb6-kccxc,2738m,23619Mi
1789954026,program-aware-vllm-decode-9c9b54cb6-mngw2,3078m,23596Mi
1789954026,weka-bench-epp-baseline-c128-w90-5tl4t,2279m,10933Mi
1789954058,program-aware-scheduling-epp-788c6b94b6-gfm5b,742m,1075Mi
1789954058,program-aware-vllm-decode-9c9b54cb6-f9qsh,3001m,23577Mi
1789954058,program-aware-vllm-decode-9c9b54cb6-gkzmr,2789m,23569Mi
1789954058,program-aware-vllm-decode-9c9b54cb6-kccxc,2531m,23619Mi
1789954058,program-aware-vllm-decode-9c9b54cb6-mngw2,2677m,23596Mi
1789954058,weka-bench-epp-baseline-c128-w90-5tl4t,2516m,10956Mi
1789954089,program-aware-scheduling-epp-788c6b94b6-gfm5b,797m,1073Mi
1789954089,program-aware-vllm-decode-9c9b54cb6-f9qsh,2646m,23578Mi
1789954089,program-aware-vllm-decode-9c9b54cb6-gkzmr,2684m,23568Mi
1789954089,program-aware-vllm-decode-9c9b54cb6-kccxc,2448m,23569Mi
1789954089,program-aware-vllm-decode-9c9b54cb6-mngw2,2445m,23597Mi
1789954089,weka-bench-epp-baseline-c128-w90-5tl4t,2586m,10973Mi
1789954121,program-aware-scheduling-epp-788c6b94b6-gfm5b,750m,1079Mi
1789954121,program-aware-vllm-decode-9c9b54cb6-f9qsh,2471m,23617Mi
1789954121,program-aware-vllm-decode-9c9b54cb6-gkzmr,2654m,23568Mi
1789954121,program-aware-vllm-decode-9c9b54cb6-kccxc,2517m,23568Mi
1789954121,program-aware-vllm-decode-9c9b54cb6-mngw2,2867m,23597Mi
1789954121,weka-bench-epp-baseline-c128-w90-5tl4t,2585m,11044Mi
1789954153,program-aware-scheduling-epp-788c6b94b6-gfm5b,683m,1080Mi
1789954153,program-aware-vllm-decode-9c9b54cb6-f9qsh,2823m,23620Mi
1789954153,program-aware-vllm-decode-9c9b54cb6-gkzmr,2718m,23568Mi
1789954153,program-aware-vllm-decode-9c9b54cb6-kccxc,2756m,23568Mi
1789954153,program-aware-vllm-decode-9c9b54cb6-mngw2,2867m,23598Mi
1789954153,weka-bench-epp-baseline-c128-w90-5tl4t,2369m,11060Mi
1789954185,program-aware-scheduling-epp-788c6b94b6-gfm5b,861m,1080Mi
1789954185,program-aware-vllm-decode-9c9b54cb6-f9qsh,2168m,23622Mi
1789954185,program-aware-vllm-decode-9c9b54cb6-gkzmr,3070m,23568Mi
1789954185,program-aware-vllm-decode-9c9b54cb6-kccxc,2281m,23569Mi
1789954185,program-aware-vllm-decode-9c9b54cb6-mngw2,2085m,23597Mi
1789954185,weka-bench-epp-baseline-c128-w90-5tl4t,2758m,11092Mi
1789954217,program-aware-scheduling-epp-788c6b94b6-gfm5b,891m,1087Mi
1789954217,program-aware-vllm-decode-9c9b54cb6-f9qsh,2667m,23629Mi
1789954217,program-aware-vllm-decode-9c9b54cb6-gkzmr,2442m,23569Mi
1789954217,program-aware-vllm-decode-9c9b54cb6-kccxc,2201m,23570Mi
1789954217,program-aware-vllm-decode-9c9b54cb6-mngw2,2523m,23598Mi
1789954217,weka-bench-epp-baseline-c128-w90-5tl4t,2702m,11116Mi
1789954249,program-aware-scheduling-epp-788c6b94b6-gfm5b,876m,1088Mi
1789954249,program-aware-vllm-decode-9c9b54cb6-f9qsh,2100m,23629Mi
1789954249,program-aware-vllm-decode-9c9b54cb6-gkzmr,2960m,23570Mi
1789954249,program-aware-vllm-decode-9c9b54cb6-kccxc,2811m,23570Mi
1789954249,program-aware-vllm-decode-9c9b54cb6-mngw2,2530m,23597Mi
1789954249,weka-bench-epp-baseline-c128-w90-5tl4t,2840m,11146Mi
1789954280,program-aware-scheduling-epp-788c6b94b6-gfm5b,817m,1097Mi
1789954280,program-aware-vllm-decode-9c9b54cb6-f9qsh,2522m,23662Mi
1789954280,program-aware-vllm-decode-9c9b54cb6-gkzmr,2809m,23589Mi
1789954280,program-aware-vllm-decode-9c9b54cb6-kccxc,2381m,23569Mi
1789954280,program-aware-vllm-decode-9c9b54cb6-mngw2,2727m,23597Mi
1789954280,weka-bench-epp-baseline-c128-w90-5tl4t,2730m,11169Mi
1789954312,program-aware-scheduling-epp-788c6b94b6-gfm5b,786m,1100Mi
1789954312,program-aware-vllm-decode-9c9b54cb6-f9qsh,3024m,23663Mi
1789954312,program-aware-vllm-decode-9c9b54cb6-gkzmr,2545m,23570Mi
1789954312,program-aware-vllm-decode-9c9b54cb6-kccxc,2713m,23569Mi
1789954312,program-aware-vllm-decode-9c9b54cb6-mngw2,2363m,23597Mi
1789954312,weka-bench-epp-baseline-c128-w90-5tl4t,2676m,11199Mi
1789954344,program-aware-scheduling-epp-788c6b94b6-gfm5b,822m,1098Mi
1789954344,program-aware-vllm-decode-9c9b54cb6-f9qsh,2698m,23663Mi
1789954344,program-aware-vllm-decode-9c9b54cb6-gkzmr,2838m,23570Mi
1789954344,program-aware-vllm-decode-9c9b54cb6-kccxc,2509m,23569Mi
1789954344,program-aware-vllm-decode-9c9b54cb6-mngw2,2551m,23598Mi
1789954344,weka-bench-epp-baseline-c128-w90-5tl4t,2718m,11228Mi
1789954376,program-aware-scheduling-epp-788c6b94b6-gfm5b,997m,1097Mi
1789954376,program-aware-vllm-decode-9c9b54cb6-f9qsh,2337m,23668Mi
1789954376,program-aware-vllm-decode-9c9b54cb6-gkzmr,2472m,23571Mi
1789954376,program-aware-vllm-decode-9c9b54cb6-kccxc,2288m,23570Mi
1789954376,program-aware-vllm-decode-9c9b54cb6-mngw2,2266m,23598Mi
1789954376,weka-bench-epp-baseline-c128-w90-5tl4t,3067m,11259Mi
1789954408,program-aware-scheduling-epp-788c6b94b6-gfm5b,670m,1101Mi
1789954408,program-aware-vllm-decode-9c9b54cb6-f9qsh,2695m,23670Mi
1789954408,program-aware-vllm-decode-9c9b54cb6-gkzmr,2660m,23570Mi
1789954408,program-aware-vllm-decode-9c9b54cb6-kccxc,2836m,23569Mi
1789954408,program-aware-vllm-decode-9c9b54cb6-mngw2,3040m,23598Mi
1789954408,weka-bench-epp-baseline-c128-w90-5tl4t,2418m,11286Mi
1789954440,program-aware-scheduling-epp-788c6b94b6-gfm5b,798m,1100Mi
1789954440,program-aware-vllm-decode-9c9b54cb6-f9qsh,2753m,23669Mi
1789954440,program-aware-vllm-decode-9c9b54cb6-gkzmr,2740m,23571Mi
1789954440,program-aware-vllm-decode-9c9b54cb6-kccxc,2779m,23572Mi
1789954440,program-aware-vllm-decode-9c9b54cb6-mngw2,2404m,23597Mi
1789954440,weka-bench-epp-baseline-c128-w90-5tl4t,2571m,11303Mi
1789954471,program-aware-scheduling-epp-788c6b94b6-gfm5b,854m,1101Mi
1789954471,program-aware-vllm-decode-9c9b54cb6-f9qsh,3078m,23670Mi
1789954471,program-aware-vllm-decode-9c9b54cb6-gkzmr,2836m,23570Mi
1789954471,program-aware-vllm-decode-9c9b54cb6-kccxc,2662m,23572Mi
1789954471,program-aware-vllm-decode-9c9b54cb6-mngw2,2151m,23597Mi
1789954471,weka-bench-epp-baseline-c128-w90-5tl4t,2765m,11329Mi
1789954503,program-aware-scheduling-epp-788c6b94b6-gfm5b,689m,1105Mi
1789954503,program-aware-vllm-decode-9c9b54cb6-f9qsh,2692m,23671Mi
1789954503,program-aware-vllm-decode-9c9b54cb6-gkzmr,2777m,23570Mi
1789954503,program-aware-vllm-decode-9c9b54cb6-kccxc,2699m,23573Mi
1789954503,program-aware-vllm-decode-9c9b54cb6-mngw2,2581m,23597Mi
1789954503,weka-bench-epp-baseline-c128-w90-5tl4t,2451m,11361Mi
1789954535,program-aware-scheduling-epp-788c6b94b6-gfm5b,856m,1111Mi
1789954535,program-aware-vllm-decode-9c9b54cb6-f9qsh,2618m,23670Mi
1789954535,program-aware-vllm-decode-9c9b54cb6-gkzmr,2927m,23570Mi
1789954535,program-aware-vllm-decode-9c9b54cb6-kccxc,2468m,23574Mi
1789954535,program-aware-vllm-decode-9c9b54cb6-mngw2,1928m,23597Mi
1789954535,weka-bench-epp-baseline-c128-w90-5tl4t,2705m,11399Mi
1789954567,program-aware-scheduling-epp-788c6b94b6-gfm5b,743m,1119Mi
1789954567,program-aware-vllm-decode-9c9b54cb6-f9qsh,2897m,23670Mi
1789954567,program-aware-vllm-decode-9c9b54cb6-gkzmr,2440m,23570Mi
1789954567,program-aware-vllm-decode-9c9b54cb6-kccxc,2895m,23573Mi
1789954567,program-aware-vllm-decode-9c9b54cb6-mngw2,2737m,23597Mi
1789954567,weka-bench-epp-baseline-c128-w90-5tl4t,2473m,11419Mi
1789954599,program-aware-scheduling-epp-788c6b94b6-gfm5b,788m,1127Mi
1789954599,program-aware-vllm-decode-9c9b54cb6-f9qsh,2944m,23674Mi
1789954599,program-aware-vllm-decode-9c9b54cb6-gkzmr,2432m,23575Mi
1789954599,program-aware-vllm-decode-9c9b54cb6-kccxc,2647m,23578Mi
1789954599,program-aware-vllm-decode-9c9b54cb6-mngw2,2728m,23597Mi
1789954599,weka-bench-epp-baseline-c128-w90-5tl4t,2550m,11442Mi
1789954631,program-aware-scheduling-epp-788c6b94b6-gfm5b,703m,1133Mi
1789954631,program-aware-vllm-decode-9c9b54cb6-f9qsh,2305m,23686Mi
1789954631,program-aware-vllm-decode-9c9b54cb6-gkzmr,2941m,23604Mi
1789954631,program-aware-vllm-decode-9c9b54cb6-kccxc,2987m,23582Mi
1789954631,program-aware-vllm-decode-9c9b54cb6-mngw2,2726m,23597Mi
1789954631,weka-bench-epp-baseline-c128-w90-5tl4t,2391m,11488Mi
1789954663,program-aware-scheduling-epp-788c6b94b6-gfm5b,694m,1137Mi
1789954663,program-aware-vllm-decode-9c9b54cb6-f9qsh,2845m,23685Mi
1789954663,program-aware-vllm-decode-9c9b54cb6-gkzmr,2716m,23605Mi
1789954663,program-aware-vllm-decode-9c9b54cb6-kccxc,2950m,23582Mi
1789954663,program-aware-vllm-decode-9c9b54cb6-mngw2,2988m,23597Mi
1789954663,weka-bench-epp-baseline-c128-w90-5tl4t,2442m,11512Mi
1789954695,program-aware-scheduling-epp-788c6b94b6-gfm5b,761m,1138Mi
1789954695,program-aware-vllm-decode-9c9b54cb6-f9qsh,2282m,23687Mi
1789954695,program-aware-vllm-decode-9c9b54cb6-gkzmr,2739m,23605Mi
1789954695,program-aware-vllm-decode-9c9b54cb6-kccxc,2675m,23582Mi
1789954695,program-aware-vllm-decode-9c9b54cb6-mngw2,2471m,23599Mi
1789954695,weka-bench-epp-baseline-c128-w90-5tl4t,2786m,11546Mi
1789954727,program-aware-scheduling-epp-788c6b94b6-gfm5b,869m,1168Mi
1789954727,program-aware-vllm-decode-9c9b54cb6-f9qsh,2961m,23713Mi
1789954727,program-aware-vllm-decode-9c9b54cb6-gkzmr,2440m,23578Mi
1789954727,program-aware-vllm-decode-9c9b54cb6-kccxc,2541m,23596Mi
1789954727,program-aware-vllm-decode-9c9b54cb6-mngw2,2470m,23606Mi
1789954727,weka-bench-epp-baseline-c128-w90-5tl4t,8223m,11739Mi
1789954759,program-aware-scheduling-epp-788c6b94b6-gfm5b,786m,1186Mi
1789954759,program-aware-vllm-decode-9c9b54cb6-f9qsh,2738m,23714Mi
1789954759,program-aware-vllm-decode-9c9b54cb6-gkzmr,2596m,23579Mi
1789954759,program-aware-vllm-decode-9c9b54cb6-kccxc,2467m,23601Mi
1789954759,program-aware-vllm-decode-9c9b54cb6-mngw2,2283m,23609Mi
1789954759,weka-bench-epp-baseline-c128-w90-5tl4t,3341m,11830Mi
1789954791,program-aware-scheduling-epp-788c6b94b6-gfm5b,864m,1191Mi
1789954791,program-aware-vllm-decode-9c9b54cb6-f9qsh,2658m,23715Mi
1789954791,program-aware-vllm-decode-9c9b54cb6-gkzmr,2477m,23595Mi
1789954791,program-aware-vllm-decode-9c9b54cb6-kccxc,2552m,23602Mi
1789954791,program-aware-vllm-decode-9c9b54cb6-mngw2,2242m,23609Mi
1789954791,weka-bench-epp-baseline-c128-w90-5tl4t,2765m,11847Mi
1789954822,program-aware-scheduling-epp-788c6b94b6-gfm5b,703m,1191Mi
1789954822,program-aware-vllm-decode-9c9b54cb6-f9qsh,2593m,23716Mi
1789954822,program-aware-vllm-decode-9c9b54cb6-gkzmr,2626m,23595Mi
1789954822,program-aware-vllm-decode-9c9b54cb6-kccxc,2654m,23601Mi
1789954822,program-aware-vllm-decode-9c9b54cb6-mngw2,2953m,23608Mi
1789954822,weka-bench-epp-baseline-c128-w90-5tl4t,2751m,11881Mi
1789954854,program-aware-scheduling-epp-788c6b94b6-gfm5b,912m,1220Mi
1789954854,program-aware-vllm-decode-9c9b54cb6-f9qsh,2611m,23715Mi
1789954854,program-aware-vllm-decode-9c9b54cb6-gkzmr,2586m,23593Mi
1789954854,program-aware-vllm-decode-9c9b54cb6-kccxc,2541m,23601Mi
1789954854,program-aware-vllm-decode-9c9b54cb6-mngw2,2623m,23608Mi
1789954854,weka-bench-epp-baseline-c128-w90-5tl4t,2710m,11928Mi
1789954886,program-aware-scheduling-epp-788c6b94b6-gfm5b,870m,1218Mi
1789954886,program-aware-vllm-decode-9c9b54cb6-f9qsh,2834m,23717Mi
1789954886,program-aware-vllm-decode-9c9b54cb6-gkzmr,2633m,23593Mi
1789954886,program-aware-vllm-decode-9c9b54cb6-kccxc,2802m,23599Mi
1789954886,program-aware-vllm-decode-9c9b54cb6-mngw2,2568m,23608Mi
1789954886,weka-bench-epp-baseline-c128-w90-5tl4t,2647m,11972Mi
1789954918,program-aware-scheduling-epp-788c6b94b6-gfm5b,803m,1220Mi
1789954918,program-aware-vllm-decode-9c9b54cb6-f9qsh,2641m,23717Mi
1789954918,program-aware-vllm-decode-9c9b54cb6-gkzmr,2886m,23592Mi
1789954918,program-aware-vllm-decode-9c9b54cb6-kccxc,2390m,23599Mi
1789954918,program-aware-vllm-decode-9c9b54cb6-mngw2,2920m,23607Mi
1789954918,weka-bench-epp-baseline-c128-w90-5tl4t,2646m,11982Mi
1789954950,program-aware-scheduling-epp-788c6b94b6-gfm5b,874m,1221Mi
1789954950,program-aware-vllm-decode-9c9b54cb6-f9qsh,2539m,23716Mi
1789954950,program-aware-vllm-decode-9c9b54cb6-gkzmr,3035m,23592Mi
1789954950,program-aware-vllm-decode-9c9b54cb6-kccxc,2610m,23598Mi
1789954950,program-aware-vllm-decode-9c9b54cb6-mngw2,2749m,23609Mi
1789954950,weka-bench-epp-baseline-c128-w90-5tl4t,2731m,12111Mi
1789954982,program-aware-scheduling-epp-788c6b94b6-gfm5b,873m,1212Mi
1789954982,program-aware-vllm-decode-9c9b54cb6-f9qsh,2641m,23716Mi
1789954982,program-aware-vllm-decode-9c9b54cb6-gkzmr,2758m,23592Mi
1789954982,program-aware-vllm-decode-9c9b54cb6-kccxc,2563m,23599Mi
1789954982,program-aware-vllm-decode-9c9b54cb6-mngw2,2911m,23608Mi
1789954982,weka-bench-epp-baseline-c128-w90-5tl4t,2677m,12124Mi
1789955014,program-aware-scheduling-epp-788c6b94b6-gfm5b,835m,1192Mi
1789955014,program-aware-vllm-decode-9c9b54cb6-f9qsh,2738m,23716Mi
1789955014,program-aware-vllm-decode-9c9b54cb6-gkzmr,2734m,23592Mi
1789955014,program-aware-vllm-decode-9c9b54cb6-kccxc,2905m,23599Mi
1789955014,program-aware-vllm-decode-9c9b54cb6-mngw2,2793m,23608Mi
1789955014,weka-bench-epp-baseline-c128-w90-5tl4t,2602m,12174Mi
1789955046,program-aware-scheduling-epp-788c6b94b6-gfm5b,783m,1193Mi
1789955046,program-aware-vllm-decode-9c9b54cb6-f9qsh,2992m,23717Mi
1789955046,program-aware-vllm-decode-9c9b54cb6-gkzmr,3011m,23593Mi
1789955046,program-aware-vllm-decode-9c9b54cb6-kccxc,2710m,23600Mi
1789955046,program-aware-vllm-decode-9c9b54cb6-mngw2,2502m,23608Mi
1789955046,weka-bench-epp-baseline-c128-w90-5tl4t,2579m,12192Mi
1789955078,program-aware-scheduling-epp-788c6b94b6-gfm5b,905m,1192Mi
1789955078,program-aware-vllm-decode-9c9b54cb6-f9qsh,2723m,23717Mi
1789955078,program-aware-vllm-decode-9c9b54cb6-gkzmr,2801m,23592Mi
1789955078,program-aware-vllm-decode-9c9b54cb6-kccxc,2070m,23599Mi
1789955078,program-aware-vllm-decode-9c9b54cb6-mngw2,2709m,23608Mi
1789955078,weka-bench-epp-baseline-c128-w90-5tl4t,2785m,12250Mi
1789955110,program-aware-scheduling-epp-788c6b94b6-gfm5b,857m,1194Mi
1789955110,program-aware-vllm-decode-9c9b54cb6-f9qsh,2746m,23718Mi
1789955110,program-aware-vllm-decode-9c9b54cb6-gkzmr,2627m,23592Mi
1789955110,program-aware-vllm-decode-9c9b54cb6-kccxc,2294m,23600Mi
1789955110,program-aware-vllm-decode-9c9b54cb6-mngw2,2723m,23604Mi
1789955110,weka-bench-epp-baseline-c128-w90-5tl4t,2667m,12319Mi
1789955142,program-aware-scheduling-epp-788c6b94b6-gfm5b,839m,1195Mi
1789955142,program-aware-vllm-decode-9c9b54cb6-f9qsh,2594m,23716Mi
1789955142,program-aware-vllm-decode-9c9b54cb6-gkzmr,2985m,23593Mi
1789955142,program-aware-vllm-decode-9c9b54cb6-kccxc,2692m,23597Mi
1789955142,program-aware-vllm-decode-9c9b54cb6-mngw2,2965m,23604Mi
1789955142,weka-bench-epp-baseline-c128-w90-5tl4t,2570m,12364Mi
1789955173,program-aware-scheduling-epp-788c6b94b6-gfm5b,891m,1195Mi
1789955173,program-aware-vllm-decode-9c9b54cb6-f9qsh,2531m,23716Mi
1789955173,program-aware-vllm-decode-9c9b54cb6-gkzmr,2820m,23593Mi
1789955173,program-aware-vllm-decode-9c9b54cb6-kccxc,2633m,23597Mi
1789955173,program-aware-vllm-decode-9c9b54cb6-mngw2,2513m,23605Mi
1789955173,weka-bench-epp-baseline-c128-w90-5tl4t,2628m,12400Mi
1789955205,program-aware-scheduling-epp-788c6b94b6-gfm5b,995m,1192Mi
1789955205,program-aware-vllm-decode-9c9b54cb6-f9qsh,2440m,23717Mi
1789955205,program-aware-vllm-decode-9c9b54cb6-gkzmr,2484m,23592Mi
1789955205,program-aware-vllm-decode-9c9b54cb6-kccxc,2348m,23597Mi
1789955205,program-aware-vllm-decode-9c9b54cb6-mngw2,2614m,23604Mi
1789955205,weka-bench-epp-baseline-c128-w90-5tl4t,2835m,12420Mi
1789955237,program-aware-scheduling-epp-788c6b94b6-gfm5b,792m,1192Mi
1789955237,program-aware-vllm-decode-9c9b54cb6-f9qsh,2683m,23716Mi
1789955237,program-aware-vllm-decode-9c9b54cb6-gkzmr,2730m,23592Mi
1789955237,program-aware-vllm-decode-9c9b54cb6-kccxc,2262m,23596Mi
1789955237,program-aware-vllm-decode-9c9b54cb6-mngw2,3101m,23604Mi
1789955237,weka-bench-epp-baseline-c128-w90-5tl4t,2604m,12451Mi
1789955269,program-aware-scheduling-epp-788c6b94b6-gfm5b,848m,1192Mi
1789955269,program-aware-vllm-decode-9c9b54cb6-f9qsh,2851m,23716Mi
1789955269,program-aware-vllm-decode-9c9b54cb6-gkzmr,2827m,23592Mi
1789955269,program-aware-vllm-decode-9c9b54cb6-kccxc,2552m,23597Mi
1789955269,program-aware-vllm-decode-9c9b54cb6-mngw2,2754m,23605Mi
1789955269,weka-bench-epp-baseline-c128-w90-5tl4t,2611m,12491Mi
1789955301,program-aware-scheduling-epp-788c6b94b6-gfm5b,826m,1194Mi
1789955301,program-aware-vllm-decode-9c9b54cb6-f9qsh,2627m,23716Mi
1789955301,program-aware-vllm-decode-9c9b54cb6-gkzmr,2842m,23592Mi
1789955301,program-aware-vllm-decode-9c9b54cb6-kccxc,2586m,23597Mi
1789955301,program-aware-vllm-decode-9c9b54cb6-mngw2,2492m,23604Mi
1789955301,weka-bench-epp-baseline-c128-w90-5tl4t,2722m,12529Mi
1789955333,program-aware-scheduling-epp-788c6b94b6-gfm5b,886m,1193Mi
1789955333,program-aware-vllm-decode-9c9b54cb6-f9qsh,2179m,23716Mi
1789955333,program-aware-vllm-decode-9c9b54cb6-gkzmr,2937m,23592Mi
1789955333,program-aware-vllm-decode-9c9b54cb6-kccxc,2803m,23597Mi
1789955333,program-aware-vllm-decode-9c9b54cb6-mngw2,2863m,23603Mi
1789955333,weka-bench-epp-baseline-c128-w90-5tl4t,2824m,12557Mi
1789955365,program-aware-scheduling-epp-788c6b94b6-gfm5b,1078m,1193Mi
1789955365,program-aware-vllm-decode-9c9b54cb6-f9qsh,1940m,23717Mi
1789955365,program-aware-vllm-decode-9c9b54cb6-gkzmr,2470m,23593Mi
1789955365,program-aware-vllm-decode-9c9b54cb6-kccxc,2430m,23599Mi
1789955365,program-aware-vllm-decode-9c9b54cb6-mngw2,2574m,23606Mi
1789955365,weka-bench-epp-baseline-c128-w90-5tl4t,2944m,12614Mi
1789955397,program-aware-scheduling-epp-788c6b94b6-gfm5b,994m,1194Mi
1789955397,program-aware-vllm-decode-9c9b54cb6-f9qsh,2385m,23716Mi
1789955397,program-aware-vllm-decode-9c9b54cb6-gkzmr,2844m,23592Mi
1789955397,program-aware-vllm-decode-9c9b54cb6-kccxc,2424m,23599Mi
1789955397,program-aware-vllm-decode-9c9b54cb6-mngw2,1787m,23604Mi
1789955397,weka-bench-epp-baseline-c128-w90-5tl4t,2963m,12664Mi
1789955429,program-aware-scheduling-epp-788c6b94b6-gfm5b,1023m,1194Mi
1789955429,program-aware-vllm-decode-9c9b54cb6-f9qsh,2458m,23717Mi
1789955429,program-aware-vllm-decode-9c9b54cb6-gkzmr,2705m,23592Mi
1789955429,program-aware-vllm-decode-9c9b54cb6-kccxc,2702m,23599Mi
1789955429,program-aware-vllm-decode-9c9b54cb6-mngw2,1858m,23605Mi
1789955429,weka-bench-epp-baseline-c128-w90-5tl4t,3436m,12694Mi
1789955460,program-aware-scheduling-epp-788c6b94b6-gfm5b,862m,1195Mi
1789955460,program-aware-vllm-decode-9c9b54cb6-f9qsh,2934m,23716Mi
1789955460,program-aware-vllm-decode-9c9b54cb6-gkzmr,2930m,23592Mi
1789955460,program-aware-vllm-decode-9c9b54cb6-kccxc,2833m,23599Mi
1789955460,program-aware-vllm-decode-9c9b54cb6-mngw2,2179m,23604Mi
1789955460,weka-bench-epp-baseline-c128-w90-5tl4t,2796m,12742Mi
1789955492,program-aware-scheduling-epp-788c6b94b6-gfm5b,945m,1193Mi
1789955492,program-aware-vllm-decode-9c9b54cb6-f9qsh,2415m,23716Mi
1789955492,program-aware-vllm-decode-9c9b54cb6-gkzmr,2731m,23592Mi
1789955492,program-aware-vllm-decode-9c9b54cb6-kccxc,2877m,23599Mi
1789955492,program-aware-vllm-decode-9c9b54cb6-mngw2,2345m,23605Mi
1789955492,weka-bench-epp-baseline-c128-w90-5tl4t,2999m,12779Mi
1789955524,program-aware-scheduling-epp-788c6b94b6-gfm5b,979m,1193Mi
1789955524,program-aware-vllm-decode-9c9b54cb6-f9qsh,2229m,23717Mi
1789955524,program-aware-vllm-decode-9c9b54cb6-gkzmr,2596m,23591Mi
1789955524,program-aware-vllm-decode-9c9b54cb6-kccxc,2565m,23598Mi
1789955524,program-aware-vllm-decode-9c9b54cb6-mngw2,2330m,23604Mi
1789955524,weka-bench-epp-baseline-c128-w90-5tl4t,2908m,12820Mi
1789955556,program-aware-scheduling-epp-788c6b94b6-gfm5b,935m,1193Mi
1789955556,program-aware-vllm-decode-9c9b54cb6-f9qsh,2701m,23715Mi
1789955556,program-aware-vllm-decode-9c9b54cb6-gkzmr,2690m,23592Mi
1789955556,program-aware-vllm-decode-9c9b54cb6-kccxc,2771m,23599Mi
1789955556,program-aware-vllm-decode-9c9b54cb6-mngw2,2009m,23605Mi
1789955556,weka-bench-epp-baseline-c128-w90-5tl4t,2775m,12840Mi
1789955588,program-aware-scheduling-epp-788c6b94b6-gfm5b,979m,1193Mi
1789955588,program-aware-vllm-decode-9c9b54cb6-f9qsh,2753m,23717Mi
1789955588,program-aware-vllm-decode-9c9b54cb6-gkzmr,3043m,23592Mi
1789955588,program-aware-vllm-decode-9c9b54cb6-kccxc,2396m,23598Mi
1789955588,program-aware-vllm-decode-9c9b54cb6-mngw2,2166m,23604Mi
1789955588,weka-bench-epp-baseline-c128-w90-5tl4t,2966m,12886Mi
1789955619,program-aware-scheduling-epp-788c6b94b6-gfm5b,802m,1194Mi
1789955619,program-aware-vllm-decode-9c9b54cb6-f9qsh,2646m,23717Mi
1789955619,program-aware-vllm-decode-9c9b54cb6-gkzmr,2888m,23592Mi
1789955619,program-aware-vllm-decode-9c9b54cb6-kccxc,2835m,23599Mi
1789955619,program-aware-vllm-decode-9c9b54cb6-mngw2,2483m,23604Mi
1789955619,weka-bench-epp-baseline-c128-w90-5tl4t,2650m,12931Mi
1789955651,program-aware-scheduling-epp-788c6b94b6-gfm5b,766m,1192Mi
1789955651,program-aware-vllm-decode-9c9b54cb6-f9qsh,2775m,23716Mi
1789955651,program-aware-vllm-decode-9c9b54cb6-gkzmr,3191m,23592Mi
1789955651,program-aware-vllm-decode-9c9b54cb6-kccxc,2709m,23599Mi
1789955651,program-aware-vllm-decode-9c9b54cb6-mngw2,2695m,23604Mi
1789955651,weka-bench-epp-baseline-c128-w90-5tl4t,2517m,12968Mi
1789955683,program-aware-scheduling-epp-788c6b94b6-gfm5b,892m,1193Mi
1789955683,program-aware-vllm-decode-9c9b54cb6-f9qsh,2862m,23716Mi
1789955683,program-aware-vllm-decode-9c9b54cb6-gkzmr,2403m,23592Mi
1789955683,program-aware-vllm-decode-9c9b54cb6-kccxc,2856m,23599Mi
1789955683,program-aware-vllm-decode-9c9b54cb6-mngw2,2628m,23604Mi
1789955683,weka-bench-epp-baseline-c128-w90-5tl4t,2689m,13002Mi
1789955715,program-aware-scheduling-epp-788c6b94b6-gfm5b,799m,1195Mi
1789955715,program-aware-vllm-decode-9c9b54cb6-f9qsh,2690m,23716Mi
1789955715,program-aware-vllm-decode-9c9b54cb6-gkzmr,2395m,23592Mi
1789955715,program-aware-vllm-decode-9c9b54cb6-kccxc,2473m,23598Mi
1789955715,program-aware-vllm-decode-9c9b54cb6-mngw2,2494m,23604Mi
1789955715,weka-bench-epp-baseline-c128-w90-5tl4t,2750m,13027Mi
1789955747,program-aware-scheduling-epp-788c6b94b6-gfm5b,902m,1195Mi
1789955747,program-aware-vllm-decode-9c9b54cb6-f9qsh,2693m,23716Mi
1789955747,program-aware-vllm-decode-9c9b54cb6-gkzmr,2512m,23591Mi
1789955747,program-aware-vllm-decode-9c9b54cb6-kccxc,2576m,23599Mi
1789955747,program-aware-vllm-decode-9c9b54cb6-mngw2,2773m,23604Mi
1789955747,weka-bench-epp-baseline-c128-w90-5tl4t,2968m,13058Mi
1789955778,program-aware-scheduling-epp-788c6b94b6-gfm5b,810m,1193Mi
1789955778,program-aware-vllm-decode-9c9b54cb6-f9qsh,2543m,23716Mi
1789955778,program-aware-vllm-decode-9c9b54cb6-gkzmr,2855m,23592Mi
1789955778,program-aware-vllm-decode-9c9b54cb6-kccxc,2724m,23600Mi
1789955778,program-aware-vllm-decode-9c9b54cb6-mngw2,2805m,23605Mi
1789955778,weka-bench-epp-baseline-c128-w90-5tl4t,2555m,13090Mi
1789955810,program-aware-scheduling-epp-788c6b94b6-gfm5b,824m,1193Mi
1789955810,program-aware-vllm-decode-9c9b54cb6-f9qsh,2767m,23717Mi
1789955810,program-aware-vllm-decode-9c9b54cb6-gkzmr,2819m,23592Mi
1789955810,program-aware-vllm-decode-9c9b54cb6-kccxc,2340m,23599Mi
1789955810,program-aware-vllm-decode-9c9b54cb6-mngw2,2636m,23604Mi
1789955810,weka-bench-epp-baseline-c128-w90-5tl4t,2912m,13124Mi
1789955842,program-aware-scheduling-epp-788c6b94b6-gfm5b,873m,1195Mi
1789955842,program-aware-vllm-decode-9c9b54cb6-f9qsh,2600m,23717Mi
1789955842,program-aware-vllm-decode-9c9b54cb6-gkzmr,2479m,23593Mi
1789955842,program-aware-vllm-decode-9c9b54cb6-kccxc,2736m,23598Mi
1789955842,program-aware-vllm-decode-9c9b54cb6-mngw2,2451m,23605Mi
1789955842,weka-bench-epp-baseline-c128-w90-5tl4t,2711m,13147Mi
1789955874,program-aware-scheduling-epp-788c6b94b6-gfm5b,909m,1194Mi
1789955874,program-aware-vllm-decode-9c9b54cb6-f9qsh,2765m,23717Mi
1789955874,program-aware-vllm-decode-9c9b54cb6-gkzmr,2770m,23592Mi
1789955874,program-aware-vllm-decode-9c9b54cb6-kccxc,2470m,23599Mi
1789955874,program-aware-vllm-decode-9c9b54cb6-mngw2,2745m,23605Mi
1789955874,weka-bench-epp-baseline-c128-w90-5tl4t,2785m,13181Mi
1789955906,program-aware-scheduling-epp-788c6b94b6-gfm5b,833m,1193Mi
1789955906,program-aware-vllm-decode-9c9b54cb6-f9qsh,2713m,23717Mi
1789955906,program-aware-vllm-decode-9c9b54cb6-gkzmr,2718m,23592Mi
1789955906,program-aware-vllm-decode-9c9b54cb6-kccxc,2946m,23598Mi
1789955906,program-aware-vllm-decode-9c9b54cb6-mngw2,2744m,23603Mi
1789955906,weka-bench-epp-baseline-c128-w90-5tl4t,2608m,13203Mi
1789955938,program-aware-scheduling-epp-788c6b94b6-gfm5b,774m,1193Mi
1789955938,program-aware-vllm-decode-9c9b54cb6-f9qsh,2586m,23716Mi
1789955938,program-aware-vllm-decode-9c9b54cb6-gkzmr,3007m,23591Mi
1789955938,program-aware-vllm-decode-9c9b54cb6-kccxc,2558m,23599Mi
1789955938,program-aware-vllm-decode-9c9b54cb6-mngw2,2766m,23604Mi
1789955938,weka-bench-epp-baseline-c128-w90-5tl4t,2665m,13227Mi
1789955970,program-aware-scheduling-epp-788c6b94b6-gfm5b,835m,1193Mi
1789955970,program-aware-vllm-decode-9c9b54cb6-f9qsh,2641m,23716Mi
1789955970,program-aware-vllm-decode-9c9b54cb6-gkzmr,2545m,23592Mi
1789955970,program-aware-vllm-decode-9c9b54cb6-kccxc,2622m,23598Mi
1789955970,program-aware-vllm-decode-9c9b54cb6-mngw2,2863m,23605Mi
1789955970,weka-bench-epp-baseline-c128-w90-5tl4t,2835m,13288Mi
1789956002,program-aware-scheduling-epp-788c6b94b6-gfm5b,876m,1193Mi
1789956002,program-aware-vllm-decode-9c9b54cb6-f9qsh,2673m,23717Mi
1789956002,program-aware-vllm-decode-9c9b54cb6-gkzmr,2758m,23592Mi
1789956002,program-aware-vllm-decode-9c9b54cb6-kccxc,2707m,23598Mi
1789956002,program-aware-vllm-decode-9c9b54cb6-mngw2,2655m,23603Mi
1789956002,weka-bench-epp-baseline-c128-w90-5tl4t,2639m,13307Mi
1789956034,program-aware-scheduling-epp-788c6b94b6-gfm5b,734m,1195Mi
1789956034,program-aware-vllm-decode-9c9b54cb6-f9qsh,2802m,23717Mi
1789956034,program-aware-vllm-decode-9c9b54cb6-gkzmr,3106m,23592Mi
1789956034,program-aware-vllm-decode-9c9b54cb6-kccxc,2455m,23599Mi
1789956034,program-aware-vllm-decode-9c9b54cb6-mngw2,2947m,23604Mi
1789956034,weka-bench-epp-baseline-c128-w90-5tl4t,2440m,13354Mi
1789956066,program-aware-scheduling-epp-788c6b94b6-gfm5b,787m,1195Mi
1789956066,program-aware-vllm-decode-9c9b54cb6-f9qsh,2704m,23717Mi
1789956066,program-aware-vllm-decode-9c9b54cb6-gkzmr,2583m,23592Mi
1789956066,program-aware-vllm-decode-9c9b54cb6-kccxc,2908m,23598Mi
1789956066,program-aware-vllm-decode-9c9b54cb6-mngw2,2928m,23604Mi
1789956066,weka-bench-epp-baseline-c128-w90-5tl4t,2398m,13358Mi
1789956098,program-aware-scheduling-epp-788c6b94b6-gfm5b,842m,1194Mi
1789956098,program-aware-vllm-decode-9c9b54cb6-f9qsh,2539m,23717Mi
1789956098,program-aware-vllm-decode-9c9b54cb6-gkzmr,2687m,23592Mi
1789956098,program-aware-vllm-decode-9c9b54cb6-kccxc,2620m,23598Mi
1789956098,program-aware-vllm-decode-9c9b54cb6-mngw2,2919m,23604Mi
1789956098,weka-bench-epp-baseline-c128-w90-5tl4t,2569m,13400Mi
1789956130,program-aware-scheduling-epp-788c6b94b6-gfm5b,730m,1199Mi
1789956130,program-aware-vllm-decode-9c9b54cb6-f9qsh,2761m,23716Mi
1789956130,program-aware-vllm-decode-9c9b54cb6-gkzmr,2970m,23592Mi
1789956130,program-aware-vllm-decode-9c9b54cb6-kccxc,2855m,23599Mi
1789956130,program-aware-vllm-decode-9c9b54cb6-mngw2,3045m,23603Mi
1789956130,weka-bench-epp-baseline-c128-w90-5tl4t,2411m,13440Mi
1789956162,program-aware-scheduling-epp-788c6b94b6-gfm5b,799m,1198Mi
1789956162,program-aware-vllm-decode-9c9b54cb6-f9qsh,2684m,23716Mi
1789956162,program-aware-vllm-decode-9c9b54cb6-gkzmr,2617m,23593Mi
1789956162,program-aware-vllm-decode-9c9b54cb6-kccxc,2960m,23600Mi
1789956162,program-aware-vllm-decode-9c9b54cb6-mngw2,2647m,23603Mi
1789956162,weka-bench-epp-baseline-c128-w90-5tl4t,2562m,13475Mi
1789956194,program-aware-scheduling-epp-788c6b94b6-gfm5b,930m,1200Mi
1789956194,program-aware-vllm-decode-9c9b54cb6-f9qsh,2494m,23717Mi
1789956194,program-aware-vllm-decode-9c9b54cb6-gkzmr,3017m,23593Mi
1789956194,program-aware-vllm-decode-9c9b54cb6-kccxc,2090m,23599Mi
1789956194,program-aware-vllm-decode-9c9b54cb6-mngw2,2640m,23603Mi
1789956194,weka-bench-epp-baseline-c128-w90-5tl4t,2853m,13499Mi
1789956226,program-aware-scheduling-epp-788c6b94b6-gfm5b,783m,1199Mi
1789956226,program-aware-vllm-decode-9c9b54cb6-f9qsh,2570m,23718Mi
1789956226,program-aware-vllm-decode-9c9b54cb6-gkzmr,2977m,23593Mi
1789956226,program-aware-vllm-decode-9c9b54cb6-kccxc,2300m,23600Mi
1789956226,program-aware-vllm-decode-9c9b54cb6-mngw2,2957m,23604Mi
1789956226,weka-bench-epp-baseline-c128-w90-5tl4t,2552m,13521Mi
1789956258,program-aware-scheduling-epp-788c6b94b6-gfm5b,797m,1208Mi
1789956258,program-aware-vllm-decode-9c9b54cb6-f9qsh,2849m,23716Mi
1789956258,program-aware-vllm-decode-9c9b54cb6-gkzmr,3211m,23593Mi
1789956258,program-aware-vllm-decode-9c9b54cb6-kccxc,2252m,23608Mi
1789956258,program-aware-vllm-decode-9c9b54cb6-mngw2,2595m,23604Mi
1789956258,weka-bench-epp-baseline-c128-w90-5tl4t,2608m,13534Mi
1789956291,program-aware-scheduling-epp-788c6b94b6-gfm5b,810m,1209Mi
1789956291,program-aware-vllm-decode-9c9b54cb6-f9qsh,2483m,23717Mi
1789956291,program-aware-vllm-decode-9c9b54cb6-gkzmr,2784m,23594Mi
1789956291,program-aware-vllm-decode-9c9b54cb6-kccxc,2658m,23606Mi
1789956291,program-aware-vllm-decode-9c9b54cb6-mngw2,2900m,23605Mi
1789956291,weka-bench-epp-baseline-c128-w90-5tl4t,2732m,13566Mi
1789956324,program-aware-scheduling-epp-788c6b94b6-gfm5b,863m,1208Mi
1789956324,program-aware-vllm-decode-9c9b54cb6-f9qsh,2741m,23717Mi
1789956324,program-aware-vllm-decode-9c9b54cb6-gkzmr,2631m,23594Mi
1789956324,program-aware-vllm-decode-9c9b54cb6-kccxc,2241m,23606Mi
1789956324,program-aware-vllm-decode-9c9b54cb6-mngw2,2736m,23604Mi
1789956324,weka-bench-epp-baseline-c128-w90-5tl4t,2616m,13592Mi
1789956356,program-aware-scheduling-epp-788c6b94b6-gfm5b,782m,1210Mi
1789956356,program-aware-vllm-decode-9c9b54cb6-f9qsh,2688m,23717Mi
1789956356,program-aware-vllm-decode-9c9b54cb6-gkzmr,2691m,23593Mi
1789956356,program-aware-vllm-decode-9c9b54cb6-kccxc,2630m,23626Mi
1789956356,program-aware-vllm-decode-9c9b54cb6-mngw2,2954m,23604Mi
1789956356,weka-bench-epp-baseline-c128-w90-5tl4t,2609m,13617Mi
1789956388,program-aware-scheduling-epp-788c6b94b6-gfm5b,794m,1211Mi
1789956388,program-aware-vllm-decode-9c9b54cb6-f9qsh,2712m,23718Mi
1789956388,program-aware-vllm-decode-9c9b54cb6-gkzmr,2663m,23594Mi
1789956388,program-aware-vllm-decode-9c9b54cb6-kccxc,2687m,23626Mi
1789956388,program-aware-vllm-decode-9c9b54cb6-mngw2,2549m,23604Mi
1789956388,weka-bench-epp-baseline-c128-w90-5tl4t,2599m,13653Mi
1789956421,program-aware-scheduling-epp-788c6b94b6-gfm5b,869m,1213Mi
1789956421,program-aware-vllm-decode-9c9b54cb6-f9qsh,2689m,23716Mi
1789956421,program-aware-vllm-decode-9c9b54cb6-gkzmr,2725m,23594Mi
1789956421,program-aware-vllm-decode-9c9b54cb6-kccxc,2606m,23625Mi
1789956421,program-aware-vllm-decode-9c9b54cb6-mngw2,2469m,23604Mi
1789956421,weka-bench-epp-baseline-c128-w90-5tl4t,2771m,13688Mi
1789956453,program-aware-scheduling-epp-788c6b94b6-gfm5b,793m,1211Mi
1789956453,program-aware-vllm-decode-9c9b54cb6-f9qsh,2326m,23718Mi
1789956453,program-aware-vllm-decode-9c9b54cb6-gkzmr,2843m,23593Mi
1789956453,program-aware-vllm-decode-9c9b54cb6-kccxc,2825m,23628Mi
1789956453,program-aware-vllm-decode-9c9b54cb6-mngw2,2629m,23604Mi
1789956453,weka-bench-epp-baseline-c128-w90-5tl4t,2614m,13712Mi
1789956485,program-aware-scheduling-epp-788c6b94b6-gfm5b,731m,1209Mi
1789956485,program-aware-vllm-decode-9c9b54cb6-f9qsh,2829m,23717Mi
1789956485,program-aware-vllm-decode-9c9b54cb6-gkzmr,2972m,23593Mi
1789956485,program-aware-vllm-decode-9c9b54cb6-kccxc,2913m,23629Mi
1789956485,program-aware-vllm-decode-9c9b54cb6-mngw2,2563m,23604Mi
1789956485,weka-bench-epp-baseline-c128-w90-5tl4t,2419m,13738Mi
1789956517,program-aware-scheduling-epp-788c6b94b6-gfm5b,769m,1211Mi
1789956517,program-aware-vllm-decode-9c9b54cb6-f9qsh,2827m,23717Mi
1789956517,program-aware-vllm-decode-9c9b54cb6-gkzmr,2798m,23593Mi
1789956517,program-aware-vllm-decode-9c9b54cb6-kccxc,2839m,23628Mi
1789956517,program-aware-vllm-decode-9c9b54cb6-mngw2,2797m,23604Mi
1789956517,weka-bench-epp-baseline-c128-w90-5tl4t,2569m,13752Mi
1789956550,program-aware-scheduling-epp-788c6b94b6-gfm5b,1190m,1082Mi
1789956550,program-aware-vllm-decode-9c9b54cb6-f9qsh,1510m,23717Mi
1789956550,program-aware-vllm-decode-9c9b54cb6-gkzmr,2252m,23593Mi
1789956550,program-aware-vllm-decode-9c9b54cb6-kccxc,2425m,23629Mi
1789956550,program-aware-vllm-decode-9c9b54cb6-mngw2,1424m,23604Mi
1789956550,weka-bench-epp-baseline-c128-w90-5tl4t,1699m,13811Mi
1789956582,program-aware-scheduling-epp-788c6b94b6-gfm5b,1743m,849Mi
1789956582,program-aware-vllm-decode-9c9b54cb6-f9qsh,1680m,23716Mi
1789956582,program-aware-vllm-decode-9c9b54cb6-gkzmr,1605m,23586Mi
1789956582,program-aware-vllm-decode-9c9b54cb6-kccxc,1538m,23629Mi
1789956582,program-aware-vllm-decode-9c9b54cb6-mngw2,1665m,23602Mi
1789956582,weka-bench-epp-baseline-c128-w90-5tl4t,2810m,13889Mi
1789956614,program-aware-scheduling-epp-788c6b94b6-gfm5b,1272m,784Mi
1789956614,program-aware-vllm-decode-9c9b54cb6-f9qsh,1334m,23669Mi
1789956614,program-aware-vllm-decode-9c9b54cb6-gkzmr,871m,23535Mi
1789956614,program-aware-vllm-decode-9c9b54cb6-kccxc,1709m,23629Mi
1789956614,program-aware-vllm-decode-9c9b54cb6-mngw2,1777m,23551Mi
1789956614,weka-bench-epp-baseline-c128-w90-5tl4t,2345m,13944Mi
1789956647,program-aware-scheduling-epp-788c6b94b6-gfm5b,486m,738Mi
1789956647,program-aware-vllm-decode-9c9b54cb6-f9qsh,106m,23669Mi
1789956647,program-aware-vllm-decode-9c9b54cb6-gkzmr,110m,23535Mi
1789956647,program-aware-vllm-decode-9c9b54cb6-kccxc,378m,23580Mi
1789956647,program-aware-vllm-decode-9c9b54cb6-mngw2,132m,23551Mi
1789956647,weka-bench-epp-baseline-c128-w90-5tl4t,1817m,7289Mi
1789956678,program-aware-scheduling-epp-788c6b94b6-gfm5b,442m,738Mi
1789956678,program-aware-vllm-decode-9c9b54cb6-f9qsh,110m,23669Mi
1789956678,program-aware-vllm-decode-9c9b54cb6-gkzmr,110m,23535Mi
1789956678,program-aware-vllm-decode-9c9b54cb6-kccxc,111m,23579Mi
1789956678,program-aware-vllm-decode-9c9b54cb6-mngw2,107m,23551Mi
1789956678,weka-bench-epp-baseline-c128-w90-5tl4t,1033m,7295Mi
1789956710,program-aware-scheduling-epp-788c6b94b6-gfm5b,443m,738Mi
1789956710,program-aware-vllm-decode-9c9b54cb6-f9qsh,111m,23668Mi
1789956710,program-aware-vllm-decode-9c9b54cb6-gkzmr,112m,23536Mi
1789956710,program-aware-vllm-decode-9c9b54cb6-kccxc,110m,23579Mi
1789956710,program-aware-vllm-decode-9c9b54cb6-mngw2,108m,23551Mi
1789956710,weka-bench-epp-baseline-c128-w90-5tl4t,1036m,7299Mi
1789956743,program-aware-scheduling-epp-788c6b94b6-gfm5b,450m,739Mi
1789956743,program-aware-vllm-decode-9c9b54cb6-f9qsh,110m,23669Mi
1789956743,program-aware-vllm-decode-9c9b54cb6-gkzmr,111m,23536Mi
1789956743,program-aware-vllm-decode-9c9b54cb6-kccxc,111m,23580Mi
1789956743,program-aware-vllm-decode-9c9b54cb6-mngw2,108m,23550Mi
1789956743,weka-bench-epp-baseline-c128-w90-5tl4t,1038m,7302Mi
1789956775,program-aware-scheduling-epp-788c6b94b6-gfm5b,444m,738Mi
1789956775,program-aware-vllm-decode-9c9b54cb6-f9qsh,109m,23669Mi
1789956775,program-aware-vllm-decode-9c9b54cb6-gkzmr,112m,23536Mi
1789956775,program-aware-vllm-decode-9c9b54cb6-kccxc,110m,23579Mi
1789956775,program-aware-vllm-decode-9c9b54cb6-mngw2,107m,23550Mi
1789956775,weka-bench-epp-baseline-c128-w90-5tl4t,1033m,7307Mi
1789956807,program-aware-scheduling-epp-788c6b94b6-gfm5b,441m,739Mi
1789956807,program-aware-vllm-decode-9c9b54cb6-f9qsh,110m,23668Mi
1789956807,program-aware-vllm-decode-9c9b54cb6-gkzmr,111m,23535Mi
1789956807,program-aware-vllm-decode-9c9b54cb6-kccxc,111m,23580Mi
1789956807,program-aware-vllm-decode-9c9b54cb6-mngw2,107m,23550Mi
1789956807,weka-bench-epp-baseline-c128-w90-5tl4t,1032m,7310Mi
1789956839,program-aware-scheduling-epp-788c6b94b6-gfm5b,450m,738Mi
1789956839,program-aware-vllm-decode-9c9b54cb6-f9qsh,109m,23669Mi
1789956839,program-aware-vllm-decode-9c9b54cb6-gkzmr,108m,23535Mi
1789956839,program-aware-vllm-decode-9c9b54cb6-kccxc,109m,23579Mi
1789956839,program-aware-vllm-decode-9c9b54cb6-mngw2,108m,23551Mi
1789956839,weka-bench-epp-baseline-c128-w90-5tl4t,1038m,7314Mi
1789956872,program-aware-scheduling-epp-788c6b94b6-gfm5b,481m,738Mi
1789956872,program-aware-vllm-decode-9c9b54cb6-f9qsh,112m,23669Mi
1789956872,program-aware-vllm-decode-9c9b54cb6-gkzmr,109m,23536Mi
1789956872,program-aware-vllm-decode-9c9b54cb6-kccxc,113m,23580Mi
1789956872,program-aware-vllm-decode-9c9b54cb6-mngw2,107m,23550Mi
1789956872,weka-bench-epp-baseline-c128-w90-5tl4t,1032m,7318Mi
1789956904,program-aware-scheduling-epp-788c6b94b6-gfm5b,474m,738Mi
1789956904,program-aware-vllm-decode-9c9b54cb6-f9qsh,111m,23669Mi
1789956904,program-aware-vllm-decode-9c9b54cb6-gkzmr,111m,23535Mi
1789956904,program-aware-vllm-decode-9c9b54cb6-kccxc,111m,23580Mi
1789956904,program-aware-vllm-decode-9c9b54cb6-mngw2,110m,23550Mi
1789956904,weka-bench-epp-baseline-c128-w90-5tl4t,1039m,7322Mi
1789956935,program-aware-scheduling-epp-788c6b94b6-gfm5b,447m,738Mi
1789956935,program-aware-vllm-decode-9c9b54cb6-f9qsh,110m,23669Mi
1789956935,program-aware-vllm-decode-9c9b54cb6-gkzmr,111m,23535Mi
1789956935,program-aware-vllm-decode-9c9b54cb6-kccxc,109m,23580Mi
1789956935,program-aware-vllm-decode-9c9b54cb6-mngw2,107m,23551Mi
1789956935,weka-bench-epp-baseline-c128-w90-5tl4t,1033m,7327Mi
1789956967,program-aware-scheduling-epp-788c6b94b6-gfm5b,492m,739Mi
1789956967,program-aware-vllm-decode-9c9b54cb6-f9qsh,109m,23668Mi
1789956967,program-aware-vllm-decode-9c9b54cb6-gkzmr,112m,23535Mi
1789956967,program-aware-vllm-decode-9c9b54cb6-kccxc,109m,23580Mi
1789956967,program-aware-vllm-decode-9c9b54cb6-mngw2,109m,23551Mi
1789956967,weka-bench-epp-baseline-c128-w90-5tl4t,1045m,7331Mi
1789956999,program-aware-scheduling-epp-788c6b94b6-gfm5b,443m,739Mi
1789956999,program-aware-vllm-decode-9c9b54cb6-f9qsh,109m,23669Mi
1789956999,program-aware-vllm-decode-9c9b54cb6-gkzmr,108m,23535Mi
1789956999,program-aware-vllm-decode-9c9b54cb6-kccxc,110m,23580Mi
1789956999,program-aware-vllm-decode-9c9b54cb6-mngw2,105m,23551Mi
1789956999,weka-bench-epp-baseline-c128-w90-5tl4t,1032m,7334Mi
1789957031,program-aware-scheduling-epp-788c6b94b6-gfm5b,460m,738Mi
1789957031,program-aware-vllm-decode-9c9b54cb6-f9qsh,112m,23668Mi
1789957031,program-aware-vllm-decode-9c9b54cb6-gkzmr,109m,23535Mi
1789957031,program-aware-vllm-decode-9c9b54cb6-kccxc,111m,23580Mi
1789957031,program-aware-vllm-decode-9c9b54cb6-mngw2,106m,23551Mi
1789957031,weka-bench-epp-baseline-c128-w90-5tl4t,1034m,7304Mi
1789957063,program-aware-scheduling-epp-788c6b94b6-gfm5b,457m,739Mi
1789957063,program-aware-vllm-decode-9c9b54cb6-f9qsh,109m,23669Mi
1789957063,program-aware-vllm-decode-9c9b54cb6-gkzmr,109m,23535Mi
1789957063,program-aware-vllm-decode-9c9b54cb6-kccxc,110m,23580Mi
1789957063,program-aware-vllm-decode-9c9b54cb6-mngw2,109m,23550Mi
1789957063,weka-bench-epp-baseline-c128-w90-5tl4t,1037m,7309Mi
1789957095,program-aware-scheduling-epp-788c6b94b6-gfm5b,462m,738Mi
1789957095,program-aware-vllm-decode-9c9b54cb6-f9qsh,110m,23669Mi
1789957095,program-aware-vllm-decode-9c9b54cb6-gkzmr,113m,23535Mi
1789957095,program-aware-vllm-decode-9c9b54cb6-kccxc,111m,23580Mi
1789957095,program-aware-vllm-decode-9c9b54cb6-mngw2,106m,23550Mi
1789957095,weka-bench-epp-baseline-c128-w90-5tl4t,1034m,7311Mi
1789957127,program-aware-scheduling-epp-788c6b94b6-gfm5b,474m,738Mi
1789957127,program-aware-vllm-decode-9c9b54cb6-f9qsh,109m,23669Mi
1789957127,program-aware-vllm-decode-9c9b54cb6-gkzmr,112m,23535Mi
1789957127,program-aware-vllm-decode-9c9b54cb6-kccxc,109m,23580Mi
1789957127,program-aware-vllm-decode-9c9b54cb6-mngw2,107m,23550Mi
1789957127,weka-bench-epp-baseline-c128-w90-5tl4t,1038m,7315Mi
1789957160,program-aware-scheduling-epp-788c6b94b6-gfm5b,455m,739Mi
1789957160,program-aware-vllm-decode-9c9b54cb6-f9qsh,110m,23669Mi
1789957160,program-aware-vllm-decode-9c9b54cb6-gkzmr,108m,23535Mi
1789957160,program-aware-vllm-decode-9c9b54cb6-kccxc,107m,23580Mi
1789957160,program-aware-vllm-decode-9c9b54cb6-mngw2,106m,23551Mi
1789957160,weka-bench-epp-baseline-c128-w90-5tl4t,1034m,7317Mi
1789957192,program-aware-scheduling-epp-788c6b94b6-gfm5b,440m,737Mi
1789957192,program-aware-vllm-decode-9c9b54cb6-f9qsh,110m,23669Mi
1789957192,program-aware-vllm-decode-9c9b54cb6-gkzmr,107m,23535Mi
1789957192,program-aware-vllm-decode-9c9b54cb6-kccxc,112m,23579Mi
1789957192,program-aware-vllm-decode-9c9b54cb6-mngw2,105m,23551Mi
1789957192,weka-bench-epp-baseline-c128-w90-5tl4t,1037m,7321Mi
1789957224,program-aware-scheduling-epp-788c6b94b6-gfm5b,436m,737Mi
1789957224,program-aware-vllm-decode-9c9b54cb6-f9qsh,107m,23669Mi
1789957224,program-aware-vllm-decode-9c9b54cb6-gkzmr,107m,23535Mi
1789957224,program-aware-vllm-decode-9c9b54cb6-kccxc,109m,23579Mi
1789957224,program-aware-vllm-decode-9c9b54cb6-mngw2,110m,23550Mi
1789957224,weka-bench-epp-baseline-c128-w90-5tl4t,1031m,7324Mi
1789957256,program-aware-scheduling-epp-788c6b94b6-gfm5b,468m,738Mi
1789957256,program-aware-vllm-decode-9c9b54cb6-f9qsh,110m,23669Mi
1789957256,program-aware-vllm-decode-9c9b54cb6-gkzmr,108m,23535Mi
1789957256,program-aware-vllm-decode-9c9b54cb6-kccxc,111m,23579Mi
1789957256,program-aware-vllm-decode-9c9b54cb6-mngw2,110m,23551Mi
1789957256,weka-bench-epp-baseline-c128-w90-5tl4t,1038m,7328Mi
1789957288,program-aware-scheduling-epp-788c6b94b6-gfm5b,436m,737Mi
1789957288,program-aware-vllm-decode-9c9b54cb6-f9qsh,107m,23668Mi
1789957288,program-aware-vllm-decode-9c9b54cb6-gkzmr,106m,23535Mi
1789957288,program-aware-vllm-decode-9c9b54cb6-kccxc,111m,23579Mi
1789957288,program-aware-vllm-decode-9c9b54cb6-mngw2,108m,23551Mi
1789957288,weka-bench-epp-baseline-c128-w90-5tl4t,1032m,7330Mi
1789957320,program-aware-scheduling-epp-788c6b94b6-gfm5b,443m,737Mi
1789957320,program-aware-vllm-decode-9c9b54cb6-f9qsh,106m,23669Mi
1789957320,program-aware-vllm-decode-9c9b54cb6-gkzmr,107m,23535Mi
1789957320,program-aware-vllm-decode-9c9b54cb6-kccxc,109m,23580Mi
1789957320,program-aware-vllm-decode-9c9b54cb6-mngw2,109m,23551Mi
1789957320,weka-bench-epp-baseline-c128-w90-5tl4t,1032m,7334Mi
1789957352,program-aware-scheduling-epp-788c6b94b6-gfm5b,509m,737Mi
1789957352,program-aware-vllm-decode-9c9b54cb6-f9qsh,108m,23669Mi
1789957352,program-aware-vllm-decode-9c9b54cb6-gkzmr,109m,23535Mi
1789957352,program-aware-vllm-decode-9c9b54cb6-kccxc,107m,23580Mi
1789957352,program-aware-vllm-decode-9c9b54cb6-mngw2,107m,23550Mi
1789957352,weka-bench-epp-baseline-c128-w90-5tl4t,1037m,7336Mi
1789957384,program-aware-scheduling-epp-788c6b94b6-gfm5b,457m,738Mi
1789957384,program-aware-vllm-decode-9c9b54cb6-f9qsh,109m,23669Mi
1789957384,program-aware-vllm-decode-9c9b54cb6-gkzmr,110m,23535Mi
1789957384,program-aware-vllm-decode-9c9b54cb6-kccxc,111m,23580Mi
1789957384,program-aware-vllm-decode-9c9b54cb6-mngw2,106m,23551Mi
1789957384,weka-bench-epp-baseline-c128-w90-5tl4t,1039m,7302Mi
1789957416,program-aware-scheduling-epp-788c6b94b6-gfm5b,445m,737Mi
1789957416,program-aware-vllm-decode-9c9b54cb6-f9qsh,109m,23669Mi
1789957416,program-aware-vllm-decode-9c9b54cb6-gkzmr,108m,23536Mi
1789957416,program-aware-vllm-decode-9c9b54cb6-kccxc,111m,23579Mi
1789957416,program-aware-vllm-decode-9c9b54cb6-mngw2,105m,23550Mi
1789957416,weka-bench-epp-baseline-c128-w90-5tl4t,1034m,7311Mi
1789957448,program-aware-scheduling-epp-788c6b94b6-gfm5b,467m,737Mi
1789957448,program-aware-vllm-decode-9c9b54cb6-f9qsh,106m,23668Mi
1789957448,program-aware-vllm-decode-9c9b54cb6-gkzmr,108m,23535Mi
1789957448,program-aware-vllm-decode-9c9b54cb6-kccxc,109m,23579Mi
1789957448,program-aware-vllm-decode-9c9b54cb6-mngw2,109m,23550Mi
1789957448,weka-bench-epp-baseline-c128-w90-5tl4t,1031m,7321Mi
1789957480,program-aware-scheduling-epp-788c6b94b6-gfm5b,438m,737Mi
1789957480,program-aware-vllm-decode-9c9b54cb6-f9qsh,108m,23669Mi
1789957480,program-aware-vllm-decode-9c9b54cb6-gkzmr,109m,23535Mi
1789957480,program-aware-vllm-decode-9c9b54cb6-kccxc,108m,23579Mi
1789957480,program-aware-vllm-decode-9c9b54cb6-mngw2,109m,23551Mi
1789957480,weka-bench-epp-baseline-c128-w90-5tl4t,1033m,7339Mi
1789957512,program-aware-scheduling-epp-788c6b94b6-gfm5b,465m,738Mi
1789957512,program-aware-vllm-decode-9c9b54cb6-f9qsh,109m,23669Mi
1789957512,program-aware-vllm-decode-9c9b54cb6-gkzmr,109m,23535Mi
1789957512,program-aware-vllm-decode-9c9b54cb6-kccxc,108m,23579Mi
1789957512,program-aware-vllm-decode-9c9b54cb6-mngw2,111m,23550Mi
1789957512,weka-bench-epp-baseline-c128-w90-5tl4t,1040m,7344Mi
1789957545,program-aware-scheduling-epp-788c6b94b6-gfm5b,466m,738Mi
1789957545,program-aware-vllm-decode-9c9b54cb6-f9qsh,110m,23669Mi
1789957545,program-aware-vllm-decode-9c9b54cb6-gkzmr,108m,23535Mi
1789957545,program-aware-vllm-decode-9c9b54cb6-kccxc,109m,23579Mi
1789957545,program-aware-vllm-decode-9c9b54cb6-mngw2,105m,23551Mi
1789957545,weka-bench-epp-baseline-c128-w90-5tl4t,1033m,7359Mi
1789957577,program-aware-scheduling-epp-788c6b94b6-gfm5b,446m,737Mi
1789957577,program-aware-vllm-decode-9c9b54cb6-f9qsh,114m,23669Mi
1789957577,program-aware-vllm-decode-9c9b54cb6-gkzmr,109m,23534Mi
1789957577,program-aware-vllm-decode-9c9b54cb6-kccxc,110m,23580Mi
1789957577,program-aware-vllm-decode-9c9b54cb6-mngw2,107m,23551Mi
1789957577,weka-bench-epp-baseline-c128-w90-5tl4t,1039m,7369Mi
1789957610,program-aware-scheduling-epp-788c6b94b6-gfm5b,464m,737Mi
1789957610,program-aware-vllm-decode-9c9b54cb6-f9qsh,112m,23668Mi
1789957610,program-aware-vllm-decode-9c9b54cb6-gkzmr,111m,23535Mi
1789957610,program-aware-vllm-decode-9c9b54cb6-kccxc,112m,23580Mi
1789957610,program-aware-vllm-decode-9c9b54cb6-mngw2,107m,23550Mi
1789957610,weka-bench-epp-baseline-c128-w90-5tl4t,1032m,7377Mi
1789957642,program-aware-scheduling-epp-788c6b94b6-gfm5b,454m,737Mi
1789957642,program-aware-vllm-decode-9c9b54cb6-f9qsh,111m,23669Mi
1789957642,program-aware-vllm-decode-9c9b54cb6-gkzmr,110m,23535Mi
1789957642,program-aware-vllm-decode-9c9b54cb6-kccxc,111m,23580Mi
1789957642,program-aware-vllm-decode-9c9b54cb6-mngw2,107m,23550Mi
1789957642,weka-bench-epp-baseline-c128-w90-5tl4t,1044m,7390Mi
1789957674,program-aware-scheduling-epp-788c6b94b6-gfm5b,466m,737Mi
1789957674,program-aware-vllm-decode-9c9b54cb6-f9qsh,111m,23669Mi
1789957674,program-aware-vllm-decode-9c9b54cb6-gkzmr,110m,23535Mi
1789957674,program-aware-vllm-decode-9c9b54cb6-kccxc,111m,23579Mi
1789957674,program-aware-vllm-decode-9c9b54cb6-mngw2,108m,23550Mi
1789957674,weka-bench-epp-baseline-c128-w90-5tl4t,1032m,7400Mi
1789957706,program-aware-scheduling-epp-788c6b94b6-gfm5b,464m,737Mi
1789957706,program-aware-vllm-decode-9c9b54cb6-f9qsh,110m,23669Mi
1789957706,program-aware-vllm-decode-9c9b54cb6-gkzmr,109m,23535Mi
1789957706,program-aware-vllm-decode-9c9b54cb6-kccxc,111m,23580Mi
1789957706,program-aware-vllm-decode-9c9b54cb6-mngw2,107m,23551Mi
1789957706,weka-bench-epp-baseline-c128-w90-5tl4t,1037m,7410Mi
1789957737,program-aware-scheduling-epp-788c6b94b6-gfm5b,440m,737Mi
1789957737,program-aware-vllm-decode-9c9b54cb6-f9qsh,109m,23669Mi
1789957737,program-aware-vllm-decode-9c9b54cb6-gkzmr,108m,23535Mi
1789957737,program-aware-vllm-decode-9c9b54cb6-kccxc,110m,23579Mi
1789957737,program-aware-vllm-decode-9c9b54cb6-mngw2,107m,23550Mi
1789957737,weka-bench-epp-baseline-c128-w90-5tl4t,1032m,7958Mi
1789957769,program-aware-scheduling-epp-788c6b94b6-gfm5b,442m,737Mi
1789957769,program-aware-vllm-decode-9c9b54cb6-f9qsh,111m,23669Mi
1789957769,program-aware-vllm-decode-9c9b54cb6-gkzmr,107m,23535Mi
1789957769,program-aware-vllm-decode-9c9b54cb6-kccxc,111m,23580Mi
1789957769,program-aware-vllm-decode-9c9b54cb6-mngw2,109m,23550Mi
1789957769,weka-bench-epp-baseline-c128-w90-5tl4t,923m,56Mi
