1789643150,program-aware-vllm-decode-9c9b54cb6-gkzmr,112m,23282Mi
1789643150,thunderagent-rep2-7b74974894-5xb5c,32m,40Mi
1789643150,weka-bench-tr-decay-r2-s4n2j,938m,68Mi
1789643182,program-aware-vllm-decode-9c9b54cb6-gkzmr,110m,23283Mi
1789643182,thunderagent-rep2-7b74974894-5xb5c,9m,41Mi
1789643182,weka-bench-tr-decay-r2-s4n2j,1211m,633Mi
1789643214,program-aware-vllm-decode-9c9b54cb6-gkzmr,115m,23283Mi
1789643214,thunderagent-rep2-7b74974894-5xb5c,12m,40Mi
1789643214,weka-bench-tr-decay-r2-s4n2j,4577m,4230Mi
1789643246,program-aware-vllm-decode-9c9b54cb6-gkzmr,114m,23283Mi
1789643246,thunderagent-rep2-7b74974894-5xb5c,8m,40Mi
1789643246,weka-bench-tr-decay-r2-s4n2j,8034m,6007Mi
1789643278,program-aware-vllm-decode-9c9b54cb6-gkzmr,645m,23144Mi
1789643278,thunderagent-rep2-7b74974894-5xb5c,35m,66Mi
1789643278,weka-bench-tr-decay-r2-s4n2j,7741m,5346Mi
1789643310,program-aware-vllm-decode-9c9b54cb6-gkzmr,3222m,23190Mi
1789643310,thunderagent-rep2-7b74974894-5xb5c,26m,71Mi
1789643310,weka-bench-tr-decay-r2-s4n2j,1706m,6468Mi
1789643342,program-aware-vllm-decode-9c9b54cb6-gkzmr,3133m,23222Mi
1789643342,thunderagent-rep2-7b74974894-5xb5c,33m,71Mi
1789643342,weka-bench-tr-decay-r2-s4n2j,1241m,6490Mi
1789643373,program-aware-vllm-decode-9c9b54cb6-gkzmr,3039m,23231Mi
1789643373,thunderagent-rep2-7b74974894-5xb5c,50m,73Mi
1789643373,weka-bench-tr-decay-r2-s4n2j,1259m,6509Mi
1789643405,program-aware-vllm-decode-9c9b54cb6-gkzmr,2972m,23230Mi
1789643405,thunderagent-rep2-7b74974894-5xb5c,59m,78Mi
1789643405,weka-bench-tr-decay-r2-s4n2j,1269m,6540Mi
1789643437,program-aware-vllm-decode-9c9b54cb6-gkzmr,2754m,23231Mi
1789643437,thunderagent-rep2-7b74974894-5xb5c,99m,79Mi
1789643437,weka-bench-tr-decay-r2-s4n2j,1296m,6565Mi
1789643469,program-aware-vllm-decode-9c9b54cb6-gkzmr,2735m,23226Mi
1789643469,thunderagent-rep2-7b74974894-5xb5c,80m,89Mi
1789643469,weka-bench-tr-decay-r2-s4n2j,1297m,6594Mi
1789643501,program-aware-vllm-decode-9c9b54cb6-gkzmr,2971m,23228Mi
1789643501,thunderagent-rep2-7b74974894-5xb5c,74m,94Mi
1789643501,weka-bench-tr-decay-r2-s4n2j,1284m,6628Mi
1789643532,program-aware-vllm-decode-9c9b54cb6-gkzmr,2708m,23227Mi
1789643532,thunderagent-rep2-7b74974894-5xb5c,121m,93Mi
1789643532,weka-bench-tr-decay-r2-s4n2j,1298m,6652Mi
1789643564,program-aware-vllm-decode-9c9b54cb6-gkzmr,2947m,23231Mi
1789643564,thunderagent-rep2-7b74974894-5xb5c,65m,101Mi
1789643564,weka-bench-tr-decay-r2-s4n2j,1297m,6663Mi
1789643596,program-aware-vllm-decode-9c9b54cb6-gkzmr,2801m,23230Mi
1789643596,thunderagent-rep2-7b74974894-5xb5c,77m,100Mi
1789643596,weka-bench-tr-decay-r2-s4n2j,1281m,6674Mi
1789643628,program-aware-vllm-decode-9c9b54cb6-gkzmr,2987m,23229Mi
1789643628,thunderagent-rep2-7b74974894-5xb5c,58m,101Mi
1789643628,weka-bench-tr-decay-r2-s4n2j,1290m,6685Mi
1789643660,program-aware-vllm-decode-9c9b54cb6-gkzmr,2710m,23232Mi
1789643660,thunderagent-rep2-7b74974894-5xb5c,67m,104Mi
1789643660,weka-bench-tr-decay-r2-s4n2j,1293m,6697Mi
1789643691,program-aware-vllm-decode-9c9b54cb6-gkzmr,2854m,23234Mi
1789643691,thunderagent-rep2-7b74974894-5xb5c,73m,106Mi
1789643691,weka-bench-tr-decay-r2-s4n2j,1291m,6709Mi
1789643723,program-aware-vllm-decode-9c9b54cb6-gkzmr,2854m,23234Mi
1789643723,thunderagent-rep2-7b74974894-5xb5c,75m,107Mi
1789643723,weka-bench-tr-decay-r2-s4n2j,1309m,6723Mi
1789643755,program-aware-vllm-decode-9c9b54cb6-gkzmr,2821m,23234Mi
1789643755,thunderagent-rep2-7b74974894-5xb5c,63m,112Mi
1789643755,weka-bench-tr-decay-r2-s4n2j,1302m,6732Mi
1789643787,program-aware-vllm-decode-9c9b54cb6-gkzmr,2623m,23234Mi
1789643787,thunderagent-rep2-7b74974894-5xb5c,90m,116Mi
1789643787,weka-bench-tr-decay-r2-s4n2j,1303m,6745Mi
1789643819,program-aware-vllm-decode-9c9b54cb6-gkzmr,2923m,23235Mi
1789643819,thunderagent-rep2-7b74974894-5xb5c,52m,115Mi
1789643819,weka-bench-tr-decay-r2-s4n2j,1291m,6757Mi
1789643850,program-aware-vllm-decode-9c9b54cb6-gkzmr,2692m,23235Mi
1789643850,thunderagent-rep2-7b74974894-5xb5c,78m,117Mi
1789643850,weka-bench-tr-decay-r2-s4n2j,1313m,6769Mi
1789643882,program-aware-vllm-decode-9c9b54cb6-gkzmr,2720m,23236Mi
1789643882,thunderagent-rep2-7b74974894-5xb5c,81m,117Mi
1789643882,weka-bench-tr-decay-r2-s4n2j,1311m,6788Mi
1789643914,program-aware-vllm-decode-9c9b54cb6-gkzmr,2984m,23235Mi
1789643914,thunderagent-rep2-7b74974894-5xb5c,55m,118Mi
1789643914,weka-bench-tr-decay-r2-s4n2j,1293m,6790Mi
1789643946,program-aware-vllm-decode-9c9b54cb6-gkzmr,2963m,23237Mi
1789643946,thunderagent-rep2-7b74974894-5xb5c,74m,123Mi
1789643946,weka-bench-tr-decay-r2-s4n2j,1284m,6806Mi
1789643978,program-aware-vllm-decode-9c9b54cb6-gkzmr,2733m,23235Mi
1789643978,thunderagent-rep2-7b74974894-5xb5c,64m,127Mi
1789643978,weka-bench-tr-decay-r2-s4n2j,1302m,6816Mi
1789644010,program-aware-vllm-decode-9c9b54cb6-gkzmr,2316m,23235Mi
1789644010,thunderagent-rep2-7b74974894-5xb5c,120m,127Mi
1789644010,weka-bench-tr-decay-r2-s4n2j,1354m,6839Mi
1789644042,program-aware-vllm-decode-9c9b54cb6-gkzmr,2582m,23235Mi
1789644042,thunderagent-rep2-7b74974894-5xb5c,98m,136Mi
1789644042,weka-bench-tr-decay-r2-s4n2j,1320m,7018Mi
1789644073,program-aware-vllm-decode-9c9b54cb6-gkzmr,2453m,23236Mi
1789644073,thunderagent-rep2-7b74974894-5xb5c,115m,134Mi
1789644073,weka-bench-tr-decay-r2-s4n2j,1408m,7043Mi
1789644105,program-aware-vllm-decode-9c9b54cb6-gkzmr,2487m,23236Mi
1789644105,thunderagent-rep2-7b74974894-5xb5c,117m,140Mi
1789644105,weka-bench-tr-decay-r2-s4n2j,1653m,7067Mi
1789644137,program-aware-vllm-decode-9c9b54cb6-gkzmr,2604m,23236Mi
1789644137,thunderagent-rep2-7b74974894-5xb5c,118m,142Mi
1789644137,weka-bench-tr-decay-r2-s4n2j,1332m,7086Mi
1789644169,program-aware-vllm-decode-9c9b54cb6-gkzmr,2443m,23236Mi
1789644169,thunderagent-rep2-7b74974894-5xb5c,111m,146Mi
1789644169,weka-bench-tr-decay-r2-s4n2j,1348m,7124Mi
1789644201,program-aware-vllm-decode-9c9b54cb6-gkzmr,2306m,23238Mi
1789644201,thunderagent-rep2-7b74974894-5xb5c,150m,145Mi
1789644201,weka-bench-tr-decay-r2-s4n2j,1479m,7158Mi
1789644233,program-aware-vllm-decode-9c9b54cb6-gkzmr,2119m,23237Mi
1789644233,thunderagent-rep2-7b74974894-5xb5c,163m,146Mi
1789644233,weka-bench-tr-decay-r2-s4n2j,1436m,7179Mi
1789644265,program-aware-vllm-decode-9c9b54cb6-gkzmr,2320m,23236Mi
1789644265,thunderagent-rep2-7b74974894-5xb5c,143m,146Mi
1789644265,weka-bench-tr-decay-r2-s4n2j,1427m,7203Mi
1789644296,program-aware-vllm-decode-9c9b54cb6-gkzmr,2513m,23237Mi
1789644296,thunderagent-rep2-7b74974894-5xb5c,101m,146Mi
1789644296,weka-bench-tr-decay-r2-s4n2j,1374m,7216Mi
1789644328,program-aware-vllm-decode-9c9b54cb6-gkzmr,2712m,23237Mi
1789644328,thunderagent-rep2-7b74974894-5xb5c,87m,145Mi
1789644328,weka-bench-tr-decay-r2-s4n2j,1361m,7230Mi
1789644360,program-aware-vllm-decode-9c9b54cb6-gkzmr,2579m,23237Mi
1789644360,thunderagent-rep2-7b74974894-5xb5c,119m,145Mi
1789644360,weka-bench-tr-decay-r2-s4n2j,1370m,7242Mi
1789644392,program-aware-vllm-decode-9c9b54cb6-gkzmr,2295m,23236Mi
1789644392,thunderagent-rep2-7b74974894-5xb5c,133m,150Mi
1789644392,weka-bench-tr-decay-r2-s4n2j,1425m,7275Mi
1789644424,program-aware-vllm-decode-9c9b54cb6-gkzmr,2802m,23237Mi
1789644424,thunderagent-rep2-7b74974894-5xb5c,82m,148Mi
1789644424,weka-bench-tr-decay-r2-s4n2j,1366m,7287Mi
1789644456,program-aware-vllm-decode-9c9b54cb6-gkzmr,1901m,23236Mi
1789644456,thunderagent-rep2-7b74974894-5xb5c,164m,146Mi
1789644456,weka-bench-tr-decay-r2-s4n2j,1493m,7314Mi
1789644489,program-aware-vllm-decode-9c9b54cb6-gkzmr,2013m,23237Mi
1789644489,thunderagent-rep2-7b74974894-5xb5c,164m,145Mi
1789644489,weka-bench-tr-decay-r2-s4n2j,1490m,7329Mi
1789644520,program-aware-vllm-decode-9c9b54cb6-gkzmr,2303m,23236Mi
1789644520,thunderagent-rep2-7b74974894-5xb5c,119m,149Mi
1789644520,weka-bench-tr-decay-r2-s4n2j,1447m,7356Mi
1789644552,program-aware-vllm-decode-9c9b54cb6-gkzmr,2287m,23236Mi
1789644552,thunderagent-rep2-7b74974894-5xb5c,119m,149Mi
1789644552,weka-bench-tr-decay-r2-s4n2j,1475m,7383Mi
1789644584,program-aware-vllm-decode-9c9b54cb6-gkzmr,2184m,23236Mi
1789644584,thunderagent-rep2-7b74974894-5xb5c,138m,146Mi
1789644584,weka-bench-tr-decay-r2-s4n2j,1510m,7404Mi
1789644616,program-aware-vllm-decode-9c9b54cb6-gkzmr,2270m,23236Mi
1789644616,thunderagent-rep2-7b74974894-5xb5c,131m,150Mi
1789644616,weka-bench-tr-decay-r2-s4n2j,1442m,7434Mi
1789644648,program-aware-vllm-decode-9c9b54cb6-gkzmr,2085m,23236Mi
1789644648,thunderagent-rep2-7b74974894-5xb5c,162m,146Mi
1789644648,weka-bench-tr-decay-r2-s4n2j,1507m,7459Mi
1789644680,program-aware-vllm-decode-9c9b54cb6-gkzmr,2201m,23235Mi
1789644680,thunderagent-rep2-7b74974894-5xb5c,182m,148Mi
1789644680,weka-bench-tr-decay-r2-s4n2j,1575m,7488Mi
1789644711,program-aware-vllm-decode-9c9b54cb6-gkzmr,2648m,23237Mi
1789644711,thunderagent-rep2-7b74974894-5xb5c,81m,145Mi
1789644711,weka-bench-tr-decay-r2-s4n2j,1392m,7511Mi
1789644743,program-aware-vllm-decode-9c9b54cb6-gkzmr,2475m,23237Mi
1789644743,thunderagent-rep2-7b74974894-5xb5c,100m,145Mi
1789644743,weka-bench-tr-decay-r2-s4n2j,1421m,7523Mi
1789644775,program-aware-vllm-decode-9c9b54cb6-gkzmr,2615m,23237Mi
1789644775,thunderagent-rep2-7b74974894-5xb5c,89m,149Mi
1789644775,weka-bench-tr-decay-r2-s4n2j,1389m,7544Mi
1789644807,program-aware-vllm-decode-9c9b54cb6-gkzmr,2067m,23237Mi
1789644807,thunderagent-rep2-7b74974894-5xb5c,131m,149Mi
1789644807,weka-bench-tr-decay-r2-s4n2j,1479m,7560Mi
1789644839,program-aware-vllm-decode-9c9b54cb6-gkzmr,1681m,23235Mi
1789644839,thunderagent-rep2-7b74974894-5xb5c,145m,146Mi
1789644839,weka-bench-tr-decay-r2-s4n2j,1474m,7581Mi
1789644871,program-aware-vllm-decode-9c9b54cb6-gkzmr,2811m,23235Mi
1789644871,thunderagent-rep2-7b74974894-5xb5c,95m,145Mi
1789644871,weka-bench-tr-decay-r2-s4n2j,1372m,7587Mi
1789644902,program-aware-vllm-decode-9c9b54cb6-gkzmr,2057m,23235Mi
1789644902,thunderagent-rep2-7b74974894-5xb5c,126m,154Mi
1789644902,weka-bench-tr-decay-r2-s4n2j,1421m,7614Mi
1789644934,program-aware-vllm-decode-9c9b54cb6-gkzmr,2114m,23234Mi
1789644934,thunderagent-rep2-7b74974894-5xb5c,143m,152Mi
1789644934,weka-bench-tr-decay-r2-s4n2j,1495m,7644Mi
1789644966,program-aware-vllm-decode-9c9b54cb6-gkzmr,2270m,23234Mi
1789644966,thunderagent-rep2-7b74974894-5xb5c,122m,156Mi
1789644966,weka-bench-tr-decay-r2-s4n2j,1375m,7667Mi
1789644998,program-aware-vllm-decode-9c9b54cb6-gkzmr,2419m,23235Mi
1789644998,thunderagent-rep2-7b74974894-5xb5c,128m,158Mi
1789644998,weka-bench-tr-decay-r2-s4n2j,1364m,7688Mi
1789645030,program-aware-vllm-decode-9c9b54cb6-gkzmr,2404m,23234Mi
1789645030,thunderagent-rep2-7b74974894-5xb5c,79m,164Mi
1789645030,weka-bench-tr-decay-r2-s4n2j,1269m,7711Mi
1789645062,program-aware-vllm-decode-9c9b54cb6-gkzmr,2266m,23234Mi
1789645062,thunderagent-rep2-7b74974894-5xb5c,134m,162Mi
1789645062,weka-bench-tr-decay-r2-s4n2j,1555m,7737Mi
1789645094,program-aware-vllm-decode-9c9b54cb6-gkzmr,2137m,23235Mi
1789645094,thunderagent-rep2-7b74974894-5xb5c,130m,166Mi
1789645094,weka-bench-tr-decay-r2-s4n2j,1551m,7755Mi
1789645126,program-aware-vllm-decode-9c9b54cb6-gkzmr,2260m,23234Mi
1789645126,thunderagent-rep2-7b74974894-5xb5c,157m,167Mi
1789645126,weka-bench-tr-decay-r2-s4n2j,1494m,7771Mi
1789645158,program-aware-vllm-decode-9c9b54cb6-gkzmr,1926m,23233Mi
1789645158,thunderagent-rep2-7b74974894-5xb5c,187m,170Mi
1789645158,weka-bench-tr-decay-r2-s4n2j,1704m,7949Mi
1789645189,program-aware-vllm-decode-9c9b54cb6-gkzmr,1748m,23232Mi
1789645189,thunderagent-rep2-7b74974894-5xb5c,201m,174Mi
1789645189,weka-bench-tr-decay-r2-s4n2j,1651m,7977Mi
1789645221,program-aware-vllm-decode-9c9b54cb6-gkzmr,2294m,23233Mi
1789645221,thunderagent-rep2-7b74974894-5xb5c,115m,172Mi
1789645221,weka-bench-tr-decay-r2-s4n2j,1516m,8013Mi
1789645253,program-aware-vllm-decode-9c9b54cb6-gkzmr,2389m,23233Mi
1789645253,thunderagent-rep2-7b74974894-5xb5c,156m,172Mi
1789645253,weka-bench-tr-decay-r2-s4n2j,1407m,8039Mi
1789645285,program-aware-vllm-decode-9c9b54cb6-gkzmr,1823m,23233Mi
1789645285,thunderagent-rep2-7b74974894-5xb5c,226m,172Mi
1789645285,weka-bench-tr-decay-r2-s4n2j,1475m,8070Mi
1789645316,program-aware-vllm-decode-9c9b54cb6-gkzmr,2485m,23232Mi
1789645316,thunderagent-rep2-7b74974894-5xb5c,153m,174Mi
1789645316,weka-bench-tr-decay-r2-s4n2j,1396m,8090Mi
1789645348,program-aware-vllm-decode-9c9b54cb6-gkzmr,1760m,23234Mi
1789645348,thunderagent-rep2-7b74974894-5xb5c,197m,176Mi
1789645348,weka-bench-tr-decay-r2-s4n2j,1454m,8118Mi
1789645380,program-aware-vllm-decode-9c9b54cb6-gkzmr,1672m,23233Mi
1789645380,thunderagent-rep2-7b74974894-5xb5c,189m,176Mi
1789645380,weka-bench-tr-decay-r2-s4n2j,1484m,8139Mi
1789645412,program-aware-vllm-decode-9c9b54cb6-gkzmr,1780m,23231Mi
1789645412,thunderagent-rep2-7b74974894-5xb5c,175m,172Mi
1789645412,weka-bench-tr-decay-r2-s4n2j,1483m,8173Mi
1789645444,program-aware-vllm-decode-9c9b54cb6-gkzmr,1771m,23231Mi
1789645444,thunderagent-rep2-7b74974894-5xb5c,165m,172Mi
1789645444,weka-bench-tr-decay-r2-s4n2j,1435m,8198Mi
1789645476,program-aware-vllm-decode-9c9b54cb6-gkzmr,1823m,23231Mi
1789645476,thunderagent-rep2-7b74974894-5xb5c,180m,172Mi
1789645476,weka-bench-tr-decay-r2-s4n2j,1475m,8226Mi
1789645507,program-aware-vllm-decode-9c9b54cb6-gkzmr,1941m,23232Mi
1789645507,thunderagent-rep2-7b74974894-5xb5c,134m,174Mi
1789645507,weka-bench-tr-decay-r2-s4n2j,1408m,8240Mi
1789645539,program-aware-vllm-decode-9c9b54cb6-gkzmr,1993m,23230Mi
1789645539,thunderagent-rep2-7b74974894-5xb5c,135m,172Mi
1789645539,weka-bench-tr-decay-r2-s4n2j,1401m,8258Mi
1789645571,program-aware-vllm-decode-9c9b54cb6-gkzmr,1831m,23232Mi
1789645571,thunderagent-rep2-7b74974894-5xb5c,155m,176Mi
1789645571,weka-bench-tr-decay-r2-s4n2j,1513m,8309Mi
1789645603,program-aware-vllm-decode-9c9b54cb6-gkzmr,2670m,23231Mi
1789645603,thunderagent-rep2-7b74974894-5xb5c,113m,173Mi
1789645603,weka-bench-tr-decay-r2-s4n2j,1364m,8322Mi
1789645635,program-aware-vllm-decode-9c9b54cb6-gkzmr,2028m,23231Mi
1789645635,thunderagent-rep2-7b74974894-5xb5c,156m,172Mi
1789645635,weka-bench-tr-decay-r2-s4n2j,1442m,8335Mi
1789645667,program-aware-vllm-decode-9c9b54cb6-gkzmr,1878m,23230Mi
1789645667,thunderagent-rep2-7b74974894-5xb5c,167m,173Mi
1789645667,weka-bench-tr-decay-r2-s4n2j,1494m,8370Mi
1789645698,program-aware-vllm-decode-9c9b54cb6-gkzmr,1778m,23232Mi
1789645698,thunderagent-rep2-7b74974894-5xb5c,162m,175Mi
1789645698,weka-bench-tr-decay-r2-s4n2j,1510m,8389Mi
1789645730,program-aware-vllm-decode-9c9b54cb6-gkzmr,1824m,23232Mi
1789645730,thunderagent-rep2-7b74974894-5xb5c,154m,172Mi
1789645730,weka-bench-tr-decay-r2-s4n2j,1791m,8425Mi
1789645762,program-aware-vllm-decode-9c9b54cb6-gkzmr,1938m,23231Mi
1789645762,thunderagent-rep2-7b74974894-5xb5c,156m,173Mi
1789645762,weka-bench-tr-decay-r2-s4n2j,1507m,8458Mi
1789645794,program-aware-vllm-decode-9c9b54cb6-gkzmr,1825m,23232Mi
1789645794,thunderagent-rep2-7b74974894-5xb5c,182m,176Mi
1789645794,weka-bench-tr-decay-r2-s4n2j,1512m,8478Mi
1789645826,program-aware-vllm-decode-9c9b54cb6-gkzmr,1902m,23231Mi
1789645826,thunderagent-rep2-7b74974894-5xb5c,142m,175Mi
1789645826,weka-bench-tr-decay-r2-s4n2j,1602m,8505Mi
1789645857,program-aware-vllm-decode-9c9b54cb6-gkzmr,2223m,23229Mi
1789645857,thunderagent-rep2-7b74974894-5xb5c,173m,175Mi
1789645857,weka-bench-tr-decay-r2-s4n2j,1531m,8526Mi
1789645889,program-aware-vllm-decode-9c9b54cb6-gkzmr,1987m,23230Mi
1789645889,thunderagent-rep2-7b74974894-5xb5c,161m,176Mi
1789645889,weka-bench-tr-decay-r2-s4n2j,1457m,8551Mi
1789645921,program-aware-vllm-decode-9c9b54cb6-gkzmr,1823m,23166Mi
1789645921,thunderagent-rep2-7b74974894-5xb5c,200m,176Mi
1789645921,weka-bench-tr-decay-r2-s4n2j,1446m,8587Mi
1789645953,program-aware-vllm-decode-9c9b54cb6-gkzmr,2024m,23168Mi
1789645953,thunderagent-rep2-7b74974894-5xb5c,192m,178Mi
1789645953,weka-bench-tr-decay-r2-s4n2j,1437m,8616Mi
1789645985,program-aware-vllm-decode-9c9b54cb6-gkzmr,2107m,23162Mi
1789645985,thunderagent-rep2-7b74974894-5xb5c,184m,171Mi
1789645985,weka-bench-tr-decay-r2-s4n2j,1410m,8635Mi
1789646017,program-aware-vllm-decode-9c9b54cb6-gkzmr,2485m,23162Mi
1789646017,thunderagent-rep2-7b74974894-5xb5c,100m,172Mi
1789646017,weka-bench-tr-decay-r2-s4n2j,215m,8641Mi
1789646048,program-aware-vllm-decode-9c9b54cb6-gkzmr,2756m,23162Mi
1789646048,thunderagent-rep2-7b74974894-5xb5c,61m,173Mi
1789646048,weka-bench-tr-decay-r2-s4n2j,63m,8639Mi
1789646080,program-aware-vllm-decode-9c9b54cb6-gkzmr,259m,23129Mi
1789646080,thunderagent-rep2-7b74974894-5xb5c,14m,171Mi
1789646080,weka-bench-tr-decay-r2-s4n2j,468m,3369Mi
1789646113,program-aware-vllm-decode-9c9b54cb6-gkzmr,183m,23129Mi
1789646113,thunderagent-rep2-7b74974894-5xb5c,13m,171Mi
1789646113,weka-bench-tr-decay-r2-s4n2j,1003m,3375Mi
1789646145,program-aware-vllm-decode-9c9b54cb6-gkzmr,109m,23129Mi
1789646145,thunderagent-rep2-7b74974894-5xb5c,12m,170Mi
1789646145,weka-bench-tr-decay-r2-s4n2j,1002m,3378Mi
1789646177,program-aware-vllm-decode-9c9b54cb6-gkzmr,110m,23129Mi
1789646177,thunderagent-rep2-7b74974894-5xb5c,13m,171Mi
1789646177,weka-bench-tr-decay-r2-s4n2j,1002m,3373Mi
1789646209,program-aware-vllm-decode-9c9b54cb6-gkzmr,172m,23129Mi
1789646209,thunderagent-rep2-7b74974894-5xb5c,14m,171Mi
1789646209,weka-bench-tr-decay-r2-s4n2j,1002m,3377Mi
1789646240,program-aware-vllm-decode-9c9b54cb6-gkzmr,110m,23129Mi
1789646240,thunderagent-rep2-7b74974894-5xb5c,10m,170Mi
1789646240,weka-bench-tr-decay-r2-s4n2j,1002m,3380Mi
1789646274,program-aware-vllm-decode-9c9b54cb6-gkzmr,177m,23129Mi
1789646274,thunderagent-rep2-7b74974894-5xb5c,13m,171Mi
1789646274,weka-bench-tr-decay-r2-s4n2j,1002m,3375Mi
1789646308,program-aware-vllm-decode-9c9b54cb6-gkzmr,108m,23129Mi
1789646308,thunderagent-rep2-7b74974894-5xb5c,13m,171Mi
1789646308,weka-bench-tr-decay-r2-s4n2j,1002m,3385Mi
