1789640102,program-aware-vllm-decode-9c9b54cb6-f9qsh,109m,23090Mi
1789640134,program-aware-vllm-decode-9c9b54cb6-f9qsh,111m,23089Mi
1789640134,thunderagent-rep1-6db589bbd8-7cv5x,46m,40Mi
1789640134,weka-bench-default-r1-fk8dw,1285m,282Mi
1789640166,program-aware-vllm-decode-9c9b54cb6-f9qsh,114m,23089Mi
1789640166,thunderagent-rep1-6db589bbd8-7cv5x,9m,40Mi
1789640166,weka-bench-default-r1-fk8dw,2199m,3557Mi
1789640198,program-aware-vllm-decode-9c9b54cb6-f9qsh,121m,23090Mi
1789640198,thunderagent-rep1-6db589bbd8-7cv5x,10m,40Mi
1789640198,weka-bench-default-r1-fk8dw,8005m,6532Mi
1789640230,program-aware-vllm-decode-9c9b54cb6-f9qsh,3149m,23137Mi
1789640230,thunderagent-rep1-6db589bbd8-7cv5x,28m,69Mi
1789640230,weka-bench-default-r1-fk8dw,1237m,6732Mi
1789640262,program-aware-vllm-decode-9c9b54cb6-f9qsh,2286m,23159Mi
1789640262,thunderagent-rep1-6db589bbd8-7cv5x,95m,72Mi
1789640262,weka-bench-default-r1-fk8dw,1284m,6796Mi
1789640294,program-aware-vllm-decode-9c9b54cb6-f9qsh,2343m,23168Mi
1789640294,thunderagent-rep1-6db589bbd8-7cv5x,170m,74Mi
1789640294,weka-bench-default-r1-fk8dw,1317m,6860Mi
1789640326,program-aware-vllm-decode-9c9b54cb6-f9qsh,2412m,23181Mi
1789640326,thunderagent-rep1-6db589bbd8-7cv5x,168m,84Mi
1789640326,weka-bench-default-r1-fk8dw,1314m,6897Mi
1789640357,program-aware-vllm-decode-9c9b54cb6-f9qsh,3109m,23186Mi
1789640357,thunderagent-rep1-6db589bbd8-7cv5x,69m,88Mi
1789640357,weka-bench-default-r1-fk8dw,1246m,6907Mi
1789640389,program-aware-vllm-decode-9c9b54cb6-f9qsh,2975m,23194Mi
1789640389,thunderagent-rep1-6db589bbd8-7cv5x,63m,92Mi
1789640389,weka-bench-default-r1-fk8dw,1251m,6917Mi
1789640421,program-aware-vllm-decode-9c9b54cb6-f9qsh,3053m,23195Mi
1789640421,thunderagent-rep1-6db589bbd8-7cv5x,64m,94Mi
1789640421,weka-bench-default-r1-fk8dw,1252m,6924Mi
1789640453,program-aware-vllm-decode-9c9b54cb6-f9qsh,2740m,23208Mi
1789640453,thunderagent-rep1-6db589bbd8-7cv5x,81m,100Mi
1789640453,weka-bench-default-r1-fk8dw,1271m,6939Mi
1789640485,program-aware-vllm-decode-9c9b54cb6-f9qsh,2989m,23208Mi
1789640485,thunderagent-rep1-6db589bbd8-7cv5x,58m,101Mi
1789640485,weka-bench-default-r1-fk8dw,1258m,6950Mi
1789640517,program-aware-vllm-decode-9c9b54cb6-f9qsh,2785m,23217Mi
1789640517,thunderagent-rep1-6db589bbd8-7cv5x,72m,105Mi
1789640517,weka-bench-default-r1-fk8dw,1275m,6964Mi
1789640549,program-aware-vllm-decode-9c9b54cb6-f9qsh,2914m,23220Mi
1789640549,thunderagent-rep1-6db589bbd8-7cv5x,69m,106Mi
1789640549,weka-bench-default-r1-fk8dw,1264m,6977Mi
1789640581,program-aware-vllm-decode-9c9b54cb6-f9qsh,2947m,23220Mi
1789640581,thunderagent-rep1-6db589bbd8-7cv5x,73m,110Mi
1789640581,weka-bench-default-r1-fk8dw,1255m,6987Mi
1789640612,program-aware-vllm-decode-9c9b54cb6-f9qsh,2958m,23223Mi
1789640612,thunderagent-rep1-6db589bbd8-7cv5x,58m,110Mi
1789640612,weka-bench-default-r1-fk8dw,1268m,6999Mi
1789640644,program-aware-vllm-decode-9c9b54cb6-f9qsh,2824m,23223Mi
1789640644,thunderagent-rep1-6db589bbd8-7cv5x,74m,109Mi
1789640644,weka-bench-default-r1-fk8dw,1264m,7010Mi
1789640676,program-aware-vllm-decode-9c9b54cb6-f9qsh,2902m,23234Mi
1789640676,thunderagent-rep1-6db589bbd8-7cv5x,55m,112Mi
1789640676,weka-bench-default-r1-fk8dw,1258m,7018Mi
1789640709,program-aware-vllm-decode-9c9b54cb6-f9qsh,2946m,23234Mi
1789640709,thunderagent-rep1-6db589bbd8-7cv5x,72m,116Mi
1789640709,weka-bench-default-r1-fk8dw,1273m,7034Mi
1789640740,program-aware-vllm-decode-9c9b54cb6-f9qsh,2774m,23235Mi
1789640740,thunderagent-rep1-6db589bbd8-7cv5x,67m,125Mi
1789640740,weka-bench-default-r1-fk8dw,1265m,7057Mi
1789640772,program-aware-vllm-decode-9c9b54cb6-f9qsh,2545m,23236Mi
1789640772,thunderagent-rep1-6db589bbd8-7cv5x,89m,122Mi
1789640772,weka-bench-default-r1-fk8dw,1265m,7070Mi
1789640804,program-aware-vllm-decode-9c9b54cb6-f9qsh,2961m,23238Mi
1789640804,thunderagent-rep1-6db589bbd8-7cv5x,55m,125Mi
1789640804,weka-bench-default-r1-fk8dw,1253m,7082Mi
1789640836,program-aware-vllm-decode-9c9b54cb6-f9qsh,2792m,23238Mi
1789640836,thunderagent-rep1-6db589bbd8-7cv5x,77m,125Mi
1789640836,weka-bench-default-r1-fk8dw,1273m,7091Mi
1789640868,program-aware-vllm-decode-9c9b54cb6-f9qsh,2973m,23239Mi
1789640868,thunderagent-rep1-6db589bbd8-7cv5x,40m,127Mi
1789640868,weka-bench-default-r1-fk8dw,1262m,7103Mi
1789640899,program-aware-vllm-decode-9c9b54cb6-f9qsh,2700m,23240Mi
1789640899,thunderagent-rep1-6db589bbd8-7cv5x,77m,134Mi
1789640899,weka-bench-default-r1-fk8dw,1275m,7110Mi
1789640931,program-aware-vllm-decode-9c9b54cb6-f9qsh,2779m,23248Mi
1789640931,thunderagent-rep1-6db589bbd8-7cv5x,71m,131Mi
1789640931,weka-bench-default-r1-fk8dw,1318m,7127Mi
1789640963,program-aware-vllm-decode-9c9b54cb6-f9qsh,2691m,23260Mi
1789640963,thunderagent-rep1-6db589bbd8-7cv5x,71m,135Mi
1789640963,weka-bench-default-r1-fk8dw,1271m,7138Mi
1789640995,program-aware-vllm-decode-9c9b54cb6-f9qsh,2775m,23269Mi
1789640995,thunderagent-rep1-6db589bbd8-7cv5x,74m,139Mi
1789640995,weka-bench-default-r1-fk8dw,1270m,7147Mi
1789641027,program-aware-vllm-decode-9c9b54cb6-f9qsh,2631m,23272Mi
1789641027,thunderagent-rep1-6db589bbd8-7cv5x,78m,145Mi
1789641027,weka-bench-default-r1-fk8dw,1278m,7157Mi
1789641058,program-aware-vllm-decode-9c9b54cb6-f9qsh,2839m,23274Mi
1789641058,thunderagent-rep1-6db589bbd8-7cv5x,80m,145Mi
1789641058,weka-bench-default-r1-fk8dw,1272m,7166Mi
1789641090,program-aware-vllm-decode-9c9b54cb6-f9qsh,2582m,23277Mi
1789641090,thunderagent-rep1-6db589bbd8-7cv5x,72m,146Mi
1789641090,weka-bench-default-r1-fk8dw,1314m,7174Mi
1789641122,program-aware-vllm-decode-9c9b54cb6-f9qsh,2670m,23278Mi
1789641122,thunderagent-rep1-6db589bbd8-7cv5x,72m,148Mi
1789641122,weka-bench-default-r1-fk8dw,1266m,7188Mi
1789641154,program-aware-vllm-decode-9c9b54cb6-f9qsh,3055m,23279Mi
1789641154,thunderagent-rep1-6db589bbd8-7cv5x,60m,150Mi
1789641154,weka-bench-default-r1-fk8dw,1269m,7204Mi
1789641186,program-aware-vllm-decode-9c9b54cb6-f9qsh,2621m,23279Mi
1789641186,thunderagent-rep1-6db589bbd8-7cv5x,82m,149Mi
1789641186,weka-bench-default-r1-fk8dw,1285m,7217Mi
1789641217,program-aware-vllm-decode-9c9b54cb6-f9qsh,2656m,23279Mi
1789641217,thunderagent-rep1-6db589bbd8-7cv5x,71m,152Mi
1789641217,weka-bench-default-r1-fk8dw,1281m,7223Mi
1789641249,program-aware-vllm-decode-9c9b54cb6-f9qsh,2959m,23279Mi
1789641249,thunderagent-rep1-6db589bbd8-7cv5x,63m,156Mi
1789641249,weka-bench-default-r1-fk8dw,1334m,7245Mi
1789641282,program-aware-vllm-decode-9c9b54cb6-f9qsh,2983m,23279Mi
1789641282,thunderagent-rep1-6db589bbd8-7cv5x,54m,161Mi
1789641282,weka-bench-default-r1-fk8dw,1297m,7271Mi
1789641314,program-aware-vllm-decode-9c9b54cb6-f9qsh,2904m,23282Mi
1789641314,thunderagent-rep1-6db589bbd8-7cv5x,59m,163Mi
1789641314,weka-bench-default-r1-fk8dw,1272m,7275Mi
1789641346,program-aware-vllm-decode-9c9b54cb6-f9qsh,2846m,23281Mi
1789641346,thunderagent-rep1-6db589bbd8-7cv5x,60m,165Mi
1789641346,weka-bench-default-r1-fk8dw,1273m,7290Mi
1789641378,program-aware-vllm-decode-9c9b54cb6-f9qsh,2889m,23286Mi
1789641378,thunderagent-rep1-6db589bbd8-7cv5x,59m,168Mi
1789641378,weka-bench-default-r1-fk8dw,1266m,7298Mi
1789641410,program-aware-vllm-decode-9c9b54cb6-f9qsh,2850m,23287Mi
1789641410,thunderagent-rep1-6db589bbd8-7cv5x,56m,167Mi
1789641410,weka-bench-default-r1-fk8dw,1257m,7307Mi
1789641442,program-aware-vllm-decode-9c9b54cb6-f9qsh,2779m,23287Mi
1789641442,thunderagent-rep1-6db589bbd8-7cv5x,86m,167Mi
1789641442,weka-bench-default-r1-fk8dw,1285m,7313Mi
1789641474,program-aware-vllm-decode-9c9b54cb6-f9qsh,2716m,23287Mi
1789641474,thunderagent-rep1-6db589bbd8-7cv5x,59m,168Mi
1789641474,weka-bench-default-r1-fk8dw,1271m,7327Mi
1789641506,program-aware-vllm-decode-9c9b54cb6-f9qsh,2992m,23287Mi
1789641506,thunderagent-rep1-6db589bbd8-7cv5x,50m,166Mi
1789641506,weka-bench-default-r1-fk8dw,1245m,7331Mi
1789641538,program-aware-vllm-decode-9c9b54cb6-f9qsh,2711m,23287Mi
1789641538,thunderagent-rep1-6db589bbd8-7cv5x,48m,169Mi
1789641538,weka-bench-default-r1-fk8dw,1249m,7338Mi
1789641570,program-aware-vllm-decode-9c9b54cb6-f9qsh,2988m,23307Mi
1789641570,thunderagent-rep1-6db589bbd8-7cv5x,74m,170Mi
1789641570,weka-bench-default-r1-fk8dw,1271m,7348Mi
1789641602,program-aware-vllm-decode-9c9b54cb6-f9qsh,3119m,23311Mi
1789641602,thunderagent-rep1-6db589bbd8-7cv5x,54m,168Mi
1789641602,weka-bench-default-r1-fk8dw,1265m,7357Mi
1789641634,program-aware-vllm-decode-9c9b54cb6-f9qsh,2741m,23315Mi
1789641634,thunderagent-rep1-6db589bbd8-7cv5x,59m,168Mi
1789641634,weka-bench-default-r1-fk8dw,1267m,7367Mi
1789641665,program-aware-vllm-decode-9c9b54cb6-f9qsh,2900m,23321Mi
1789641665,thunderagent-rep1-6db589bbd8-7cv5x,55m,169Mi
1789641665,weka-bench-default-r1-fk8dw,1269m,7370Mi
1789641697,program-aware-vllm-decode-9c9b54cb6-f9qsh,2632m,23321Mi
1789641697,thunderagent-rep1-6db589bbd8-7cv5x,90m,171Mi
1789641697,weka-bench-default-r1-fk8dw,1298m,7382Mi
1789641729,program-aware-vllm-decode-9c9b54cb6-f9qsh,2949m,23347Mi
1789641729,thunderagent-rep1-6db589bbd8-7cv5x,51m,170Mi
1789641729,weka-bench-default-r1-fk8dw,1262m,7391Mi
1789641761,program-aware-vllm-decode-9c9b54cb6-f9qsh,2933m,23348Mi
1789641761,thunderagent-rep1-6db589bbd8-7cv5x,50m,169Mi
1789641761,weka-bench-default-r1-fk8dw,1270m,7407Mi
1789641793,program-aware-vllm-decode-9c9b54cb6-f9qsh,2672m,23356Mi
1789641793,thunderagent-rep1-6db589bbd8-7cv5x,67m,170Mi
1789641793,weka-bench-default-r1-fk8dw,1235m,7422Mi
1789641825,program-aware-vllm-decode-9c9b54cb6-f9qsh,2862m,23357Mi
1789641825,thunderagent-rep1-6db589bbd8-7cv5x,48m,170Mi
1789641825,weka-bench-default-r1-fk8dw,1253m,7437Mi
1789641857,program-aware-vllm-decode-9c9b54cb6-f9qsh,2678m,23358Mi
1789641857,thunderagent-rep1-6db589bbd8-7cv5x,67m,168Mi
1789641857,weka-bench-default-r1-fk8dw,1273m,7446Mi
1789641889,program-aware-vllm-decode-9c9b54cb6-f9qsh,2977m,23369Mi
1789641889,thunderagent-rep1-6db589bbd8-7cv5x,52m,167Mi
1789641889,weka-bench-default-r1-fk8dw,1271m,7448Mi
1789641921,program-aware-vllm-decode-9c9b54cb6-f9qsh,2813m,23372Mi
1789641921,thunderagent-rep1-6db589bbd8-7cv5x,60m,171Mi
1789641921,weka-bench-default-r1-fk8dw,1269m,7454Mi
1789641952,program-aware-vllm-decode-9c9b54cb6-f9qsh,2751m,23313Mi
1789641952,thunderagent-rep1-6db589bbd8-7cv5x,73m,170Mi
1789641952,weka-bench-default-r1-fk8dw,1275m,7465Mi
1789641984,program-aware-vllm-decode-9c9b54cb6-f9qsh,2821m,23316Mi
1789641984,thunderagent-rep1-6db589bbd8-7cv5x,55m,168Mi
1789641984,weka-bench-default-r1-fk8dw,1272m,7475Mi
1789642016,program-aware-vllm-decode-9c9b54cb6-f9qsh,2731m,23317Mi
1789642016,thunderagent-rep1-6db589bbd8-7cv5x,65m,171Mi
1789642016,weka-bench-default-r1-fk8dw,1340m,7489Mi
1789642048,program-aware-vllm-decode-9c9b54cb6-f9qsh,2811m,23316Mi
1789642048,thunderagent-rep1-6db589bbd8-7cv5x,58m,171Mi
1789642048,weka-bench-default-r1-fk8dw,1289m,7498Mi
1789642079,program-aware-vllm-decode-9c9b54cb6-f9qsh,3008m,23316Mi
1789642079,thunderagent-rep1-6db589bbd8-7cv5x,45m,169Mi
1789642079,weka-bench-default-r1-fk8dw,1288m,7500Mi
1789642111,program-aware-vllm-decode-9c9b54cb6-f9qsh,2395m,23320Mi
1789642111,thunderagent-rep1-6db589bbd8-7cv5x,105m,172Mi
1789642111,weka-bench-default-r1-fk8dw,1302m,7510Mi
1789642143,program-aware-vllm-decode-9c9b54cb6-f9qsh,2816m,23321Mi
1789642143,thunderagent-rep1-6db589bbd8-7cv5x,72m,171Mi
1789642143,weka-bench-default-r1-fk8dw,1288m,7520Mi
1789642175,program-aware-vllm-decode-9c9b54cb6-f9qsh,2893m,23321Mi
1789642175,thunderagent-rep1-6db589bbd8-7cv5x,46m,170Mi
1789642175,weka-bench-default-r1-fk8dw,1283m,7528Mi
1789642207,program-aware-vllm-decode-9c9b54cb6-f9qsh,2754m,23321Mi
1789642207,thunderagent-rep1-6db589bbd8-7cv5x,56m,170Mi
1789642207,weka-bench-default-r1-fk8dw,1289m,7533Mi
1789642239,program-aware-vllm-decode-9c9b54cb6-f9qsh,2859m,23321Mi
1789642239,thunderagent-rep1-6db589bbd8-7cv5x,54m,171Mi
1789642239,weka-bench-default-r1-fk8dw,1287m,7543Mi
1789642270,program-aware-vllm-decode-9c9b54cb6-f9qsh,2835m,23325Mi
1789642270,thunderagent-rep1-6db589bbd8-7cv5x,44m,172Mi
1789642270,weka-bench-default-r1-fk8dw,1280m,7561Mi
1789642302,program-aware-vllm-decode-9c9b54cb6-f9qsh,2985m,23278Mi
1789642302,thunderagent-rep1-6db589bbd8-7cv5x,40m,172Mi
1789642302,weka-bench-default-r1-fk8dw,1274m,7569Mi
1789642334,program-aware-vllm-decode-9c9b54cb6-f9qsh,2825m,23330Mi
1789642334,thunderagent-rep1-6db589bbd8-7cv5x,69m,172Mi
1789642334,weka-bench-default-r1-fk8dw,1295m,7577Mi
1789642366,program-aware-vllm-decode-9c9b54cb6-f9qsh,2723m,23331Mi
1789642366,thunderagent-rep1-6db589bbd8-7cv5x,73m,173Mi
1789642366,weka-bench-default-r1-fk8dw,1295m,7584Mi
1789642397,program-aware-vllm-decode-9c9b54cb6-f9qsh,2603m,23330Mi
1789642397,thunderagent-rep1-6db589bbd8-7cv5x,61m,173Mi
1789642397,weka-bench-default-r1-fk8dw,1302m,7594Mi
1789642429,program-aware-vllm-decode-9c9b54cb6-f9qsh,3110m,23331Mi
1789642429,thunderagent-rep1-6db589bbd8-7cv5x,57m,171Mi
1789642429,weka-bench-default-r1-fk8dw,1289m,7599Mi
1789642461,program-aware-vllm-decode-9c9b54cb6-f9qsh,2899m,23331Mi
1789642461,thunderagent-rep1-6db589bbd8-7cv5x,42m,173Mi
1789642461,weka-bench-default-r1-fk8dw,1283m,7609Mi
1789642493,program-aware-vllm-decode-9c9b54cb6-f9qsh,2853m,23331Mi
1789642493,thunderagent-rep1-6db589bbd8-7cv5x,55m,175Mi
1789642493,weka-bench-default-r1-fk8dw,1301m,7618Mi
1789642525,program-aware-vllm-decode-9c9b54cb6-f9qsh,2909m,23330Mi
1789642525,thunderagent-rep1-6db589bbd8-7cv5x,51m,178Mi
1789642525,weka-bench-default-r1-fk8dw,1295m,7629Mi
1789642557,program-aware-vllm-decode-9c9b54cb6-f9qsh,2811m,23330Mi
1789642557,thunderagent-rep1-6db589bbd8-7cv5x,71m,175Mi
1789642557,weka-bench-default-r1-fk8dw,1304m,7637Mi
1789642588,program-aware-vllm-decode-9c9b54cb6-f9qsh,2918m,23331Mi
1789642588,thunderagent-rep1-6db589bbd8-7cv5x,28m,177Mi
1789642588,weka-bench-default-r1-fk8dw,1283m,7637Mi
1789642620,program-aware-vllm-decode-9c9b54cb6-f9qsh,2541m,23330Mi
1789642620,thunderagent-rep1-6db589bbd8-7cv5x,87m,177Mi
1789642620,weka-bench-default-r1-fk8dw,1305m,7650Mi
1789642652,program-aware-vllm-decode-9c9b54cb6-f9qsh,2511m,23331Mi
1789642652,thunderagent-rep1-6db589bbd8-7cv5x,68m,182Mi
1789642652,weka-bench-default-r1-fk8dw,1298m,7660Mi
1789642684,program-aware-vllm-decode-9c9b54cb6-f9qsh,2608m,23332Mi
1789642684,thunderagent-rep1-6db589bbd8-7cv5x,83m,183Mi
1789642684,weka-bench-default-r1-fk8dw,1295m,7666Mi
1789642716,program-aware-vllm-decode-9c9b54cb6-f9qsh,2618m,23331Mi
1789642716,thunderagent-rep1-6db589bbd8-7cv5x,56m,181Mi
1789642716,weka-bench-default-r1-fk8dw,1300m,7679Mi
1789642748,program-aware-vllm-decode-9c9b54cb6-f9qsh,2849m,23334Mi
1789642748,thunderagent-rep1-6db589bbd8-7cv5x,70m,188Mi
1789642748,weka-bench-default-r1-fk8dw,1307m,7685Mi
1789642780,program-aware-vllm-decode-9c9b54cb6-f9qsh,2823m,23334Mi
1789642780,thunderagent-rep1-6db589bbd8-7cv5x,65m,192Mi
1789642780,weka-bench-default-r1-fk8dw,1308m,7709Mi
1789642812,program-aware-vllm-decode-9c9b54cb6-f9qsh,2706m,23334Mi
1789642812,thunderagent-rep1-6db589bbd8-7cv5x,76m,188Mi
1789642812,weka-bench-default-r1-fk8dw,1311m,7718Mi
1789642844,program-aware-vllm-decode-9c9b54cb6-f9qsh,2834m,23335Mi
1789642844,thunderagent-rep1-6db589bbd8-7cv5x,56m,191Mi
1789642844,weka-bench-default-r1-fk8dw,1281m,7718Mi
1789642875,program-aware-vllm-decode-9c9b54cb6-f9qsh,2801m,23334Mi
1789642875,thunderagent-rep1-6db589bbd8-7cv5x,45m,194Mi
1789642875,weka-bench-default-r1-fk8dw,1298m,7730Mi
1789642907,program-aware-vllm-decode-9c9b54cb6-f9qsh,2784m,23334Mi
1789642907,thunderagent-rep1-6db589bbd8-7cv5x,54m,197Mi
1789642907,weka-bench-default-r1-fk8dw,167m,7740Mi
1789642939,program-aware-vllm-decode-9c9b54cb6-f9qsh,3037m,23335Mi
1789642939,thunderagent-rep1-6db589bbd8-7cv5x,44m,198Mi
1789642939,weka-bench-default-r1-fk8dw,40m,7743Mi
1789642971,program-aware-vllm-decode-9c9b54cb6-f9qsh,2829m,23333Mi
1789642971,thunderagent-rep1-6db589bbd8-7cv5x,48m,195Mi
1789642971,weka-bench-default-r1-fk8dw,48m,7747Mi
1789643003,program-aware-vllm-decode-9c9b54cb6-f9qsh,1906m,23335Mi
1789643003,thunderagent-rep1-6db589bbd8-7cv5x,154m,196Mi
1789643003,weka-bench-default-r1-fk8dw,95m,7760Mi
1789643035,program-aware-vllm-decode-9c9b54cb6-f9qsh,575m,23275Mi
1789643035,thunderagent-rep1-6db589bbd8-7cv5x,28m,194Mi
1789643035,weka-bench-default-r1-fk8dw,775m,2774Mi
