1789866381,program-aware-scheduling-epp-6444884c5b-7rxfg,639m,46Mi
1789866381,program-aware-vllm-decode-9c9b54cb6-f9qsh,106m,23466Mi
1789866381,program-aware-vllm-decode-9c9b54cb6-gkzmr,107m,23490Mi
1789866381,program-aware-vllm-decode-9c9b54cb6-kccxc,105m,23493Mi
1789866381,program-aware-vllm-decode-9c9b54cb6-mngw2,107m,23490Mi
1789866381,weka-bench-epp-thunder-origin-c192-w54wv,0m,39Mi
1789866413,program-aware-scheduling-epp-6444884c5b-7rxfg,620m,46Mi
1789866413,program-aware-vllm-decode-9c9b54cb6-f9qsh,104m,23466Mi
1789866413,program-aware-vllm-decode-9c9b54cb6-gkzmr,107m,23491Mi
1789866413,program-aware-vllm-decode-9c9b54cb6-kccxc,107m,23493Mi
1789866413,program-aware-vllm-decode-9c9b54cb6-mngw2,107m,23490Mi
1789866413,weka-bench-epp-thunder-origin-c192-w54wv,1277m,138Mi
1789866445,program-aware-scheduling-epp-6444884c5b-7rxfg,685m,58Mi
1789866445,program-aware-vllm-decode-9c9b54cb6-f9qsh,110m,23466Mi
1789866445,program-aware-vllm-decode-9c9b54cb6-gkzmr,108m,23490Mi
1789866445,program-aware-vllm-decode-9c9b54cb6-kccxc,111m,23492Mi
1789866445,program-aware-vllm-decode-9c9b54cb6-mngw2,236m,23442Mi
1789866445,weka-bench-epp-thunder-origin-c192-w54wv,1398m,629Mi
1789866477,program-aware-scheduling-epp-6444884c5b-7rxfg,1633m,76Mi
1789866477,program-aware-vllm-decode-9c9b54cb6-f9qsh,1626m,23391Mi
1789866477,program-aware-vllm-decode-9c9b54cb6-gkzmr,1856m,23445Mi
1789866477,program-aware-vllm-decode-9c9b54cb6-kccxc,1834m,23450Mi
1789866477,program-aware-vllm-decode-9c9b54cb6-mngw2,2098m,23442Mi
1789866477,weka-bench-epp-thunder-origin-c192-w54wv,2917m,1082Mi
1789866508,program-aware-scheduling-epp-6444884c5b-7rxfg,1587m,87Mi
1789866508,program-aware-vllm-decode-9c9b54cb6-f9qsh,1973m,23391Mi
1789866508,program-aware-vllm-decode-9c9b54cb6-gkzmr,2065m,23444Mi
1789866508,program-aware-vllm-decode-9c9b54cb6-kccxc,1942m,23450Mi
1789866508,program-aware-vllm-decode-9c9b54cb6-mngw2,2185m,23442Mi
1789866508,weka-bench-epp-thunder-origin-c192-w54wv,2733m,1117Mi
1789866541,program-aware-scheduling-epp-6444884c5b-7rxfg,1507m,91Mi
1789866541,program-aware-vllm-decode-9c9b54cb6-f9qsh,1977m,23391Mi
1789866541,program-aware-vllm-decode-9c9b54cb6-gkzmr,2055m,23445Mi
1789866541,program-aware-vllm-decode-9c9b54cb6-kccxc,1958m,23450Mi
1789866541,program-aware-vllm-decode-9c9b54cb6-mngw2,2005m,23442Mi
1789866541,weka-bench-epp-thunder-origin-c192-w54wv,2717m,1163Mi
1789866572,program-aware-scheduling-epp-6444884c5b-7rxfg,1600m,89Mi
1789866572,program-aware-vllm-decode-9c9b54cb6-f9qsh,1911m,23391Mi
1789866572,program-aware-vllm-decode-9c9b54cb6-gkzmr,2018m,23444Mi
1789866572,program-aware-vllm-decode-9c9b54cb6-kccxc,1861m,23450Mi
1789866572,program-aware-vllm-decode-9c9b54cb6-mngw2,1740m,23443Mi
1789866572,weka-bench-epp-thunder-origin-c192-w54wv,2651m,1261Mi
1789866604,program-aware-scheduling-epp-6444884c5b-7rxfg,1691m,90Mi
1789866604,program-aware-vllm-decode-9c9b54cb6-f9qsh,1898m,23390Mi
1789866604,program-aware-vllm-decode-9c9b54cb6-gkzmr,2014m,23445Mi
1789866604,program-aware-vllm-decode-9c9b54cb6-kccxc,1910m,23451Mi
1789866604,program-aware-vllm-decode-9c9b54cb6-mngw2,2076m,23442Mi
1789866604,weka-bench-epp-thunder-origin-c192-w54wv,2801m,1293Mi
1789866636,program-aware-scheduling-epp-6444884c5b-7rxfg,1508m,84Mi
1789866636,program-aware-vllm-decode-9c9b54cb6-f9qsh,1985m,23390Mi
1789866636,program-aware-vllm-decode-9c9b54cb6-gkzmr,2002m,23444Mi
1789866636,program-aware-vllm-decode-9c9b54cb6-kccxc,1940m,23450Mi
1789866636,program-aware-vllm-decode-9c9b54cb6-mngw2,1973m,23442Mi
1789866636,weka-bench-epp-thunder-origin-c192-w54wv,2691m,1324Mi
1789866668,program-aware-scheduling-epp-6444884c5b-7rxfg,1480m,96Mi
1789866668,program-aware-vllm-decode-9c9b54cb6-f9qsh,1475m,23390Mi
1789866668,program-aware-vllm-decode-9c9b54cb6-gkzmr,1972m,23444Mi
1789866668,program-aware-vllm-decode-9c9b54cb6-kccxc,1952m,23450Mi
1789866668,program-aware-vllm-decode-9c9b54cb6-mngw2,1935m,23442Mi
1789866668,weka-bench-epp-thunder-origin-c192-w54wv,2656m,1351Mi
1789866700,program-aware-scheduling-epp-6444884c5b-7rxfg,1344m,83Mi
1789866700,program-aware-vllm-decode-9c9b54cb6-f9qsh,1601m,23390Mi
1789866700,program-aware-vllm-decode-9c9b54cb6-gkzmr,2208m,23445Mi
1789866700,program-aware-vllm-decode-9c9b54cb6-kccxc,2016m,23450Mi
1789866700,program-aware-vllm-decode-9c9b54cb6-mngw2,1500m,23442Mi
1789866700,weka-bench-epp-thunder-origin-c192-w54wv,2217m,1405Mi
1789866732,program-aware-scheduling-epp-6444884c5b-7rxfg,1427m,87Mi
1789866732,program-aware-vllm-decode-9c9b54cb6-f9qsh,1925m,23391Mi
1789866732,program-aware-vllm-decode-9c9b54cb6-gkzmr,2194m,23444Mi
1789866732,program-aware-vllm-decode-9c9b54cb6-kccxc,1962m,23450Mi
1789866732,program-aware-vllm-decode-9c9b54cb6-mngw2,1258m,23442Mi
1789866732,weka-bench-epp-thunder-origin-c192-w54wv,2371m,1438Mi
1789866764,program-aware-scheduling-epp-6444884c5b-7rxfg,1377m,96Mi
1789866764,program-aware-vllm-decode-9c9b54cb6-f9qsh,1081m,23391Mi
1789866764,program-aware-vllm-decode-9c9b54cb6-gkzmr,2277m,23445Mi
1789866764,program-aware-vllm-decode-9c9b54cb6-kccxc,1809m,23450Mi
1789866764,program-aware-vllm-decode-9c9b54cb6-mngw2,1894m,23441Mi
1789866764,weka-bench-epp-thunder-origin-c192-w54wv,2423m,1474Mi
1789866796,program-aware-scheduling-epp-6444884c5b-7rxfg,1226m,81Mi
1789866796,program-aware-vllm-decode-9c9b54cb6-f9qsh,251m,23390Mi
1789866796,program-aware-vllm-decode-9c9b54cb6-gkzmr,2012m,23445Mi
1789866796,program-aware-vllm-decode-9c9b54cb6-kccxc,1828m,23450Mi
1789866796,program-aware-vllm-decode-9c9b54cb6-mngw2,1520m,23441Mi
1789866796,weka-bench-epp-thunder-origin-c192-w54wv,2318m,1493Mi
1789866828,program-aware-scheduling-epp-6444884c5b-7rxfg,1227m,77Mi
1789866828,program-aware-vllm-decode-9c9b54cb6-f9qsh,111m,23389Mi
1789866828,program-aware-vllm-decode-9c9b54cb6-gkzmr,2177m,23445Mi
1789866828,program-aware-vllm-decode-9c9b54cb6-kccxc,1903m,23450Mi
1789866828,program-aware-vllm-decode-9c9b54cb6-mngw2,1576m,23442Mi
1789866828,weka-bench-epp-thunder-origin-c192-w54wv,2263m,1506Mi
1789866860,program-aware-scheduling-epp-6444884c5b-7rxfg,1192m,82Mi
1789866860,program-aware-vllm-decode-9c9b54cb6-f9qsh,112m,23390Mi
1789866860,program-aware-vllm-decode-9c9b54cb6-gkzmr,2230m,23444Mi
1789866860,program-aware-vllm-decode-9c9b54cb6-kccxc,1856m,23450Mi
1789866860,program-aware-vllm-decode-9c9b54cb6-mngw2,1871m,23442Mi
1789866860,weka-bench-epp-thunder-origin-c192-w54wv,2367m,1531Mi
1789866893,program-aware-scheduling-epp-6444884c5b-7rxfg,1208m,89Mi
1789866893,program-aware-vllm-decode-9c9b54cb6-f9qsh,110m,23390Mi
1789866893,program-aware-vllm-decode-9c9b54cb6-gkzmr,2179m,23443Mi
1789866893,program-aware-vllm-decode-9c9b54cb6-kccxc,1799m,23450Mi
1789866893,program-aware-vllm-decode-9c9b54cb6-mngw2,1715m,23443Mi
1789866893,weka-bench-epp-thunder-origin-c192-w54wv,2344m,1555Mi
1789866925,program-aware-scheduling-epp-6444884c5b-7rxfg,1288m,93Mi
1789866925,program-aware-vllm-decode-9c9b54cb6-f9qsh,110m,23390Mi
1789866925,program-aware-vllm-decode-9c9b54cb6-gkzmr,2167m,23445Mi
1789866925,program-aware-vllm-decode-9c9b54cb6-kccxc,1807m,23450Mi
1789866925,program-aware-vllm-decode-9c9b54cb6-mngw2,1910m,23442Mi
1789866925,weka-bench-epp-thunder-origin-c192-w54wv,2408m,1572Mi
1789866957,program-aware-scheduling-epp-6444884c5b-7rxfg,1383m,87Mi
1789866957,program-aware-vllm-decode-9c9b54cb6-f9qsh,111m,23390Mi
1789866957,program-aware-vllm-decode-9c9b54cb6-gkzmr,2128m,23445Mi
1789866957,program-aware-vllm-decode-9c9b54cb6-kccxc,1773m,23450Mi
1789866957,program-aware-vllm-decode-9c9b54cb6-mngw2,1570m,23442Mi
1789866957,weka-bench-epp-thunder-origin-c192-w54wv,2452m,1585Mi
1789866989,program-aware-scheduling-epp-6444884c5b-7rxfg,1297m,80Mi
1789866989,program-aware-vllm-decode-9c9b54cb6-f9qsh,110m,23390Mi
1789866989,program-aware-vllm-decode-9c9b54cb6-gkzmr,2166m,23445Mi
1789866989,program-aware-vllm-decode-9c9b54cb6-kccxc,1720m,23451Mi
1789866989,program-aware-vllm-decode-9c9b54cb6-mngw2,424m,23441Mi
1789866989,weka-bench-epp-thunder-origin-c192-w54wv,2325m,1615Mi
1789867022,program-aware-scheduling-epp-6444884c5b-7rxfg,1177m,83Mi
1789867022,program-aware-vllm-decode-9c9b54cb6-f9qsh,108m,23389Mi
1789867022,program-aware-vllm-decode-9c9b54cb6-gkzmr,2098m,23444Mi
1789867022,program-aware-vllm-decode-9c9b54cb6-kccxc,1751m,23450Mi
1789867022,program-aware-vllm-decode-9c9b54cb6-mngw2,107m,23440Mi
1789867022,weka-bench-epp-thunder-origin-c192-w54wv,2267m,1628Mi
1789867054,program-aware-scheduling-epp-6444884c5b-7rxfg,1162m,83Mi
1789867054,program-aware-vllm-decode-9c9b54cb6-f9qsh,109m,23389Mi
1789867054,program-aware-vllm-decode-9c9b54cb6-gkzmr,2193m,23445Mi
1789867054,program-aware-vllm-decode-9c9b54cb6-kccxc,1757m,23450Mi
1789867054,program-aware-vllm-decode-9c9b54cb6-mngw2,106m,23441Mi
1789867054,weka-bench-epp-thunder-origin-c192-w54wv,2322m,1645Mi
1789867086,program-aware-scheduling-epp-6444884c5b-7rxfg,1096m,86Mi
1789867086,program-aware-vllm-decode-9c9b54cb6-f9qsh,109m,23389Mi
1789867086,program-aware-vllm-decode-9c9b54cb6-gkzmr,2285m,23444Mi
1789867086,program-aware-vllm-decode-9c9b54cb6-kccxc,1741m,23450Mi
1789867086,program-aware-vllm-decode-9c9b54cb6-mngw2,108m,23441Mi
1789867086,weka-bench-epp-thunder-origin-c192-w54wv,2138m,1656Mi
1789867118,program-aware-scheduling-epp-6444884c5b-7rxfg,1043m,91Mi
1789867118,program-aware-vllm-decode-9c9b54cb6-f9qsh,109m,23390Mi
1789867118,program-aware-vllm-decode-9c9b54cb6-gkzmr,2132m,23445Mi
1789867118,program-aware-vllm-decode-9c9b54cb6-kccxc,1729m,23449Mi
1789867118,program-aware-vllm-decode-9c9b54cb6-mngw2,107m,23441Mi
1789867118,weka-bench-epp-thunder-origin-c192-w54wv,2181m,1676Mi
1789867149,program-aware-scheduling-epp-6444884c5b-7rxfg,1047m,86Mi
1789867149,program-aware-vllm-decode-9c9b54cb6-f9qsh,108m,23390Mi
1789867149,program-aware-vllm-decode-9c9b54cb6-gkzmr,2184m,23445Mi
1789867149,program-aware-vllm-decode-9c9b54cb6-kccxc,1720m,23449Mi
1789867149,program-aware-vllm-decode-9c9b54cb6-mngw2,108m,23441Mi
1789867149,weka-bench-epp-thunder-origin-c192-w54wv,2284m,1689Mi
1789867182,program-aware-scheduling-epp-6444884c5b-7rxfg,1049m,82Mi
1789867182,program-aware-vllm-decode-9c9b54cb6-f9qsh,108m,23390Mi
1789867182,program-aware-vllm-decode-9c9b54cb6-gkzmr,2208m,23445Mi
1789867182,program-aware-vllm-decode-9c9b54cb6-kccxc,1712m,23449Mi
1789867182,program-aware-vllm-decode-9c9b54cb6-mngw2,107m,23441Mi
1789867182,weka-bench-epp-thunder-origin-c192-w54wv,2225m,1716Mi
1789867213,program-aware-scheduling-epp-6444884c5b-7rxfg,1069m,89Mi
1789867213,program-aware-vllm-decode-9c9b54cb6-f9qsh,110m,23390Mi
1789867213,program-aware-vllm-decode-9c9b54cb6-gkzmr,2209m,23445Mi
1789867213,program-aware-vllm-decode-9c9b54cb6-kccxc,1727m,23450Mi
1789867213,program-aware-vllm-decode-9c9b54cb6-mngw2,106m,23441Mi
1789867213,weka-bench-epp-thunder-origin-c192-w54wv,2254m,1730Mi
1789867245,program-aware-scheduling-epp-6444884c5b-7rxfg,1064m,88Mi
1789867245,program-aware-vllm-decode-9c9b54cb6-f9qsh,111m,23390Mi
1789867245,program-aware-vllm-decode-9c9b54cb6-gkzmr,2144m,23444Mi
1789867245,program-aware-vllm-decode-9c9b54cb6-kccxc,1989m,23449Mi
1789867245,program-aware-vllm-decode-9c9b54cb6-mngw2,107m,23440Mi
1789867245,weka-bench-epp-thunder-origin-c192-w54wv,2200m,1745Mi
1789867277,program-aware-scheduling-epp-6444884c5b-7rxfg,1007m,98Mi
1789867277,program-aware-vllm-decode-9c9b54cb6-f9qsh,109m,23389Mi
1789867277,program-aware-vllm-decode-9c9b54cb6-gkzmr,2222m,23445Mi
1789867277,program-aware-vllm-decode-9c9b54cb6-kccxc,1836m,23449Mi
1789867277,program-aware-vllm-decode-9c9b54cb6-mngw2,108m,23440Mi
1789867277,weka-bench-epp-thunder-origin-c192-w54wv,2193m,1758Mi
1789867309,program-aware-scheduling-epp-6444884c5b-7rxfg,1083m,98Mi
1789867309,program-aware-vllm-decode-9c9b54cb6-f9qsh,109m,23390Mi
1789867309,program-aware-vllm-decode-9c9b54cb6-gkzmr,2188m,23444Mi
1789867309,program-aware-vllm-decode-9c9b54cb6-kccxc,1699m,23450Mi
1789867309,program-aware-vllm-decode-9c9b54cb6-mngw2,105m,23441Mi
1789867309,weka-bench-epp-thunder-origin-c192-w54wv,2186m,1776Mi
1789867341,program-aware-scheduling-epp-6444884c5b-7rxfg,1055m,91Mi
1789867341,program-aware-vllm-decode-9c9b54cb6-f9qsh,109m,23390Mi
1789867341,program-aware-vllm-decode-9c9b54cb6-gkzmr,2171m,23445Mi
1789867341,program-aware-vllm-decode-9c9b54cb6-kccxc,1745m,23449Mi
1789867341,program-aware-vllm-decode-9c9b54cb6-mngw2,106m,23440Mi
1789867341,weka-bench-epp-thunder-origin-c192-w54wv,2201m,1789Mi
1789867373,program-aware-scheduling-epp-6444884c5b-7rxfg,1150m,87Mi
1789867373,program-aware-vllm-decode-9c9b54cb6-f9qsh,109m,23389Mi
1789867373,program-aware-vllm-decode-9c9b54cb6-gkzmr,2159m,23445Mi
1789867373,program-aware-vllm-decode-9c9b54cb6-kccxc,1750m,23449Mi
1789867373,program-aware-vllm-decode-9c9b54cb6-mngw2,107m,23441Mi
1789867373,weka-bench-epp-thunder-origin-c192-w54wv,2130m,1801Mi
1789867405,program-aware-scheduling-epp-6444884c5b-7rxfg,1015m,88Mi
1789867405,program-aware-vllm-decode-9c9b54cb6-f9qsh,109m,23390Mi
1789867405,program-aware-vllm-decode-9c9b54cb6-gkzmr,2306m,23444Mi
1789867405,program-aware-vllm-decode-9c9b54cb6-kccxc,1712m,23449Mi
1789867405,program-aware-vllm-decode-9c9b54cb6-mngw2,106m,23440Mi
1789867405,weka-bench-epp-thunder-origin-c192-w54wv,2216m,1812Mi
1789867437,program-aware-scheduling-epp-6444884c5b-7rxfg,1157m,80Mi
1789867437,program-aware-vllm-decode-9c9b54cb6-f9qsh,107m,23390Mi
1789867437,program-aware-vllm-decode-9c9b54cb6-gkzmr,2204m,23445Mi
1789867437,program-aware-vllm-decode-9c9b54cb6-kccxc,1751m,23449Mi
1789867437,program-aware-vllm-decode-9c9b54cb6-mngw2,105m,23441Mi
1789867437,weka-bench-epp-thunder-origin-c192-w54wv,2191m,1830Mi
1789867469,program-aware-scheduling-epp-6444884c5b-7rxfg,1037m,87Mi
1789867469,program-aware-vllm-decode-9c9b54cb6-f9qsh,110m,23389Mi
1789867469,program-aware-vllm-decode-9c9b54cb6-gkzmr,2193m,23444Mi
1789867469,program-aware-vllm-decode-9c9b54cb6-kccxc,1741m,23450Mi
1789867469,program-aware-vllm-decode-9c9b54cb6-mngw2,106m,23441Mi
1789867469,weka-bench-epp-thunder-origin-c192-w54wv,2183m,1840Mi
1789867501,program-aware-scheduling-epp-6444884c5b-7rxfg,986m,88Mi
1789867501,program-aware-vllm-decode-9c9b54cb6-f9qsh,108m,23390Mi
1789867501,program-aware-vllm-decode-9c9b54cb6-gkzmr,2275m,23444Mi
1789867501,program-aware-vllm-decode-9c9b54cb6-kccxc,1797m,23450Mi
1789867501,program-aware-vllm-decode-9c9b54cb6-mngw2,106m,23441Mi
1789867501,weka-bench-epp-thunder-origin-c192-w54wv,2276m,1855Mi
1789867533,program-aware-scheduling-epp-6444884c5b-7rxfg,954m,89Mi
1789867533,program-aware-vllm-decode-9c9b54cb6-f9qsh,110m,23389Mi
1789867533,program-aware-vllm-decode-9c9b54cb6-gkzmr,2164m,23445Mi
1789867533,program-aware-vllm-decode-9c9b54cb6-kccxc,1715m,23449Mi
1789867533,program-aware-vllm-decode-9c9b54cb6-mngw2,107m,23441Mi
1789867533,weka-bench-epp-thunder-origin-c192-w54wv,2237m,1875Mi
1789867565,program-aware-scheduling-epp-6444884c5b-7rxfg,1030m,95Mi
1789867565,program-aware-vllm-decode-9c9b54cb6-f9qsh,111m,23390Mi
1789867565,program-aware-vllm-decode-9c9b54cb6-gkzmr,2168m,23444Mi
1789867565,program-aware-vllm-decode-9c9b54cb6-kccxc,1755m,23450Mi
1789867565,program-aware-vllm-decode-9c9b54cb6-mngw2,106m,23441Mi
1789867565,weka-bench-epp-thunder-origin-c192-w54wv,2166m,1886Mi
1789867597,program-aware-scheduling-epp-6444884c5b-7rxfg,998m,98Mi
1789867597,program-aware-vllm-decode-9c9b54cb6-f9qsh,111m,23390Mi
1789867597,program-aware-vllm-decode-9c9b54cb6-gkzmr,1774m,23444Mi
1789867597,program-aware-vllm-decode-9c9b54cb6-kccxc,1747m,23472Mi
1789867597,program-aware-vllm-decode-9c9b54cb6-mngw2,108m,23440Mi
1789867597,weka-bench-epp-thunder-origin-c192-w54wv,2148m,1898Mi
1789867629,program-aware-scheduling-epp-6444884c5b-7rxfg,963m,94Mi
1789867629,program-aware-vllm-decode-9c9b54cb6-f9qsh,111m,23390Mi
1789867629,program-aware-vllm-decode-9c9b54cb6-gkzmr,1996m,23444Mi
1789867629,program-aware-vllm-decode-9c9b54cb6-kccxc,1673m,23449Mi
1789867629,program-aware-vllm-decode-9c9b54cb6-mngw2,108m,23441Mi
1789867629,weka-bench-epp-thunder-origin-c192-w54wv,2177m,1908Mi
1789867660,program-aware-scheduling-epp-6444884c5b-7rxfg,1055m,93Mi
1789867660,program-aware-vllm-decode-9c9b54cb6-f9qsh,118m,23390Mi
1789867660,program-aware-vllm-decode-9c9b54cb6-gkzmr,1665m,23445Mi
1789867660,program-aware-vllm-decode-9c9b54cb6-kccxc,1626m,23461Mi
1789867660,program-aware-vllm-decode-9c9b54cb6-mngw2,110m,23441Mi
1789867660,weka-bench-epp-thunder-origin-c192-w54wv,2417m,1927Mi
1789867692,program-aware-scheduling-epp-6444884c5b-7rxfg,1015m,95Mi
1789867692,program-aware-vllm-decode-9c9b54cb6-f9qsh,111m,23390Mi
1789867692,program-aware-vllm-decode-9c9b54cb6-gkzmr,1894m,23444Mi
1789867692,program-aware-vllm-decode-9c9b54cb6-kccxc,1725m,23469Mi
1789867692,program-aware-vllm-decode-9c9b54cb6-mngw2,108m,23441Mi
1789867692,weka-bench-epp-thunder-origin-c192-w54wv,2414m,1955Mi
1789867724,program-aware-scheduling-epp-6444884c5b-7rxfg,974m,97Mi
1789867724,program-aware-vllm-decode-9c9b54cb6-f9qsh,108m,23389Mi
1789867724,program-aware-vllm-decode-9c9b54cb6-gkzmr,1890m,23444Mi
1789867724,program-aware-vllm-decode-9c9b54cb6-kccxc,1715m,23493Mi
1789867724,program-aware-vllm-decode-9c9b54cb6-mngw2,107m,23441Mi
1789867724,weka-bench-epp-thunder-origin-c192-w54wv,2317m,1956Mi
1789867756,program-aware-scheduling-epp-6444884c5b-7rxfg,963m,84Mi
1789867756,program-aware-vllm-decode-9c9b54cb6-f9qsh,108m,23390Mi
1789867756,program-aware-vllm-decode-9c9b54cb6-gkzmr,1779m,23445Mi
1789867756,program-aware-vllm-decode-9c9b54cb6-kccxc,1823m,23450Mi
1789867756,program-aware-vllm-decode-9c9b54cb6-mngw2,107m,23440Mi
1789867756,weka-bench-epp-thunder-origin-c192-w54wv,2250m,1971Mi
1789867788,program-aware-scheduling-epp-6444884c5b-7rxfg,972m,95Mi
1789867788,program-aware-vllm-decode-9c9b54cb6-f9qsh,110m,23390Mi
1789867788,program-aware-vllm-decode-9c9b54cb6-gkzmr,1867m,23444Mi
1789867788,program-aware-vllm-decode-9c9b54cb6-kccxc,1641m,23450Mi
1789867788,program-aware-vllm-decode-9c9b54cb6-mngw2,109m,23440Mi
1789867788,weka-bench-epp-thunder-origin-c192-w54wv,2219m,1983Mi
1789867820,program-aware-scheduling-epp-6444884c5b-7rxfg,959m,103Mi
1789867820,program-aware-vllm-decode-9c9b54cb6-f9qsh,110m,23390Mi
1789867820,program-aware-vllm-decode-9c9b54cb6-gkzmr,1927m,23444Mi
1789867820,program-aware-vllm-decode-9c9b54cb6-kccxc,1767m,23450Mi
1789867820,program-aware-vllm-decode-9c9b54cb6-mngw2,107m,23440Mi
1789867820,weka-bench-epp-thunder-origin-c192-w54wv,2303m,2000Mi
1789867852,program-aware-scheduling-epp-6444884c5b-7rxfg,963m,97Mi
1789867852,program-aware-vllm-decode-9c9b54cb6-f9qsh,110m,23390Mi
1789867852,program-aware-vllm-decode-9c9b54cb6-gkzmr,1897m,23444Mi
1789867852,program-aware-vllm-decode-9c9b54cb6-kccxc,1691m,23449Mi
1789867852,program-aware-vllm-decode-9c9b54cb6-mngw2,111m,23441Mi
1789867852,weka-bench-epp-thunder-origin-c192-w54wv,2174m,2011Mi
1789867884,program-aware-scheduling-epp-6444884c5b-7rxfg,952m,98Mi
1789867884,program-aware-vllm-decode-9c9b54cb6-f9qsh,109m,23390Mi
1789867884,program-aware-vllm-decode-9c9b54cb6-gkzmr,1877m,23445Mi
1789867884,program-aware-vllm-decode-9c9b54cb6-kccxc,1698m,23449Mi
1789867884,program-aware-vllm-decode-9c9b54cb6-mngw2,110m,23441Mi
1789867884,weka-bench-epp-thunder-origin-c192-w54wv,2287m,2028Mi
1789867916,program-aware-scheduling-epp-6444884c5b-7rxfg,944m,97Mi
1789867916,program-aware-vllm-decode-9c9b54cb6-f9qsh,109m,23390Mi
1789867916,program-aware-vllm-decode-9c9b54cb6-gkzmr,1851m,23445Mi
1789867916,program-aware-vllm-decode-9c9b54cb6-kccxc,1682m,23450Mi
1789867916,program-aware-vllm-decode-9c9b54cb6-mngw2,111m,23441Mi
1789867916,weka-bench-epp-thunder-origin-c192-w54wv,2310m,2037Mi
1789867948,program-aware-scheduling-epp-6444884c5b-7rxfg,943m,99Mi
1789867948,program-aware-vllm-decode-9c9b54cb6-f9qsh,107m,23390Mi
1789867948,program-aware-vllm-decode-9c9b54cb6-gkzmr,1897m,23445Mi
1789867948,program-aware-vllm-decode-9c9b54cb6-kccxc,1697m,23450Mi
1789867948,program-aware-vllm-decode-9c9b54cb6-mngw2,108m,23441Mi
1789867948,weka-bench-epp-thunder-origin-c192-w54wv,2239m,2049Mi
1789867980,program-aware-scheduling-epp-6444884c5b-7rxfg,909m,85Mi
1789867980,program-aware-vllm-decode-9c9b54cb6-f9qsh,106m,23389Mi
1789867980,program-aware-vllm-decode-9c9b54cb6-gkzmr,1716m,23445Mi
1789867980,program-aware-vllm-decode-9c9b54cb6-kccxc,1745m,23451Mi
1789867980,program-aware-vllm-decode-9c9b54cb6-mngw2,109m,23440Mi
1789867980,weka-bench-epp-thunder-origin-c192-w54wv,2130m,2062Mi
1789868012,program-aware-scheduling-epp-6444884c5b-7rxfg,866m,101Mi
1789868012,program-aware-vllm-decode-9c9b54cb6-f9qsh,110m,23389Mi
1789868012,program-aware-vllm-decode-9c9b54cb6-gkzmr,1461m,23443Mi
1789868012,program-aware-vllm-decode-9c9b54cb6-kccxc,1877m,23451Mi
1789868012,program-aware-vllm-decode-9c9b54cb6-mngw2,107m,23441Mi
1789868012,weka-bench-epp-thunder-origin-c192-w54wv,2146m,2073Mi
1789868044,program-aware-scheduling-epp-6444884c5b-7rxfg,913m,82Mi
1789868044,program-aware-vllm-decode-9c9b54cb6-f9qsh,112m,23390Mi
1789868044,program-aware-vllm-decode-9c9b54cb6-gkzmr,1578m,23445Mi
1789868044,program-aware-vllm-decode-9c9b54cb6-kccxc,1821m,23449Mi
1789868044,program-aware-vllm-decode-9c9b54cb6-mngw2,105m,23440Mi
1789868044,weka-bench-epp-thunder-origin-c192-w54wv,2054m,2087Mi
1789868076,program-aware-scheduling-epp-6444884c5b-7rxfg,878m,80Mi
1789868076,program-aware-vllm-decode-9c9b54cb6-f9qsh,113m,23390Mi
1789868076,program-aware-vllm-decode-9c9b54cb6-gkzmr,1823m,23444Mi
1789868076,program-aware-vllm-decode-9c9b54cb6-kccxc,1611m,23450Mi
1789868076,program-aware-vllm-decode-9c9b54cb6-mngw2,110m,23440Mi
1789868076,weka-bench-epp-thunder-origin-c192-w54wv,2009m,2095Mi
1789868108,program-aware-scheduling-epp-6444884c5b-7rxfg,861m,83Mi
1789868108,program-aware-vllm-decode-9c9b54cb6-f9qsh,108m,23390Mi
1789868108,program-aware-vllm-decode-9c9b54cb6-gkzmr,1697m,23444Mi
1789868108,program-aware-vllm-decode-9c9b54cb6-kccxc,1832m,23450Mi
1789868108,program-aware-vllm-decode-9c9b54cb6-mngw2,105m,23440Mi
1789868108,weka-bench-epp-thunder-origin-c192-w54wv,2048m,2103Mi
1789868140,program-aware-scheduling-epp-6444884c5b-7rxfg,862m,75Mi
1789868140,program-aware-vllm-decode-9c9b54cb6-f9qsh,109m,23390Mi
1789868140,program-aware-vllm-decode-9c9b54cb6-gkzmr,1431m,23444Mi
1789868140,program-aware-vllm-decode-9c9b54cb6-kccxc,1676m,23450Mi
1789868140,program-aware-vllm-decode-9c9b54cb6-mngw2,107m,23441Mi
1789868140,weka-bench-epp-thunder-origin-c192-w54wv,1983m,2127Mi
1789868172,program-aware-scheduling-epp-6444884c5b-7rxfg,791m,85Mi
1789868172,program-aware-vllm-decode-9c9b54cb6-f9qsh,110m,23390Mi
1789868172,program-aware-vllm-decode-9c9b54cb6-gkzmr,1828m,23445Mi
1789868172,program-aware-vllm-decode-9c9b54cb6-kccxc,1635m,23449Mi
1789868172,program-aware-vllm-decode-9c9b54cb6-mngw2,105m,23441Mi
1789868172,weka-bench-epp-thunder-origin-c192-w54wv,1984m,2132Mi
1789868204,program-aware-scheduling-epp-6444884c5b-7rxfg,822m,75Mi
1789868204,program-aware-vllm-decode-9c9b54cb6-f9qsh,111m,23390Mi
1789868204,program-aware-vllm-decode-9c9b54cb6-gkzmr,1666m,23445Mi
1789868204,program-aware-vllm-decode-9c9b54cb6-kccxc,1802m,23450Mi
1789868204,program-aware-vllm-decode-9c9b54cb6-mngw2,108m,23440Mi
1789868204,weka-bench-epp-thunder-origin-c192-w54wv,2125m,2139Mi
1789868236,program-aware-scheduling-epp-6444884c5b-7rxfg,790m,73Mi
1789868236,program-aware-vllm-decode-9c9b54cb6-f9qsh,109m,23389Mi
1789868236,program-aware-vllm-decode-9c9b54cb6-gkzmr,1636m,23444Mi
1789868236,program-aware-vllm-decode-9c9b54cb6-kccxc,1728m,23450Mi
1789868236,program-aware-vllm-decode-9c9b54cb6-mngw2,106m,23440Mi
1789868236,weka-bench-epp-thunder-origin-c192-w54wv,1815m,2154Mi
1789868268,program-aware-scheduling-epp-6444884c5b-7rxfg,687m,65Mi
1789868268,program-aware-vllm-decode-9c9b54cb6-f9qsh,107m,23390Mi
1789868268,program-aware-vllm-decode-9c9b54cb6-gkzmr,558m,23443Mi
1789868268,program-aware-vllm-decode-9c9b54cb6-kccxc,1505m,23449Mi
1789868268,program-aware-vllm-decode-9c9b54cb6-mngw2,107m,23440Mi
1789868268,weka-bench-epp-thunder-origin-c192-w54wv,264m,2157Mi
1789868302,program-aware-scheduling-epp-6444884c5b-7rxfg,598m,64Mi
1789868302,program-aware-vllm-decode-9c9b54cb6-f9qsh,107m,23389Mi
1789868302,program-aware-vllm-decode-9c9b54cb6-gkzmr,110m,23444Mi
1789868302,program-aware-vllm-decode-9c9b54cb6-kccxc,110m,23449Mi
1789868302,program-aware-vllm-decode-9c9b54cb6-mngw2,107m,23441Mi
1789868302,weka-bench-epp-thunder-origin-c192-w54wv,181m,2158Mi
1789868336,program-aware-scheduling-epp-6444884c5b-7rxfg,608m,62Mi
1789868336,program-aware-vllm-decode-9c9b54cb6-f9qsh,108m,23390Mi
1789868336,program-aware-vllm-decode-9c9b54cb6-gkzmr,111m,23443Mi
1789868336,program-aware-vllm-decode-9c9b54cb6-kccxc,111m,23448Mi
1789868336,program-aware-vllm-decode-9c9b54cb6-mngw2,109m,23441Mi
1789868336,weka-bench-epp-thunder-origin-c192-w54wv,168m,2157Mi
1789868369,program-aware-scheduling-epp-6444884c5b-7rxfg,621m,64Mi
1789868369,program-aware-vllm-decode-9c9b54cb6-f9qsh,113m,23390Mi
1789868369,program-aware-vllm-decode-9c9b54cb6-gkzmr,110m,23443Mi
1789868369,program-aware-vllm-decode-9c9b54cb6-kccxc,109m,23448Mi
1789868369,program-aware-vllm-decode-9c9b54cb6-mngw2,106m,23441Mi
1789868369,weka-bench-epp-thunder-origin-c192-w54wv,180m,2157Mi
1789868401,program-aware-scheduling-epp-6444884c5b-7rxfg,633m,64Mi
1789868401,program-aware-vllm-decode-9c9b54cb6-f9qsh,109m,23389Mi
1789868401,program-aware-vllm-decode-9c9b54cb6-gkzmr,107m,23443Mi
1789868401,program-aware-vllm-decode-9c9b54cb6-kccxc,109m,23449Mi
1789868401,program-aware-vllm-decode-9c9b54cb6-mngw2,107m,23440Mi
1789868401,weka-bench-epp-thunder-origin-c192-w54wv,1344m,1486Mi
1789868433,program-aware-scheduling-epp-6444884c5b-7rxfg,633m,62Mi
1789868433,program-aware-vllm-decode-9c9b54cb6-f9qsh,115m,23389Mi
1789868433,program-aware-vllm-decode-9c9b54cb6-gkzmr,107m,23444Mi
1789868433,program-aware-vllm-decode-9c9b54cb6-kccxc,110m,23449Mi
1789868433,program-aware-vllm-decode-9c9b54cb6-mngw2,107m,23440Mi
1789868433,weka-bench-epp-thunder-origin-c192-w54wv,1104m,1485Mi
1789868465,program-aware-scheduling-epp-6444884c5b-7rxfg,608m,64Mi
1789868465,program-aware-vllm-decode-9c9b54cb6-f9qsh,108m,23390Mi
1789868465,program-aware-vllm-decode-9c9b54cb6-gkzmr,107m,23443Mi
1789868465,program-aware-vllm-decode-9c9b54cb6-kccxc,111m,23448Mi
1789868465,program-aware-vllm-decode-9c9b54cb6-mngw2,107m,23441Mi
1789868465,weka-bench-epp-thunder-origin-c192-w54wv,1098m,1489Mi
1789868497,program-aware-scheduling-epp-6444884c5b-7rxfg,602m,63Mi
1789868497,program-aware-vllm-decode-9c9b54cb6-f9qsh,106m,23389Mi
1789868497,program-aware-vllm-decode-9c9b54cb6-gkzmr,109m,23444Mi
1789868497,program-aware-vllm-decode-9c9b54cb6-kccxc,110m,23449Mi
1789868497,program-aware-vllm-decode-9c9b54cb6-mngw2,107m,23440Mi
1789868497,weka-bench-epp-thunder-origin-c192-w54wv,1083m,1490Mi
1789868528,program-aware-scheduling-epp-6444884c5b-7rxfg,601m,65Mi
1789868528,program-aware-vllm-decode-9c9b54cb6-f9qsh,108m,23389Mi
1789868528,program-aware-vllm-decode-9c9b54cb6-gkzmr,110m,23444Mi
1789868528,program-aware-vllm-decode-9c9b54cb6-kccxc,109m,23448Mi
1789868528,program-aware-vllm-decode-9c9b54cb6-mngw2,108m,23441Mi
1789868528,weka-bench-epp-thunder-origin-c192-w54wv,1104m,1489Mi
