ts,programs_running,programs_idle,programs_marked,programs_paused,holds_reasoning,holds_paused,holds_new,releases_reasoning,releases_paused,releases_new,pauses_total,resumes_total,rebinds_total,starvation_promotions_total,pod_utilization,fc_queue_size,fc_queue_wait_sum,fc_queue_wait_count
1789708805.5,,,,,,,,,,,0.0,0.0,0.0,0.0,,,,
1789708807.5,,,,,,,,,,,0.0,0.0,0.0,0.0,,,,
1789708809.5,,,,,,,,,,,0.0,0.0,0.0,0.0,,,,
1789708811.6,,,,,,,,,,,0.0,0.0,0.0,0.0,,,,
1789708813.6,,,,,,,,,,,0.0,0.0,0.0,0.0,,,,
1789708815.6,,,,,,,,,,,0.0,0.0,0.0,0.0,,,,
1789708817.6,,,,,,,,,,,0.0,0.0,0.0,0.0,,,,
1789708819.7,,,,,,,,,,,0.0,0.0,0.0,0.0,,,,
1789708821.7,,,,,,,,,,,0.0,0.0,0.0,0.0,,,,
1789708823.7,,,,,,,,,,,0.0,0.0,0.0,0.0,,,,
1789708825.7,,,,,,,,,,,0.0,0.0,0.0,0.0,,,,
1789708827.8,,,,,,,,,,,0.0,0.0,0.0,0.0,,,,
1789708829.8,,,,,,,,,,,0.0,0.0,0.0,0.0,,,,
1789708831.8,,,,,,,,,,,0.0,0.0,0.0,0.0,,,,
1789708833.8,,,,,,,,,,,0.0,0.0,0.0,0.0,,,,
1789708835.9,,,,,,,,,,,0.0,0.0,0.0,0.0,,,,
1789708837.9,,,,,,,,,,,0.0,0.0,0.0,0.0,,,,
1789708839.9,,,,,,,,,,,0.0,0.0,0.0,0.0,,,,
1789708841.9,,,,,,,,,,,0.0,0.0,0.0,0.0,,,,
1789708844.0,,,,,,,,,,,0.0,0.0,0.0,0.0,,,,
1789708846.0,,,,,,,,,,,0.0,0.0,0.0,0.0,,,,
1789708848.0,,,,,,,,,,,0.0,0.0,0.0,0.0,,,,
1789708850.0,,,,,,,,,,,0.0,0.0,0.0,0.0,,,,
1789708852.1,,,,,,,,,,,0.0,0.0,0.0,0.0,,,,
1789708854.1,,,,,,,,,,,0.0,0.0,0.0,0.0,,,,
1789708856.1,,,,,,,,,,,0.0,0.0,0.0,0.0,,,,
1789708858.1,,,,,,,,,,,0.0,0.0,0.0,0.0,,,,
1789708860.2,,,,,,,,,,,0.0,0.0,0.0,0.0,,,,
1789708862.2,,,,,,,,,,,0.0,0.0,0.0,0.0,,,,
1789708864.2,,,,,,,,,,,0.0,0.0,0.0,0.0,,,,
1789708866.2,,,,,,,,,,,0.0,0.0,0.0,0.0,,,,
1789708868.3,,,,,,,,,,,0.0,0.0,0.0,0.0,,,,
1789708870.3,,,,,,,,,,,0.0,0.0,0.0,0.0,,,,
1789708872.3,,,,,,,,,,,0.0,0.0,0.0,0.0,,,,
1789708874.3,,,,,,,,,,,0.0,0.0,0.0,0.0,,,,
1789708876.4,,,,,,,,,,,0.0,0.0,0.0,0.0,,,,
1789708878.5,,,,,,,,,,,0.0,0.0,0.0,0.0,,,,
1789708880.7,,,,,,,,,,,0.0,0.0,0.0,0.0,,,,
1789708882.9,,,,,,,,,,,0.0,0.0,0.0,0.0,,,,
1789708885.1,,,,,,,,,,,0.0,0.0,0.0,0.0,,,,
1789708887.5,,,,,,,,,,,0.0,0.0,0.0,0.0,,,,
1789708889.9,,,,,,,,,,,0.0,0.0,0.0,0.0,,,,
1789708892.2,,,,,,,,,,,0.0,0.0,0.0,0.0,,,,
1789708894.7,,,,,,,,,,,0.0,0.0,0.0,0.0,,,,
1789708897.1,,,,,,,,,,,0.0,0.0,0.0,0.0,,,,
1789708899.6,,,,,,,,,,,0.0,0.0,0.0,0.0,,,,
1789708902.0,,,,,,,,,,,0.0,0.0,0.0,0.0,,,,
1789708904.4,,,,,,,,,,,0.0,0.0,0.0,0.0,,,,
1789708906.9,,,,,,,,,,,0.0,0.0,0.0,0.0,,,,
1789708909.3,,,,,,,,,,,0.0,0.0,0.0,0.0,,,,
1789708911.7,,,,,,,,,,,0.0,0.0,0.0,0.0,,,,
1789708914.1,,,,,,,,,,,0.0,0.0,0.0,0.0,,,,
1789708916.6,,,,,,,,,,,0.0,0.0,0.0,0.0,,,,
1789708919.0,,,,,,,,,,,0.0,0.0,0.0,0.0,,,,
1789708921.5,,,,,,,,,,,0.0,0.0,0.0,0.0,,,,
1789708923.9,,,,,,,,,,,0.0,0.0,0.0,0.0,,,,
1789708926.3,,,,,,,,,,,0.0,0.0,0.0,0.0,,,,
1789708928.8,,,,,,,,,,,0.0,0.0,0.0,0.0,,,,
1789708931.2,,,,,,,,,,,0.0,0.0,0.0,0.0,,,,
1789708933.6,,,,,,,,,,,0.0,0.0,0.0,0.0,,,,
1789708936.1,,,,,,,,,,,0.0,0.0,0.0,0.0,,,,
1789708938.5,,,,,,,,,,,0.0,0.0,0.0,0.0,,,,
1789708941.0,,,,,,,,,,,0.0,0.0,0.0,0.0,,,,
1789708943.4,,,,,,,,,,,0.0,0.0,0.0,0.0,,,,
1789708945.9,,,,,,,,,,,0.0,0.0,0.0,0.0,,,,
1789708948.4,,,,,,,,,,,0.0,0.0,0.0,0.0,,,,
1789708950.8,,,,,,,,,,,0.0,0.0,0.0,0.0,,,,
1789708953.3,,,,,,,,,,,0.0,0.0,0.0,0.0,,,,
1789708955.8,,,,,,,,,,,0.0,0.0,0.0,0.0,,,,
1789708958.3,,,,,,,,,,,0.0,0.0,0.0,0.0,,,,
1789708960.8,,,,,,,,,,,0.0,0.0,0.0,0.0,,,,
1789708963.2,,,,,,,,,,,0.0,0.0,0.0,0.0,,,,
1789708965.7,,,,,,,,,,,0.0,0.0,0.0,0.0,,,,
1789708968.2,,,,,,,,,,,0.0,0.0,0.0,0.0,,,,
1789708970.6,,,,,,,,,,,0.0,0.0,0.0,0.0,,,,
1789708973.1,,,,,,,,,,,0.0,0.0,0.0,0.0,,,,
1789708975.6,,,,,,,,,,,0.0,0.0,0.0,0.0,,,,
1789708978.1,,,,,,,,,,,0.0,0.0,0.0,0.0,,,,
1789708980.6,,,,,,,,,,,0.0,0.0,0.0,0.0,,,,
1789708983.0,,,,,,,,,,,0.0,0.0,0.0,0.0,,,,
1789708985.5,,,,,,,,,,,0.0,0.0,0.0,0.0,,,,
1789708988.0,,,,,,,,,,,0.0,0.0,0.0,0.0,,,,
1789708990.6,,,,,,,,,,,0.0,0.0,0.0,0.0,,,,
1789708993.0,,,,,,,,,,,0.0,0.0,0.0,0.0,,,,
1789708995.5,,,,,,,,,,,0.0,0.0,0.0,0.0,,,,
1789708998.0,,,,,,,,,,,0.0,0.0,0.0,0.0,,,,
1789709000.5,,,,,,,,,,,0.0,0.0,0.0,0.0,,,,
1789709003.0,,,,,,,,,,,0.0,0.0,0.0,0.0,,,,
1789709005.5,,,,,,,,,,,0.0,0.0,0.0,0.0,,,,
1789709007.9,,,,,,,,,,,0.0,0.0,0.0,0.0,,,,
1789709010.5,,,,,,,,,,,0.0,0.0,0.0,0.0,,,,
1789709013.0,,,,,,,,,,,0.0,0.0,0.0,0.0,,,,
1789709015.5,,,,,,,,,,,0.0,0.0,0.0,0.0,,,,
1789709017.9,,,,,,,,,,,0.0,0.0,0.0,0.0,,,,
1789709020.4,,,,,,,,,,,0.0,0.0,0.0,0.0,,,,
1789709023.0,,,,,,,,,,,0.0,0.0,0.0,0.0,,,,
1789709025.4,,,,,,,,,,,0.0,0.0,0.0,0.0,,,,
1789709027.9,,,,,,,,,,,0.0,0.0,0.0,0.0,,,,
1789709030.4,,,,,,,,,,,0.0,0.0,0.0,0.0,,,,
1789709032.9,,,,,,,,,,,0.0,0.0,0.0,0.0,,,,
1789709035.3,,,,,,,,,,,0.0,0.0,0.0,0.0,,,,
1789709037.8,,,,,,,,,,,0.0,0.0,0.0,0.0,,,,
1789709040.3,,,,,,,,,,,0.0,0.0,0.0,0.0,,,,
1789709042.8,,,,,,,,,,,0.0,0.0,0.0,0.0,,,,
1789709045.3,,,,,,,,,,,0.0,0.0,0.0,0.0,,,,
1789709047.7,,,,,,,,,,,0.0,0.0,0.0,0.0,,,,
1789709050.2,,,,,,,,,,,0.0,0.0,0.0,0.0,,,,
1789709052.6,,,,,,,,,,,0.0,0.0,0.0,0.0,,,,
1789709055.1,,,,,,,,,,,0.0,0.0,0.0,0.0,,,,
1789709057.6,,,,,,,,,,,0.0,0.0,0.0,0.0,,,,
1789709060.1,,,,,,,,,,,0.0,0.0,0.0,0.0,,,,
1789709062.5,,,,,,,,,,,0.0,0.0,0.0,0.0,,,,
1789709065.0,,,,,,,,,,,0.0,0.0,0.0,0.0,,,,
1789709067.5,,,,,,,,,,,0.0,0.0,0.0,0.0,,,,
1789709069.9,,,,,,,,,,,0.0,0.0,0.0,0.0,,,,
1789709072.4,,,,,,,,,,,0.0,0.0,0.0,0.0,,,,
1789709074.9,,,,,,,,,,,0.0,0.0,0.0,0.0,,,,
1789709077.3,,,,,,,,,,,0.0,0.0,0.0,0.0,,,,
1789709079.8,,,,,,,,,,,0.0,0.0,0.0,0.0,,,,
1789709082.3,,,,,,,,,,,0.0,0.0,0.0,0.0,,,,
1789709084.8,,,,,,,,,,,0.0,0.0,0.0,0.0,,,,
1789709087.2,,,,,,,,,,,0.0,0.0,0.0,0.0,,,,
1789709089.7,,,,,,,,,,,0.0,0.0,0.0,0.0,,,,
1789709092.2,,,,,,,,,,,0.0,0.0,0.0,0.0,,,,
1789709094.6,,,,,,,,,,,0.0,0.0,0.0,0.0,,,,
1789709097.1,,,,,,,,,,,0.0,0.0,0.0,0.0,,,,
1789709099.6,,,,,,,,,,,0.0,0.0,0.0,0.0,,,,
1789709102.0,,,,,,,,,,,0.0,0.0,0.0,0.0,,,,
1789709104.5,,,,,,,,,,,0.0,0.0,0.0,0.0,,,,
1789709107.0,,,,,,,,,,,0.0,0.0,0.0,0.0,,,,
1789709109.5,,,,,,,,,,,0.0,0.0,0.0,0.0,,,,
1789709111.9,,,,,,,,,,,0.0,0.0,0.0,0.0,,,,
1789709114.4,,,,,,,,,,,0.0,0.0,0.0,0.0,,,,
1789709116.9,,,,,,,,,,,0.0,0.0,0.0,0.0,,,,
1789709119.3,,,,,,,,,,,0.0,0.0,0.0,0.0,,,,
1789709121.8,,,,,,,,,,,0.0,0.0,0.0,0.0,,,,
1789709124.3,,,,,,,,,,,0.0,0.0,0.0,0.0,,,,
1789709126.9,,,,,,,,,,,0.0,0.0,0.0,0.0,,,,
1789709129.3,,,,,,,,,,,0.0,0.0,0.0,0.0,,,,
1789709131.8,,,,,,,,,,,0.0,0.0,0.0,0.0,,,,
1789709134.3,,,,,,,,,,,0.0,0.0,0.0,0.0,,,,
1789709136.7,,,,,,,,,,,0.0,0.0,0.0,0.0,,,,
1789709139.2,,,,,,,,,,,0.0,0.0,0.0,0.0,,,,
1789709141.7,,,,,,,,,,,0.0,0.0,0.0,0.0,,,,
1789709144.2,,,,,,,,,,,0.0,0.0,0.0,0.0,,,,
1789709146.6,,,,,,,,,,,0.0,0.0,0.0,0.0,,,,
1789709149.1,,,,,,,,,,,0.0,0.0,0.0,0.0,,,,
1789709151.6,,,,,,,,,,,0.0,0.0,0.0,0.0,,,,
1789709154.0,,,,,,,,,,,0.0,0.0,0.0,0.0,,,,
1789709156.5,,,,,,,,,,,0.0,0.0,0.0,0.0,,,,
1789709158.9,,,,,,,,,,,0.0,0.0,0.0,0.0,,,,
1789709161.4,,,,,,,,,,,0.0,0.0,0.0,0.0,,,,
1789709163.9,,,,,,,,,,,0.0,0.0,0.0,0.0,,,,
1789709166.3,,,,,,,,,,,0.0,0.0,0.0,0.0,,,,
1789709168.8,,,,,,,,,,,0.0,0.0,0.0,0.0,,,,
1789709171.3,,,,,,,,,,,0.0,0.0,0.0,0.0,,,,
1789709173.7,,,,,,,,,,,0.0,0.0,0.0,0.0,,,,
1789709176.2,,,,,,,,,,,0.0,0.0,0.0,0.0,,,,
1789709178.7,,,,,,,,,,,0.0,0.0,0.0,0.0,,,,
1789709181.1,,,,,,,,,,,0.0,0.0,0.0,0.0,,,,
1789709183.6,,,,,,,,,,,0.0,0.0,0.0,0.0,,,,
1789709186.1,,,,,,,,,,,0.0,0.0,0.0,0.0,,,,
1789709188.6,,,,,,,,,,,0.0,0.0,0.0,0.0,,,,
1789709191.0,,,,,,,,,,,0.0,0.0,0.0,0.0,,,,
1789709193.5,,,,,,,,,,,0.0,0.0,0.0,0.0,,,,
1789709196.0,,,,,,,,,,,0.0,0.0,0.0,0.0,,,,
1789709198.4,,,,,,,,,,,0.0,0.0,0.0,0.0,,,,
1789709200.9,,,,,,,,,,,0.0,0.0,0.0,0.0,,,,
1789709203.4,,,,,,,,,,,0.0,0.0,0.0,0.0,,,,
1789709205.9,,,,,,,,,,,0.0,0.0,0.0,0.0,,,,
1789709208.4,,,,,,,,,,,0.0,0.0,0.0,0.0,,,,
1789709210.8,,,,,,,,,,,0.0,0.0,0.0,0.0,,,,
1789709213.3,,,,,,,,,,,0.0,0.0,0.0,0.0,,,,
1789709215.8,,,,,,,,,,,0.0,0.0,0.0,0.0,,,,
1789709218.3,,,,,,,,,,,0.0,0.0,0.0,0.0,,,,
1789709220.7,,,,,,,,,,,0.0,0.0,0.0,0.0,,,,
1789709223.2,,,,,,,,,,,0.0,0.0,0.0,0.0,,,,
1789709225.7,,,,,,,,,,,0.0,0.0,0.0,0.0,,,,
1789709228.2,,,,,,,,,,,0.0,0.0,0.0,0.0,,,,
1789709230.7,,,,,,,,,,,0.0,0.0,0.0,0.0,,,,
1789709233.2,,,,,,,,,,,0.0,0.0,0.0,0.0,,,,
1789709235.7,,,,,,,,,,,0.0,0.0,0.0,0.0,,,,
1789709238.2,,,,,,,,,,,0.0,0.0,0.0,0.0,,,,
1789709240.7,,,,,,,,,,,0.0,0.0,0.0,0.0,,,,
1789709243.2,,,,,,,,,,,0.0,0.0,0.0,0.0,,,,
1789709245.6,,,,,,,,,,,0.0,0.0,0.0,0.0,,,,
1789709248.1,,,,,,,,,,,0.0,0.0,0.0,0.0,,,,
1789709250.6,,,,,,,,,,,0.0,0.0,0.0,0.0,,,,
1789709253.0,,,,,,,,,,,0.0,0.0,0.0,0.0,,,,
1789709255.5,,,,,,,,,,,0.0,0.0,0.0,0.0,,,,
1789709257.9,,,,,,,,,,,0.0,0.0,0.0,0.0,,,,
1789709260.4,,,,,,,,,,,0.0,0.0,0.0,0.0,,,,
1789709262.9,,,,,,,,,,,0.0,0.0,0.0,0.0,,,,
1789709265.3,,,,,,,,,,,0.0,0.0,0.0,0.0,,,,
1789709267.8,,,,,,,,,,,0.0,0.0,0.0,0.0,,,,
1789709270.3,,,,,,,,,,,0.0,0.0,0.0,0.0,,,,
1789709272.7,,,,,,,,,,,0.0,0.0,0.0,0.0,,,,
1789709275.2,,,,,,,,,,,0.0,0.0,0.0,0.0,,,,
1789709277.7,,,,,,,,,,,0.0,0.0,0.0,0.0,,,,
1789709280.2,,,,,,,,,,,0.0,0.0,0.0,0.0,,,,
1789709282.7,,,,,,,,,,,0.0,0.0,0.0,0.0,,,,
1789709285.1,,,,,,,,,,,0.0,0.0,0.0,0.0,,,,
1789709287.6,,,,,,,,,,,0.0,0.0,0.0,0.0,,,,
1789709290.0,,,,,,,,,,,0.0,0.0,0.0,0.0,,,,
1789709292.5,,,,,,,,,,,0.0,0.0,0.0,0.0,,,,
1789709295.0,,,,,,,,,,,0.0,0.0,0.0,0.0,,,,
1789709297.4,,,,,,,,,,,0.0,0.0,0.0,0.0,,,,
1789709299.9,,,,,,,,,,,0.0,0.0,0.0,0.0,,,,
1789709302.4,,,,,,,,,,,0.0,0.0,0.0,0.0,,,,
1789709304.8,,,,,,,,,,,0.0,0.0,0.0,0.0,,,,
1789709307.3,,,,,,,,,,,0.0,0.0,0.0,0.0,,,,
1789709309.8,,,,,,,,,,,0.0,0.0,0.0,0.0,,,,
1789709312.2,,,,,,,,,,,0.0,0.0,0.0,0.0,,,,
1789709314.7,,,,,,,,,,,0.0,0.0,0.0,0.0,,,,
1789709317.2,,,,,,,,,,,0.0,0.0,0.0,0.0,,,,
1789709319.7,,,,,,,,,,,0.0,0.0,0.0,0.0,,,,
1789709322.1,,,,,,,,,,,0.0,0.0,0.0,0.0,,,,
1789709324.6,,,,,,,,,,,0.0,0.0,0.0,0.0,,,,
1789709327.2,,,,,,,,,,,0.0,0.0,0.0,0.0,,,,
1789709329.6,,,,,,,,,,,0.0,0.0,0.0,0.0,,,,
1789709332.1,,,,,,,,,,,0.0,0.0,0.0,0.0,,,,
1789709334.6,,,,,,,,,,,0.0,0.0,0.0,0.0,,,,
1789709337.0,,,,,,,,,,,0.0,0.0,0.0,0.0,,,,
1789709339.5,,,,,,,,,,,0.0,0.0,0.0,0.0,,,,
1789709342.0,,,,,,,,,,,0.0,0.0,0.0,0.0,,,,
1789709344.4,,,,,,,,,,,0.0,0.0,0.0,0.0,,,,
1789709346.9,,,,,,,,,,,0.0,0.0,0.0,0.0,,,,
1789709349.3,,,,,,,,,,,0.0,0.0,0.0,0.0,,,,
1789709351.8,,,,,,,,,,,0.0,0.0,0.0,0.0,,,,
1789709354.3,,,,,,,,,,,0.0,0.0,0.0,0.0,,,,
1789709356.8,,,,,,,,,,,0.0,0.0,0.0,0.0,,,,
1789709359.2,,,,,,,,,,,0.0,0.0,0.0,0.0,,,,
1789709361.7,,,,,,,,,,,0.0,0.0,0.0,0.0,,,,
1789709364.2,,,,,,,,,,,0.0,0.0,0.0,0.0,,,,
1789709366.7,,,,,,,,,,,0.0,0.0,0.0,0.0,,,,
1789709369.1,,,,,,,,,,,0.0,0.0,0.0,0.0,,,,
1789709371.6,,,,,,,,,,,0.0,0.0,0.0,0.0,,,,
1789709374.2,,,,,,,,,,,0.0,0.0,0.0,0.0,,,,
1789709376.6,,,,,,,,,,,0.0,0.0,0.0,0.0,,,,
1789709379.1,,,,,,,,,,,0.0,0.0,0.0,0.0,,,,
1789709381.6,,,,,,,,,,,0.0,0.0,0.0,0.0,,,,
1789709384.1,,,,,,,,,,,0.0,0.0,0.0,0.0,,,,
1789709386.6,,,,,,,,,,,0.0,0.0,0.0,0.0,,,,
1789709389.1,,,,,,,,,,,0.0,0.0,0.0,0.0,,,,
1789709391.6,,,,,,,,,,,0.0,0.0,0.0,0.0,,,,
1789709394.0,,,,,,,,,,,0.0,0.0,0.0,0.0,,,,
1789709396.5,,,,,,,,,,,0.0,0.0,0.0,0.0,,,,
1789709399.0,,,,,,,,,,,0.0,0.0,0.0,0.0,,,,
1789709401.5,,,,,,,,,,,0.0,0.0,0.0,0.0,,,,
1789709404.0,,,,,,,,,,,0.0,0.0,0.0,0.0,,,,
1789709406.5,,,,,,,,,,,0.0,0.0,0.0,0.0,,,,
1789709408.9,,,,,,,,,,,0.0,0.0,0.0,0.0,,,,
1789709411.4,,,,,,,,,,,0.0,0.0,0.0,0.0,,,,
1789709413.9,,,,,,,,,,,0.0,0.0,0.0,0.0,,,,
1789709416.4,,,,,,,,,,,0.0,0.0,0.0,0.0,,,,
1789709418.9,,,,,,,,,,,0.0,0.0,0.0,0.0,,,,
1789709421.3,,,,,,,,,,,0.0,0.0,0.0,0.0,,,,
1789709423.8,,,,,,,,,,,0.0,0.0,0.0,0.0,,,,
1789709426.3,,,,,,,,,,,0.0,0.0,0.0,0.0,,,,
1789709428.7,,,,,,,,,,,0.0,0.0,0.0,0.0,,,,
1789709431.2,,,,,,,,,,,0.0,0.0,0.0,0.0,,,,
1789709433.7,,,,,,,,,,,0.0,0.0,0.0,0.0,,,,
1789709436.1,,,,,,,,,,,0.0,0.0,0.0,0.0,,,,
1789709438.6,,,,,,,,,,,0.0,0.0,0.0,0.0,,,,
1789709441.2,,,,,,,,,,,0.0,0.0,0.0,0.0,,,,
1789709443.7,,,,,,,,,,,0.0,0.0,0.0,0.0,,,,
1789709446.1,,,,,,,,,,,0.0,0.0,0.0,0.0,,,,
1789709448.6,,,,,,,,,,,0.0,0.0,0.0,0.0,,,,
1789709451.0,,,,,,,,,,,0.0,0.0,0.0,0.0,,,,
1789709453.5,,,,,,,,,,,0.0,0.0,0.0,0.0,,,,
1789709456.0,,,,,,,,,,,0.0,0.0,0.0,0.0,,,,
1789709458.5,,,,,,,,,,,0.0,0.0,0.0,0.0,,,,
1789709461.0,,,,,,,,,,,0.0,0.0,0.0,0.0,,,,
1789709463.4,,,,,,,,,,,0.0,0.0,0.0,0.0,,,,
1789709466.0,,,,,,,,,,,0.0,0.0,0.0,0.0,,,,
1789709468.4,,,,,,,,,,,0.0,0.0,0.0,0.0,,,,
1789709470.9,,,,,,,,,,,0.0,0.0,0.0,0.0,,,,
1789709473.4,,,,,,,,,,,0.0,0.0,0.0,0.0,,,,
1789709475.8,,,,,,,,,,,0.0,0.0,0.0,0.0,,,,
1789709478.3,,,,,,,,,,,0.0,0.0,0.0,0.0,,,,
1789709480.7,,,,,,,,,,,0.0,0.0,0.0,0.0,,,,
1789709483.2,,,,,,,,,,,0.0,0.0,0.0,0.0,,,,
1789709485.7,,,,,,,,,,,0.0,0.0,0.0,0.0,,,,
1789709488.1,,,,,,,,,,,0.0,0.0,0.0,0.0,,,,
1789709490.6,,,,,,,,,,,0.0,0.0,0.0,0.0,,,,
1789709493.1,,,,,,,,,,,0.0,0.0,0.0,0.0,,,,
1789709495.5,,,,,,,,,,,0.0,0.0,0.0,0.0,,,,
1789709498.0,,,,,,,,,,,0.0,0.0,0.0,0.0,,,,
1789709500.5,,,,,,,,,,,0.0,0.0,0.0,0.0,,,,
1789709503.0,,,,,,,,,,,0.0,0.0,0.0,0.0,,,,
1789709505.4,,,,,,,,,,,0.0,0.0,0.0,0.0,,,,
1789709507.9,,,,,,,,,,,0.0,0.0,0.0,0.0,,,,
1789709510.4,,,,,,,,,,,0.0,0.0,0.0,0.0,,,,
1789709512.8,,,,,,,,,,,0.0,0.0,0.0,0.0,,,,
1789709515.3,,,,,,,,,,,0.0,0.0,0.0,0.0,,,,
1789709517.8,,,,,,,,,,,0.0,0.0,0.0,0.0,,,,
1789709520.2,,,,,,,,,,,0.0,0.0,0.0,0.0,,,,
1789709522.7,,,,,,,,,,,0.0,0.0,0.0,0.0,,,,
1789709525.1,,,,,,,,,,,0.0,0.0,0.0,0.0,,,,
1789709527.6,,,,,,,,,,,0.0,0.0,0.0,0.0,,,,
1789709530.1,,,,,,,,,,,0.0,0.0,0.0,0.0,,,,
1789709532.6,,,,,,,,,,,0.0,0.0,0.0,0.0,,,,
1789709535.0,,,,,,,,,,,0.0,0.0,0.0,0.0,,,,
1789709537.5,,,,,,,,,,,0.0,0.0,0.0,0.0,,,,
1789709540.0,,,,,,,,,,,0.0,0.0,0.0,0.0,,,,
1789709542.4,,,,,,,,,,,0.0,0.0,0.0,0.0,,,,
1789709544.9,,,,,,,,,,,0.0,0.0,0.0,0.0,,,,
1789709547.4,,,,,,,,,,,0.0,0.0,0.0,0.0,,,,
1789709549.8,,,,,,,,,,,0.0,0.0,0.0,0.0,,,,
1789709552.3,,,,,,,,,,,0.0,0.0,0.0,0.0,,,,
1789709554.8,,,,,,,,,,,0.0,0.0,0.0,0.0,,,,
1789709557.2,,,,,,,,,,,0.0,0.0,0.0,0.0,,,,
1789709559.7,,,,,,,,,,,0.0,0.0,0.0,0.0,,,,
1789709562.2,,,,,,,,,,,0.0,0.0,0.0,0.0,,,,
1789709564.7,,,,,,,,,,,0.0,0.0,0.0,0.0,,,,
1789709567.2,,,,,,,,,,,0.0,0.0,0.0,0.0,,,,
1789709569.6,,,,,,,,,,,0.0,0.0,0.0,0.0,,,,
1789709572.1,,,,,,,,,,,0.0,0.0,0.0,0.0,,,,
1789709574.6,,,,,,,,,,,0.0,0.0,0.0,0.0,,,,
1789709577.0,,,,,,,,,,,0.0,0.0,0.0,0.0,,,,
1789709579.5,,,,,,,,,,,0.0,0.0,0.0,0.0,,,,
1789709582.0,,,,,,,,,,,0.0,0.0,0.0,0.0,,,,
1789709584.5,,,,,,,,,,,0.0,0.0,0.0,0.0,,,,
1789709587.0,,,,,,,,,,,0.0,0.0,0.0,0.0,,,,
1789709589.4,,,,,,,,,,,0.0,0.0,0.0,0.0,,,,
1789709591.9,,,,,,,,,,,0.0,0.0,0.0,0.0,,,,
1789709594.4,,,,,,,,,,,0.0,0.0,0.0,0.0,,,,
1789709596.9,,,,,,,,,,,0.0,0.0,0.0,0.0,,,,
1789709599.4,,,,,,,,,,,0.0,0.0,0.0,0.0,,,,
1789709601.8,,,,,,,,,,,0.0,0.0,0.0,0.0,,,,
1789709604.3,,,,,,,,,,,0.0,0.0,0.0,0.0,,,,
1789709606.8,,,,,,,,,,,0.0,0.0,0.0,0.0,,,,
1789709609.3,,,,,,,,,,,0.0,0.0,0.0,0.0,,,,
1789709611.8,,,,,,,,,,,0.0,0.0,0.0,0.0,,,,
1789709614.2,,,,,,,,,,,0.0,0.0,0.0,0.0,,,,
1789709616.7,,,,,,,,,,,0.0,0.0,0.0,0.0,,,,
1789709619.2,,,,,,,,,,,0.0,0.0,0.0,0.0,,,,
1789709621.7,,,,,,,,,,,0.0,0.0,0.0,0.0,,,,
1789709624.2,,,,,,,,,,,0.0,0.0,0.0,0.0,,,,
1789709626.7,,,,,,,,,,,0.0,0.0,0.0,0.0,,,,
1789709629.1,,,,,,,,,,,0.0,0.0,0.0,0.0,,,,
1789709631.6,,,,,,,,,,,0.0,0.0,0.0,0.0,,,,
1789709634.1,,,,,,,,,,,0.0,0.0,0.0,0.0,,,,
1789709636.7,,,,,,,,,,,0.0,0.0,0.0,0.0,,,,
1789709639.2,,,,,,,,,,,0.0,0.0,0.0,0.0,,,,
1789709641.7,,,,,,,,,,,0.0,0.0,0.0,0.0,,,,
1789709644.3,,,,,,,,,,,0.0,0.0,0.0,0.0,,,,
1789709646.8,,,,,,,,,,,0.0,0.0,0.0,0.0,,,,
1789709649.3,,,,,,,,,,,0.0,0.0,0.0,0.0,,,,
1789709651.8,,,,,,,,,,,0.0,0.0,0.0,0.0,,,,
1789709654.3,,,,,,,,,,,0.0,0.0,0.0,0.0,,,,
1789709656.8,,,,,,,,,,,0.0,0.0,0.0,0.0,,,,
1789709659.3,,,,,,,,,,,0.0,0.0,0.0,0.0,,,,
1789709661.8,,,,,,,,,,,0.0,0.0,0.0,0.0,,,,
1789709664.3,,,,,,,,,,,0.0,0.0,0.0,0.0,,,,
1789709666.8,,,,,,,,,,,0.0,0.0,0.0,0.0,,,,
1789709669.3,,,,,,,,,,,0.0,0.0,0.0,0.0,,,,
1789709671.8,,,,,,,,,,,0.0,0.0,0.0,0.0,,,,
1789709674.3,,,,,,,,,,,0.0,0.0,0.0,0.0,,,,
1789709676.8,,,,,,,,,,,0.0,0.0,0.0,0.0,,,,
1789709679.3,,,,,,,,,,,0.0,0.0,0.0,0.0,,,,
1789709681.8,,,,,,,,,,,0.0,0.0,0.0,0.0,,,,
1789709684.3,,,,,,,,,,,0.0,0.0,0.0,0.0,,,,
1789709686.8,,,,,,,,,,,0.0,0.0,0.0,0.0,,,,
1789709689.4,,,,,,,,,,,0.0,0.0,0.0,0.0,,,,
1789709691.9,,,,,,,,,,,0.0,0.0,0.0,0.0,,,,
1789709694.4,,,,,,,,,,,0.0,0.0,0.0,0.0,,,,
1789709696.9,,,,,,,,,,,0.0,0.0,0.0,0.0,,,,
1789709699.4,,,,,,,,,,,0.0,0.0,0.0,0.0,,,,
1789709701.9,,,,,,,,,,,0.0,0.0,0.0,0.0,,,,
1789709704.4,,,,,,,,,,,0.0,0.0,0.0,0.0,,,,
1789709706.9,,,,,,,,,,,0.0,0.0,0.0,0.0,,,,
1789709709.4,,,,,,,,,,,0.0,0.0,0.0,0.0,,,,
1789709711.9,,,,,,,,,,,0.0,0.0,0.0,0.0,,,,
1789709714.4,,,,,,,,,,,0.0,0.0,0.0,0.0,,,,
1789709716.9,,,,,,,,,,,0.0,0.0,0.0,0.0,,,,
1789709719.4,,,,,,,,,,,0.0,0.0,0.0,0.0,,,,
1789709722.0,,,,,,,,,,,0.0,0.0,0.0,0.0,,,,
1789709724.5,,,,,,,,,,,0.0,0.0,0.0,0.0,,,,
1789709727.0,,,,,,,,,,,0.0,0.0,0.0,0.0,,,,
1789709729.6,,,,,,,,,,,0.0,0.0,0.0,0.0,,,,
1789709732.1,,,,,,,,,,,0.0,0.0,0.0,0.0,,,,
1789709734.6,,,,,,,,,,,0.0,0.0,0.0,0.0,,,,
1789709737.1,,,,,,,,,,,0.0,0.0,0.0,0.0,,,,
1789709739.6,,,,,,,,,,,0.0,0.0,0.0,0.0,,,,
1789709742.0,,,,,,,,,,,0.0,0.0,0.0,0.0,,,,
1789709744.5,,,,,,,,,,,0.0,0.0,0.0,0.0,,,,
1789709747.1,,,,,,,,,,,0.0,0.0,0.0,0.0,,,,
1789709749.6,,,,,,,,,,,0.0,0.0,0.0,0.0,,,,
1789709752.1,,,,,,,,,,,0.0,0.0,0.0,0.0,,,,
1789709754.6,,,,,,,,,,,0.0,0.0,0.0,0.0,,,,
1789709757.1,,,,,,,,,,,0.0,0.0,0.0,0.0,,,,
1789709759.6,,,,,,,,,,,0.0,0.0,0.0,0.0,,,,
1789709762.1,,,,,,,,,,,0.0,0.0,0.0,0.0,,,,
1789709764.6,,,,,,,,,,,0.0,0.0,0.0,0.0,,,,
1789709767.1,,,,,,,,,,,0.0,0.0,0.0,0.0,,,,
1789709769.6,,,,,,,,,,,0.0,0.0,0.0,0.0,,,,
1789709772.1,,,,,,,,,,,0.0,0.0,0.0,0.0,,,,
1789709774.6,,,,,,,,,,,0.0,0.0,0.0,0.0,,,,
1789709777.1,,,,,,,,,,,0.0,0.0,0.0,0.0,,,,
1789709779.6,,,,,,,,,,,0.0,0.0,0.0,0.0,,,,
1789709782.1,,,,,,,,,,,0.0,0.0,0.0,0.0,,,,
1789709784.6,,,,,,,,,,,0.0,0.0,0.0,0.0,,,,
1789709787.1,,,,,,,,,,,0.0,0.0,0.0,0.0,,,,
1789709789.6,,,,,,,,,,,0.0,0.0,0.0,0.0,,,,
1789709792.1,,,,,,,,,,,0.0,0.0,0.0,0.0,,,,
1789709794.7,,,,,,,,,,,0.0,0.0,0.0,0.0,,,,
1789709797.2,,,,,,,,,,,0.0,0.0,0.0,0.0,,,,
1789709799.8,,,,,,,,,,,0.0,0.0,0.0,0.0,,,,
1789709802.3,,,,,,,,,,,0.0,0.0,0.0,0.0,,,,
1789709804.9,,,,,,,,,,,0.0,0.0,0.0,0.0,,,,
1789709807.4,,,,,,,,,,,0.0,0.0,0.0,0.0,,,,
1789709809.9,,,,,,,,,,,0.0,0.0,0.0,0.0,,,,
1789709812.4,,,,,,,,,,,0.0,0.0,0.0,0.0,,,,
1789709815.0,,,,,,,,,,,0.0,0.0,0.0,0.0,,,,
1789709817.5,,,,,,,,,,,0.0,0.0,0.0,0.0,,,,
1789709820.0,,,,,,,,,,,0.0,0.0,0.0,0.0,,,,
1789709822.5,,,,,,,,,,,0.0,0.0,0.0,0.0,,,,
1789709825.0,,,,,,,,,,,0.0,0.0,0.0,0.0,,,,
1789709827.6,,,,,,,,,,,0.0,0.0,0.0,0.0,,,,
1789709830.1,,,,,,,,,,,0.0,0.0,0.0,0.0,,,,
1789709832.6,,,,,,,,,,,0.0,0.0,0.0,0.0,,,,
1789709835.1,,,,,,,,,,,0.0,0.0,0.0,0.0,,,,
1789709837.6,,,,,,,,,,,0.0,0.0,0.0,0.0,,,,
1789709840.2,,,,,,,,,,,0.0,0.0,0.0,0.0,,,,
1789709842.7,,,,,,,,,,,0.0,0.0,0.0,0.0,,,,
1789709845.2,,,,,,,,,,,0.0,0.0,0.0,0.0,,,,
1789709847.7,,,,,,,,,,,0.0,0.0,0.0,0.0,,,,
1789709850.4,,,,,,,,,,,0.0,0.0,0.0,0.0,,,,
1789709852.9,,,,,,,,,,,0.0,0.0,0.0,0.0,,,,
1789709855.5,,,,,,,,,,,0.0,0.0,0.0,0.0,,,,
1789709858.0,,,,,,,,,,,0.0,0.0,0.0,0.0,,,,
1789709860.5,,,,,,,,,,,0.0,0.0,0.0,0.0,,,,
1789709863.0,,,,,,,,,,,0.0,0.0,0.0,0.0,,,,
1789709865.6,,,,,,,,,,,0.0,0.0,0.0,0.0,,,,
1789709868.1,,,,,,,,,,,0.0,0.0,0.0,0.0,,,,
1789709870.6,,,,,,,,,,,0.0,0.0,0.0,0.0,,,,
1789709873.1,,,,,,,,,,,0.0,0.0,0.0,0.0,,,,
1789709875.7,,,,,,,,,,,0.0,0.0,0.0,0.0,,,,
1789709878.2,,,,,,,,,,,0.0,0.0,0.0,0.0,,,,
1789709880.8,,,,,,,,,,,0.0,0.0,0.0,0.0,,,,
1789709883.3,,,,,,,,,,,0.0,0.0,0.0,0.0,,,,
1789709885.8,,,,,,,,,,,0.0,0.0,0.0,0.0,,,,
1789709888.4,,,,,,,,,,,0.0,0.0,0.0,0.0,,,,
1789709890.9,,,,,,,,,,,0.0,0.0,0.0,0.0,,,,
1789709893.4,,,,,,,,,,,0.0,0.0,0.0,0.0,,,,
1789709895.9,,,,,,,,,,,0.0,0.0,0.0,0.0,,,,
1789709898.4,,,,,,,,,,,0.0,0.0,0.0,0.0,,,,
1789709901.0,,,,,,,,,,,0.0,0.0,0.0,0.0,,,,
1789709903.5,,,,,,,,,,,0.0,0.0,0.0,0.0,,,,
1789709906.0,,,,,,,,,,,0.0,0.0,0.0,0.0,,,,
1789709908.5,,,,,,,,,,,0.0,0.0,0.0,0.0,,,,
1789709911.1,,,,,,,,,,,0.0,0.0,0.0,0.0,,,,
1789709913.6,,,,,,,,,,,0.0,0.0,0.0,0.0,,,,
1789709916.1,,,,,,,,,,,0.0,0.0,0.0,0.0,,,,
1789709918.8,,,,,,,,,,,0.0,0.0,0.0,0.0,,,,
1789709921.3,,,,,,,,,,,0.0,0.0,0.0,0.0,,,,
1789709923.9,,,,,,,,,,,0.0,0.0,0.0,0.0,,,,
1789709926.4,,,,,,,,,,,0.0,0.0,0.0,0.0,,,,
1789709929.0,,,,,,,,,,,0.0,0.0,0.0,0.0,,,,
1789709931.5,,,,,,,,,,,0.0,0.0,0.0,0.0,,,,
1789709934.1,,,,,,,,,,,0.0,0.0,0.0,0.0,,,,
1789709936.6,,,,,,,,,,,0.0,0.0,0.0,0.0,,,,
1789709939.2,,,,,,,,,,,0.0,0.0,0.0,0.0,,,,
1789709941.8,,,,,,,,,,,0.0,0.0,0.0,0.0,,,,
1789709944.3,,,,,,,,,,,0.0,0.0,0.0,0.0,,,,
1789709946.9,,,,,,,,,,,0.0,0.0,0.0,0.0,,,,
1789709949.5,,,,,,,,,,,0.0,0.0,0.0,0.0,,,,
1789709952.1,,,,,,,,,,,0.0,0.0,0.0,0.0,,,,
1789709954.7,,,,,,,,,,,0.0,0.0,0.0,0.0,,,,
1789709957.2,,,,,,,,,,,0.0,0.0,0.0,0.0,,,,
1789709959.7,,,,,,,,,,,0.0,0.0,0.0,0.0,,,,
1789709962.3,,,,,,,,,,,0.0,0.0,0.0,0.0,,,,
1789709964.8,,,,,,,,,,,0.0,0.0,0.0,0.0,,,,
1789709967.3,,,,,,,,,,,0.0,0.0,0.0,0.0,,,,
1789709969.9,,,,,,,,,,,0.0,0.0,0.0,0.0,,,,
1789709972.4,,,,,,,,,,,0.0,0.0,0.0,0.0,,,,
1789709974.9,,,,,,,,,,,0.0,0.0,0.0,0.0,,,,
1789709977.5,,,,,,,,,,,0.0,0.0,0.0,0.0,,,,
1789709980.0,,,,,,,,,,,0.0,0.0,0.0,0.0,,,,
1789709982.6,,,,,,,,,,,0.0,0.0,0.0,0.0,,,,
1789709985.1,,,,,,,,,,,0.0,0.0,0.0,0.0,,,,
1789709987.6,,,,,,,,,,,0.0,0.0,0.0,0.0,,,,
1789709990.2,,,,,,,,,,,0.0,0.0,0.0,0.0,,,,
1789709992.7,,,,,,,,,,,0.0,0.0,0.0,0.0,,,,
1789709995.2,,,,,,,,,,,0.0,0.0,0.0,0.0,,,,
1789709997.8,,,,,,,,,,,0.0,0.0,0.0,0.0,,,,
1789710000.3,,,,,,,,,,,0.0,0.0,0.0,0.0,,,,
1789710002.8,,,,,,,,,,,0.0,0.0,0.0,0.0,,,,
1789710005.4,,,,,,,,,,,0.0,0.0,0.0,0.0,,,,
1789710007.9,,,,,,,,,,,0.0,0.0,0.0,0.0,,,,
1789710010.6,,,,,,,,,,,0.0,0.0,0.0,0.0,,,,
1789710013.1,,,,,,,,,,,0.0,0.0,0.0,0.0,,,,
1789710015.6,,,,,,,,,,,0.0,0.0,0.0,0.0,,,,
1789710018.2,,,,,,,,,,,0.0,0.0,0.0,0.0,,,,
1789710020.7,,,,,,,,,,,0.0,0.0,0.0,0.0,,,,
1789710023.2,,,,,,,,,,,0.0,0.0,0.0,0.0,,,,
1789710025.8,,,,,,,,,,,0.0,0.0,0.0,0.0,,,,
1789710028.3,,,,,,,,,,,0.0,0.0,0.0,0.0,,,,
1789710030.9,,,,,,,,,,,0.0,0.0,0.0,0.0,,,,
1789710033.4,,,,,,,,,,,0.0,0.0,0.0,0.0,,,,
1789710035.9,,,,,,,,,,,0.0,0.0,0.0,0.0,,,,
1789710038.5,,,,,,,,,,,0.0,0.0,0.0,0.0,,,,
1789710041.0,,,,,,,,,,,0.0,0.0,0.0,0.0,,,,
1789710043.6,,,,,,,,,,,0.0,0.0,0.0,0.0,,,,
1789710046.1,,,,,,,,,,,0.0,0.0,0.0,0.0,,,,
1789710048.7,,,,,,,,,,,0.0,0.0,0.0,0.0,,,,
1789710051.2,,,,,,,,,,,0.0,0.0,0.0,0.0,,,,
1789710053.7,,,,,,,,,,,0.0,0.0,0.0,0.0,,,,
1789710056.3,,,,,,,,,,,0.0,0.0,0.0,0.0,,,,
1789710058.8,,,,,,,,,,,0.0,0.0,0.0,0.0,,,,
1789710061.4,,,,,,,,,,,0.0,0.0,0.0,0.0,,,,
1789710063.9,,,,,,,,,,,0.0,0.0,0.0,0.0,,,,
1789710066.5,,,,,,,,,,,0.0,0.0,0.0,0.0,,,,
1789710069.0,,,,,,,,,,,0.0,0.0,0.0,0.0,,,,
1789710071.5,,,,,,,,,,,0.0,0.0,0.0,0.0,,,,
1789710074.1,,,,,,,,,,,0.0,0.0,0.0,0.0,,,,
1789710076.6,,,,,,,,,,,0.0,0.0,0.0,0.0,,,,
1789710079.1,,,,,,,,,,,0.0,0.0,0.0,0.0,,,,
1789710081.7,,,,,,,,,,,0.0,0.0,0.0,0.0,,,,
1789710084.2,,,,,,,,,,,0.0,0.0,0.0,0.0,,,,
1789710086.7,,,,,,,,,,,0.0,0.0,0.0,0.0,,,,
1789710089.2,,,,,,,,,,,0.0,0.0,0.0,0.0,,,,
1789710091.8,,,,,,,,,,,0.0,0.0,0.0,0.0,,,,
1789710094.4,,,,,,,,,,,0.0,0.0,0.0,0.0,,,,
1789710096.9,,,,,,,,,,,0.0,0.0,0.0,0.0,,,,
1789710099.4,,,,,,,,,,,0.0,0.0,0.0,0.0,,,,
1789710102.0,,,,,,,,,,,0.0,0.0,0.0,0.0,,,,
1789710104.5,,,,,,,,,,,0.0,0.0,0.0,0.0,,,,
1789710107.0,,,,,,,,,,,0.0,0.0,0.0,0.0,,,,
1789710109.6,,,,,,,,,,,0.0,0.0,0.0,0.0,,,,
1789710112.1,,,,,,,,,,,0.0,0.0,0.0,0.0,,,,
1789710114.6,,,,,,,,,,,0.0,0.0,0.0,0.0,,,,
1789710117.2,,,,,,,,,,,0.0,0.0,0.0,0.0,,,,
1789710119.7,,,,,,,,,,,0.0,0.0,0.0,0.0,,,,
1789710122.2,,,,,,,,,,,0.0,0.0,0.0,0.0,,,,
1789710124.7,,,,,,,,,,,0.0,0.0,0.0,0.0,,,,
1789710127.3,,,,,,,,,,,0.0,0.0,0.0,0.0,,,,
1789710129.8,,,,,,,,,,,0.0,0.0,0.0,0.0,,,,
1789710132.3,,,,,,,,,,,0.0,0.0,0.0,0.0,,,,
1789710134.9,,,,,,,,,,,0.0,0.0,0.0,0.0,,,,
1789710137.5,,,,,,,,,,,0.0,0.0,0.0,0.0,,,,
1789710140.0,,,,,,,,,,,0.0,0.0,0.0,0.0,,,,
1789710142.5,,,,,,,,,,,0.0,0.0,0.0,0.0,,,,
1789710145.1,,,,,,,,,,,0.0,0.0,0.0,0.0,,,,
1789710147.6,,,,,,,,,,,0.0,0.0,0.0,0.0,,,,
1789710150.1,,,,,,,,,,,0.0,0.0,0.0,0.0,,,,
1789710152.7,,,,,,,,,,,0.0,0.0,0.0,0.0,,,,
1789710155.2,,,,,,,,,,,0.0,0.0,0.0,0.0,,,,
1789710157.7,,,,,,,,,,,0.0,0.0,0.0,0.0,,,,
1789710160.3,,,,,,,,,,,0.0,0.0,0.0,0.0,,,,
1789710162.9,,,,,,,,,,,0.0,0.0,0.0,0.0,,,,
1789710165.4,,,,,,,,,,,0.0,0.0,0.0,0.0,,,,
1789710168.0,,,,,,,,,,,0.0,0.0,0.0,0.0,,,,
1789710170.5,,,,,,,,,,,0.0,0.0,0.0,0.0,,,,
1789710173.0,,,,,,,,,,,0.0,0.0,0.0,0.0,,,,
1789710175.6,,,,,,,,,,,0.0,0.0,0.0,0.0,,,,
1789710178.1,,,,,,,,,,,0.0,0.0,0.0,0.0,,,,
1789710180.7,,,,,,,,,,,0.0,0.0,0.0,0.0,,,,
1789710183.2,,,,,,,,,,,0.0,0.0,0.0,0.0,,,,
1789710185.7,,,,,,,,,,,0.0,0.0,0.0,0.0,,,,
1789710188.3,,,,,,,,,,,0.0,0.0,0.0,0.0,,,,
1789710190.9,,,,,,,,,,,0.0,0.0,0.0,0.0,,,,
1789710193.4,,,,,,,,,,,0.0,0.0,0.0,0.0,,,,
1789710196.0,,,,,,,,,,,0.0,0.0,0.0,0.0,,,,
1789710198.5,,,,,,,,,,,0.0,0.0,0.0,0.0,,,,
1789710201.1,,,,,,,,,,,0.0,0.0,0.0,0.0,,,,
1789710203.6,,,,,,,,,,,0.0,0.0,0.0,0.0,,,,
1789710206.2,,,,,,,,,,,0.0,0.0,0.0,0.0,,,,
1789710208.7,,,,,,,,,,,0.0,0.0,0.0,0.0,,,,
1789710211.3,,,,,,,,,,,0.0,0.0,0.0,0.0,,,,
1789710213.8,,,,,,,,,,,0.0,0.0,0.0,0.0,,,,
1789710216.4,,,,,,,,,,,0.0,0.0,0.0,0.0,,,,
1789710218.9,,,,,,,,,,,0.0,0.0,0.0,0.0,,,,
1789710221.5,,,,,,,,,,,0.0,0.0,0.0,0.0,,,,
1789710224.0,,,,,,,,,,,0.0,0.0,0.0,0.0,,,,
1789710226.6,,,,,,,,,,,0.0,0.0,0.0,0.0,,,,
1789710229.1,,,,,,,,,,,0.0,0.0,0.0,0.0,,,,
1789710231.7,,,,,,,,,,,0.0,0.0,0.0,0.0,,,,
1789710234.2,,,,,,,,,,,0.0,0.0,0.0,0.0,,,,
1789710236.8,,,,,,,,,,,0.0,0.0,0.0,0.0,,,,
1789710239.4,,,,,,,,,,,0.0,0.0,0.0,0.0,,,,
1789710241.9,,,,,,,,,,,0.0,0.0,0.0,0.0,,,,
1789710244.5,,,,,,,,,,,0.0,0.0,0.0,0.0,,,,
1789710247.1,,,,,,,,,,,0.0,0.0,0.0,0.0,,,,
1789710249.6,,,,,,,,,,,0.0,0.0,0.0,0.0,,,,
1789710252.2,,,,,,,,,,,0.0,0.0,0.0,0.0,,,,
1789710254.7,,,,,,,,,,,0.0,0.0,0.0,0.0,,,,
1789710257.3,,,,,,,,,,,0.0,0.0,0.0,0.0,,,,
1789710259.9,,,,,,,,,,,0.0,0.0,0.0,0.0,,,,
1789710262.4,,,,,,,,,,,0.0,0.0,0.0,0.0,,,,
1789710265.0,,,,,,,,,,,0.0,0.0,0.0,0.0,,,,
1789710267.5,,,,,,,,,,,0.0,0.0,0.0,0.0,,,,
1789710270.1,,,,,,,,,,,0.0,0.0,0.0,0.0,,,,
1789710272.6,,,,,,,,,,,0.0,0.0,0.0,0.0,,,,
1789710275.2,,,,,,,,,,,0.0,0.0,0.0,0.0,,,,
1789710277.7,,,,,,,,,,,0.0,0.0,0.0,0.0,,,,
1789710280.3,,,,,,,,,,,0.0,0.0,0.0,0.0,,,,
1789710282.9,,,,,,,,,,,0.0,0.0,0.0,0.0,,,,
1789710285.5,,,,,,,,,,,0.0,0.0,0.0,0.0,,,,
1789710288.0,,,,,,,,,,,0.0,0.0,0.0,0.0,,,,
1789710290.6,,,,,,,,,,,0.0,0.0,0.0,0.0,,,,
1789710293.1,,,,,,,,,,,0.0,0.0,0.0,0.0,,,,
1789710295.7,,,,,,,,,,,0.0,0.0,0.0,0.0,,,,
1789710298.2,,,,,,,,,,,0.0,0.0,0.0,0.0,,,,
1789710300.8,,,,,,,,,,,0.0,0.0,0.0,0.0,,,,
1789710303.3,,,,,,,,,,,0.0,0.0,0.0,0.0,,,,
1789710305.9,,,,,,,,,,,0.0,0.0,0.0,0.0,,,,
1789710308.5,,,,,,,,,,,0.0,0.0,0.0,0.0,,,,
1789710311.0,,,,,,,,,,,0.0,0.0,0.0,0.0,,,,
1789710313.6,,,,,,,,,,,0.0,0.0,0.0,0.0,,,,
1789710316.1,,,,,,,,,,,0.0,0.0,0.0,0.0,,,,
1789710318.7,,,,,,,,,,,0.0,0.0,0.0,0.0,,,,
1789710321.3,,,,,,,,,,,0.0,0.0,0.0,0.0,,,,
1789710323.9,,,,,,,,,,,0.0,0.0,0.0,0.0,,,,
1789710326.4,,,,,,,,,,,0.0,0.0,0.0,0.0,,,,
1789710329.0,,,,,,,,,,,0.0,0.0,0.0,0.0,,,,
1789710331.6,,,,,,,,,,,0.0,0.0,0.0,0.0,,,,
1789710334.1,,,,,,,,,,,0.0,0.0,0.0,0.0,,,,
1789710336.7,,,,,,,,,,,0.0,0.0,0.0,0.0,,,,
1789710339.2,,,,,,,,,,,0.0,0.0,0.0,0.0,,,,
1789710341.8,,,,,,,,,,,0.0,0.0,0.0,0.0,,,,
1789710344.3,,,,,,,,,,,0.0,0.0,0.0,0.0,,,,
1789710346.9,,,,,,,,,,,0.0,0.0,0.0,0.0,,,,
1789710349.4,,,,,,,,,,,0.0,0.0,0.0,0.0,,,,
1789710352.0,,,,,,,,,,,0.0,0.0,0.0,0.0,,,,
1789710354.5,,,,,,,,,,,0.0,0.0,0.0,0.0,,,,
1789710357.1,,,,,,,,,,,0.0,0.0,0.0,0.0,,,,
1789710359.6,,,,,,,,,,,0.0,0.0,0.0,0.0,,,,
1789710362.2,,,,,,,,,,,0.0,0.0,0.0,0.0,,,,
1789710364.7,,,,,,,,,,,0.0,0.0,0.0,0.0,,,,
1789710367.3,,,,,,,,,,,0.0,0.0,0.0,0.0,,,,
1789710369.9,,,,,,,,,,,0.0,0.0,0.0,0.0,,,,
1789710372.4,,,,,,,,,,,0.0,0.0,0.0,0.0,,,,
1789710375.0,,,,,,,,,,,0.0,0.0,0.0,0.0,,,,
1789710377.5,,,,,,,,,,,0.0,0.0,0.0,0.0,,,,
1789710380.1,,,,,,,,,,,0.0,0.0,0.0,0.0,,,,
1789710382.7,,,,,,,,,,,0.0,0.0,0.0,0.0,,,,
1789710385.2,,,,,,,,,,,0.0,0.0,0.0,0.0,,,,
1789710387.8,,,,,,,,,,,0.0,0.0,0.0,0.0,,,,
1789710390.4,,,,,,,,,,,0.0,0.0,0.0,0.0,,,,
1789710392.9,,,,,,,,,,,0.0,0.0,0.0,0.0,,,,
1789710395.5,,,,,,,,,,,0.0,0.0,0.0,0.0,,,,
1789710398.0,,,,,,,,,,,0.0,0.0,0.0,0.0,,,,
1789710400.6,,,,,,,,,,,0.0,0.0,0.0,0.0,,,,
1789710403.3,,,,,,,,,,,0.0,0.0,0.0,0.0,,,,
1789710405.8,,,,,,,,,,,0.0,0.0,0.0,0.0,,,,
1789710408.4,,,,,,,,,,,0.0,0.0,0.0,0.0,,,,
1789710410.9,,,,,,,,,,,0.0,0.0,0.0,0.0,,,,
1789710413.5,,,,,,,,,,,0.0,0.0,0.0,0.0,,,,
1789710416.1,,,,,,,,,,,0.0,0.0,0.0,0.0,,,,
1789710418.6,,,,,,,,,,,0.0,0.0,0.0,0.0,,,,
1789710421.2,,,,,,,,,,,0.0,0.0,0.0,0.0,,,,
1789710423.8,,,,,,,,,,,0.0,0.0,0.0,0.0,,,,
1789710426.3,,,,,,,,,,,0.0,0.0,0.0,0.0,,,,
1789710428.9,,,,,,,,,,,0.0,0.0,0.0,0.0,,,,
1789710431.4,,,,,,,,,,,0.0,0.0,0.0,0.0,,,,
1789710434.0,,,,,,,,,,,0.0,0.0,0.0,0.0,,,,
1789710436.5,,,,,,,,,,,0.0,0.0,0.0,0.0,,,,
1789710439.2,,,,,,,,,,,0.0,0.0,0.0,0.0,,,,
1789710441.7,,,,,,,,,,,0.0,0.0,0.0,0.0,,,,
1789710444.3,,,,,,,,,,,0.0,0.0,0.0,0.0,,,,
1789710446.9,,,,,,,,,,,0.0,0.0,0.0,0.0,,,,
1789710449.4,,,,,,,,,,,0.0,0.0,0.0,0.0,,,,
1789710452.0,,,,,,,,,,,0.0,0.0,0.0,0.0,,,,
1789710454.5,,,,,,,,,,,0.0,0.0,0.0,0.0,,,,
1789710457.1,,,,,,,,,,,0.0,0.0,0.0,0.0,,,,
1789710459.7,,,,,,,,,,,0.0,0.0,0.0,0.0,,,,
1789710462.2,,,,,,,,,,,0.0,0.0,0.0,0.0,,,,
1789710464.8,,,,,,,,,,,0.0,0.0,0.0,0.0,,,,
1789710467.4,,,,,,,,,,,0.0,0.0,0.0,0.0,,,,
1789710469.9,,,,,,,,,,,0.0,0.0,0.0,0.0,,,,
1789710472.5,,,,,,,,,,,0.0,0.0,0.0,0.0,,,,
1789710475.0,,,,,,,,,,,0.0,0.0,0.0,0.0,,,,
1789710477.6,,,,,,,,,,,0.0,0.0,0.0,0.0,,,,
1789710480.2,,,,,,,,,,,0.0,0.0,0.0,0.0,,,,
1789710482.7,,,,,,,,,,,0.0,0.0,0.0,0.0,,,,
1789710485.3,,,,,,,,,,,0.0,0.0,0.0,0.0,,,,
1789710487.9,,,,,,,,,,,0.0,0.0,0.0,0.0,,,,
1789710490.4,,,,,,,,,,,0.0,0.0,0.0,0.0,,,,
1789710493.0,,,,,,,,,,,0.0,0.0,0.0,0.0,,,,
1789710495.6,,,,,,,,,,,0.0,0.0,0.0,0.0,,,,
1789710498.1,,,,,,,,,,,0.0,0.0,0.0,0.0,,,,
1789710500.8,,,,,,,,,,,0.0,0.0,0.0,0.0,,,,
1789710503.3,,,,,,,,,,,0.0,0.0,0.0,0.0,,,,
1789710505.9,,,,,,,,,,,0.0,0.0,0.0,0.0,,,,
1789710508.5,,,,,,,,,,,0.0,0.0,0.0,0.0,,,,
1789710511.0,,,,,,,,,,,0.0,0.0,0.0,0.0,,,,
1789710513.6,,,,,,,,,,,0.0,0.0,0.0,0.0,,,,
1789710516.2,,,,,,,,,,,0.0,0.0,0.0,0.0,,,,
1789710518.8,,,,,,,,,,,0.0,0.0,0.0,0.0,,,,
1789710521.3,,,,,,,,,,,0.0,0.0,0.0,0.0,,,,
1789710523.9,,,,,,,,,,,0.0,0.0,0.0,0.0,,,,
1789710526.5,,,,,,,,,,,0.0,0.0,0.0,0.0,,,,
1789710529.1,,,,,,,,,,,0.0,0.0,0.0,0.0,,,,
1789710531.7,,,,,,,,,,,0.0,0.0,0.0,0.0,,,,
1789710534.3,,,,,,,,,,,0.0,0.0,0.0,0.0,,,,
1789710536.9,,,,,,,,,,,0.0,0.0,0.0,0.0,,,,
1789710539.5,,,,,,,,,,,0.0,0.0,0.0,0.0,,,,
1789710542.1,,,,,,,,,,,0.0,0.0,0.0,0.0,,,,
1789710544.8,,,,,,,,,,,0.0,0.0,0.0,0.0,,,,
1789710547.4,,,,,,,,,,,0.0,0.0,0.0,0.0,,,,
1789710550.0,,,,,,,,,,,0.0,0.0,0.0,0.0,,,,
1789710552.6,,,,,,,,,,,0.0,0.0,0.0,0.0,,,,
1789710555.1,,,,,,,,,,,0.0,0.0,0.0,0.0,,,,
1789710557.7,,,,,,,,,,,0.0,0.0,0.0,0.0,,,,
1789710560.3,,,,,,,,,,,0.0,0.0,0.0,0.0,,,,
1789710562.8,,,,,,,,,,,0.0,0.0,0.0,0.0,,,,
1789710565.4,,,,,,,,,,,0.0,0.0,0.0,0.0,,,,
1789710568.0,,,,,,,,,,,0.0,0.0,0.0,0.0,,,,
1789710570.5,,,,,,,,,,,0.0,0.0,0.0,0.0,,,,
1789710573.1,,,,,,,,,,,0.0,0.0,0.0,0.0,,,,
1789710575.7,,,,,,,,,,,0.0,0.0,0.0,0.0,,,,
1789710578.2,,,,,,,,,,,0.0,0.0,0.0,0.0,,,,
1789710580.8,,,,,,,,,,,0.0,0.0,0.0,0.0,,,,
1789710583.4,,,,,,,,,,,0.0,0.0,0.0,0.0,,,,
1789710585.9,,,,,,,,,,,0.0,0.0,0.0,0.0,,,,
1789710588.5,,,,,,,,,,,0.0,0.0,0.0,0.0,,,,
1789710591.1,,,,,,,,,,,0.0,0.0,0.0,0.0,,,,
1789710593.7,,,,,,,,,,,0.0,0.0,0.0,0.0,,,,
1789710596.3,,,,,,,,,,,0.0,0.0,0.0,0.0,,,,
1789710598.8,,,,,,,,,,,0.0,0.0,0.0,0.0,,,,
1789710601.4,,,,,,,,,,,0.0,0.0,0.0,0.0,,,,
1789710604.0,,,,,,,,,,,0.0,0.0,0.0,0.0,,,,
1789710606.5,,,,,,,,,,,0.0,0.0,0.0,0.0,,,,
1789710609.1,,,,,,,,,,,0.0,0.0,0.0,0.0,,,,
1789710611.7,,,,,,,,,,,0.0,0.0,0.0,0.0,,,,
1789710614.3,,,,,,,,,,,0.0,0.0,0.0,0.0,,,,
1789710616.9,,,,,,,,,,,0.0,0.0,0.0,0.0,,,,
1789710619.4,,,,,,,,,,,0.0,0.0,0.0,0.0,,,,
1789710622.0,,,,,,,,,,,0.0,0.0,0.0,0.0,,,,
1789710624.6,,,,,,,,,,,0.0,0.0,0.0,0.0,,,,
1789710627.2,,,,,,,,,,,0.0,0.0,0.0,0.0,,,,
1789710629.8,,,,,,,,,,,0.0,0.0,0.0,0.0,,,,
1789710632.4,,,,,,,,,,,0.0,0.0,0.0,0.0,,,,
1789710635.0,,,,,,,,,,,0.0,0.0,0.0,0.0,,,,
1789710637.6,,,,,,,,,,,0.0,0.0,0.0,0.0,,,,
1789710640.1,,,,,,,,,,,0.0,0.0,0.0,0.0,,,,
1789710642.7,,,,,,,,,,,0.0,0.0,0.0,0.0,,,,
1789710645.3,,,,,,,,,,,0.0,0.0,0.0,0.0,,,,
1789710647.9,,,,,,,,,,,0.0,0.0,0.0,0.0,,,,
1789710650.5,,,,,,,,,,,0.0,0.0,0.0,0.0,,,,
1789710653.1,,,,,,,,,,,0.0,0.0,0.0,0.0,,,,
1789710655.7,,,,,,,,,,,0.0,0.0,0.0,0.0,,,,
1789710658.3,,,,,,,,,,,0.0,0.0,0.0,0.0,,,,
1789710660.9,,,,,,,,,,,0.0,0.0,0.0,0.0,,,,
1789710663.4,,,,,,,,,,,0.0,0.0,0.0,0.0,,,,
1789710666.0,,,,,,,,,,,0.0,0.0,0.0,0.0,,,,
1789710668.6,,,,,,,,,,,0.0,0.0,0.0,0.0,,,,
1789710671.2,,,,,,,,,,,0.0,0.0,0.0,0.0,,,,
1789710673.7,,,,,,,,,,,0.0,0.0,0.0,0.0,,,,
1789710676.3,,,,,,,,,,,0.0,0.0,0.0,0.0,,,,
1789710678.9,,,,,,,,,,,0.0,0.0,0.0,0.0,,,,
1789710681.5,,,,,,,,,,,0.0,0.0,0.0,0.0,,,,
1789710684.1,,,,,,,,,,,0.0,0.0,0.0,0.0,,,,
1789710686.6,,,,,,,,,,,0.0,0.0,0.0,0.0,,,,
1789710689.2,,,,,,,,,,,0.0,0.0,0.0,0.0,,,,
1789710691.8,,,,,,,,,,,0.0,0.0,0.0,0.0,,,,
1789710694.4,,,,,,,,,,,0.0,0.0,0.0,0.0,,,,
1789710697.0,,,,,,,,,,,0.0,0.0,0.0,0.0,,,,
1789710699.5,,,,,,,,,,,0.0,0.0,0.0,0.0,,,,
1789710702.2,,,,,,,,,,,0.0,0.0,0.0,0.0,,,,
1789710704.7,,,,,,,,,,,0.0,0.0,0.0,0.0,,,,
1789710707.3,,,,,,,,,,,0.0,0.0,0.0,0.0,,,,
1789710709.9,,,,,,,,,,,0.0,0.0,0.0,0.0,,,,
1789710712.5,,,,,,,,,,,0.0,0.0,0.0,0.0,,,,
1789710715.1,,,,,,,,,,,0.0,0.0,0.0,0.0,,,,
1789710717.7,,,,,,,,,,,0.0,0.0,0.0,0.0,,,,
1789710720.2,,,,,,,,,,,0.0,0.0,0.0,0.0,,,,
1789710722.8,,,,,,,,,,,0.0,0.0,0.0,0.0,,,,
1789710725.4,,,,,,,,,,,0.0,0.0,0.0,0.0,,,,
1789710727.9,,,,,,,,,,,0.0,0.0,0.0,0.0,,,,
1789710730.5,,,,,,,,,,,0.0,0.0,0.0,0.0,,,,
1789710733.1,,,,,,,,,,,0.0,0.0,0.0,0.0,,,,
1789710735.7,,,,,,,,,,,0.0,0.0,0.0,0.0,,,,
1789710738.2,,,,,,,,,,,0.0,0.0,0.0,0.0,,,,
1789710740.8,,,,,,,,,,,0.0,0.0,0.0,0.0,,,,
1789710743.4,,,,,,,,,,,0.0,0.0,0.0,0.0,,,,
1789710746.0,,,,,,,,,,,0.0,0.0,0.0,0.0,,,,
1789710748.6,,,,,,,,,,,0.0,0.0,0.0,0.0,,,,
1789710751.2,,,,,,,,,,,0.0,0.0,0.0,0.0,,,,
1789710753.8,,,,,,,,,,,0.0,0.0,0.0,0.0,,,,
1789710756.3,,,,,,,,,,,0.0,0.0,0.0,0.0,,,,
1789710758.9,,,,,,,,,,,0.0,0.0,0.0,0.0,,,,
1789710761.5,,,,,,,,,,,0.0,0.0,0.0,0.0,,,,
1789710764.1,,,,,,,,,,,0.0,0.0,0.0,0.0,,,,
1789710766.7,,,,,,,,,,,0.0,0.0,0.0,0.0,,,,
1789710769.3,,,,,,,,,,,0.0,0.0,0.0,0.0,,,,
1789710771.9,,,,,,,,,,,0.0,0.0,0.0,0.0,,,,
1789710774.5,,,,,,,,,,,0.0,0.0,0.0,0.0,,,,
1789710777.0,,,,,,,,,,,0.0,0.0,0.0,0.0,,,,
1789710779.7,,,,,,,,,,,0.0,0.0,0.0,0.0,,,,
1789710782.4,,,,,,,,,,,0.0,0.0,0.0,0.0,,,,
1789710785.0,,,,,,,,,,,0.0,0.0,0.0,0.0,,,,
1789710787.6,,,,,,,,,,,0.0,0.0,0.0,0.0,,,,
1789710790.2,,,,,,,,,,,0.0,0.0,0.0,0.0,,,,
1789710792.8,,,,,,,,,,,0.0,0.0,0.0,0.0,,,,
1789710795.4,,,,,,,,,,,0.0,0.0,0.0,0.0,,,,
1789710798.0,,,,,,,,,,,0.0,0.0,0.0,0.0,,,,
1789710800.6,,,,,,,,,,,0.0,0.0,0.0,0.0,,,,
1789710803.1,,,,,,,,,,,0.0,0.0,0.0,0.0,,,,
1789710805.7,,,,,,,,,,,0.0,0.0,0.0,0.0,,,,
1789710808.3,,,,,,,,,,,0.0,0.0,0.0,0.0,,,,
1789710810.9,,,,,,,,,,,0.0,0.0,0.0,0.0,,,,
1789710813.5,,,,,,,,,,,0.0,0.0,0.0,0.0,,,,
1789710816.1,,,,,,,,,,,0.0,0.0,0.0,0.0,,,,
1789710818.7,,,,,,,,,,,0.0,0.0,0.0,0.0,,,,
1789710821.2,,,,,,,,,,,0.0,0.0,0.0,0.0,,,,
1789710823.8,,,,,,,,,,,0.0,0.0,0.0,0.0,,,,
1789710826.4,,,,,,,,,,,0.0,0.0,0.0,0.0,,,,
1789710829.0,,,,,,,,,,,0.0,0.0,0.0,0.0,,,,
1789710831.6,,,,,,,,,,,0.0,0.0,0.0,0.0,,,,
1789710834.2,,,,,,,,,,,0.0,0.0,0.0,0.0,,,,
1789710836.8,,,,,,,,,,,0.0,0.0,0.0,0.0,,,,
1789710839.4,,,,,,,,,,,0.0,0.0,0.0,0.0,,,,
1789710842.1,,,,,,,,,,,0.0,0.0,0.0,0.0,,,,
1789710844.6,,,,,,,,,,,0.0,0.0,0.0,0.0,,,,
1789710847.2,,,,,,,,,,,0.0,0.0,0.0,0.0,,,,
1789710849.8,,,,,,,,,,,0.0,0.0,0.0,0.0,,,,
1789710852.4,,,,,,,,,,,0.0,0.0,0.0,0.0,,,,
1789710855.0,,,,,,,,,,,0.0,0.0,0.0,0.0,,,,
1789710857.6,,,,,,,,,,,0.0,0.0,0.0,0.0,,,,
1789710860.2,,,,,,,,,,,0.0,0.0,0.0,0.0,,,,
1789710862.8,,,,,,,,,,,0.0,0.0,0.0,0.0,,,,
1789710865.4,,,,,,,,,,,0.0,0.0,0.0,0.0,,,,
1789710868.0,,,,,,,,,,,0.0,0.0,0.0,0.0,,,,
1789710870.6,,,,,,,,,,,0.0,0.0,0.0,0.0,,,,
1789710873.2,,,,,,,,,,,0.0,0.0,0.0,0.0,,,,
1789710875.8,,,,,,,,,,,0.0,0.0,0.0,0.0,,,,
1789710878.4,,,,,,,,,,,0.0,0.0,0.0,0.0,,,,
1789710881.0,,,,,,,,,,,0.0,0.0,0.0,0.0,,,,
1789710883.6,,,,,,,,,,,0.0,0.0,0.0,0.0,,,,
1789710886.3,,,,,,,,,,,0.0,0.0,0.0,0.0,,,,
1789710888.9,,,,,,,,,,,0.0,0.0,0.0,0.0,,,,
1789710891.5,,,,,,,,,,,0.0,0.0,0.0,0.0,,,,
1789710894.1,,,,,,,,,,,0.0,0.0,0.0,0.0,,,,
1789710896.7,,,,,,,,,,,0.0,0.0,0.0,0.0,,,,
1789710899.3,,,,,,,,,,,0.0,0.0,0.0,0.0,,,,
1789710901.9,,,,,,,,,,,0.0,0.0,0.0,0.0,,,,
1789710904.5,,,,,,,,,,,0.0,0.0,0.0,0.0,,,,
1789710907.1,,,,,,,,,,,0.0,0.0,0.0,0.0,,,,
1789710909.7,,,,,,,,,,,0.0,0.0,0.0,0.0,,,,
1789710912.2,,,,,,,,,,,0.0,0.0,0.0,0.0,,,,
1789710914.9,,,,,,,,,,,0.0,0.0,0.0,0.0,,,,
1789710917.4,,,,,,,,,,,0.0,0.0,0.0,0.0,,,,
1789710920.0,,,,,,,,,,,0.0,0.0,0.0,0.0,,,,
1789710922.6,,,,,,,,,,,0.0,0.0,0.0,0.0,,,,
1789710925.2,,,,,,,,,,,0.0,0.0,0.0,0.0,,,,
1789710927.8,,,,,,,,,,,0.0,0.0,0.0,0.0,,,,
1789710930.3,,,,,,,,,,,0.0,0.0,0.0,0.0,,,,
1789710932.9,,,,,,,,,,,0.0,0.0,0.0,0.0,,,,
1789710935.5,,,,,,,,,,,0.0,0.0,0.0,0.0,,,,
1789710938.1,,,,,,,,,,,0.0,0.0,0.0,0.0,,,,
1789710940.7,,,,,,,,,,,0.0,0.0,0.0,0.0,,,,
1789710943.2,,,,,,,,,,,0.0,0.0,0.0,0.0,,,,
1789710945.8,,,,,,,,,,,0.0,0.0,0.0,0.0,,,,
1789710948.5,,,,,,,,,,,0.0,0.0,0.0,0.0,,,,
1789710951.1,,,,,,,,,,,0.0,0.0,0.0,0.0,,,,
1789710953.7,,,,,,,,,,,0.0,0.0,0.0,0.0,,,,
1789710956.3,,,,,,,,,,,0.0,0.0,0.0,0.0,,,,
1789710959.0,,,,,,,,,,,0.0,0.0,0.0,0.0,,,,
1789710961.6,,,,,,,,,,,0.0,0.0,0.0,0.0,,,,
1789710964.2,,,,,,,,,,,0.0,0.0,0.0,0.0,,,,
1789710966.8,,,,,,,,,,,0.0,0.0,0.0,0.0,,,,
1789710969.3,,,,,,,,,,,0.0,0.0,0.0,0.0,,,,
1789710971.9,,,,,,,,,,,0.0,0.0,0.0,0.0,,,,
1789710974.5,,,,,,,,,,,0.0,0.0,0.0,0.0,,,,
1789710977.1,,,,,,,,,,,0.0,0.0,0.0,0.0,,,,
1789710979.7,,,,,,,,,,,0.0,0.0,0.0,0.0,,,,
1789710982.3,,,,,,,,,,,0.0,0.0,0.0,0.0,,,,
1789710984.8,,,,,,,,,,,0.0,0.0,0.0,0.0,,,,
1789710987.4,,,,,,,,,,,0.0,0.0,0.0,0.0,,,,
1789710990.0,,,,,,,,,,,0.0,0.0,0.0,0.0,,,,
1789710992.6,,,,,,,,,,,0.0,0.0,0.0,0.0,,,,
1789710995.2,,,,,,,,,,,0.0,0.0,0.0,0.0,,,,
1789710997.8,,,,,,,,,,,0.0,0.0,0.0,0.0,,,,
1789711000.4,,,,,,,,,,,0.0,0.0,0.0,0.0,,,,
1789711003.0,,,,,,,,,,,0.0,0.0,0.0,0.0,,,,
1789711005.6,,,,,,,,,,,0.0,0.0,0.0,0.0,,,,
1789711008.2,,,,,,,,,,,0.0,0.0,0.0,0.0,,,,
1789711010.8,,,,,,,,,,,0.0,0.0,0.0,0.0,,,,
1789711013.4,,,,,,,,,,,0.0,0.0,0.0,0.0,,,,
1789711016.0,,,,,,,,,,,0.0,0.0,0.0,0.0,,,,
1789711018.6,,,,,,,,,,,0.0,0.0,0.0,0.0,,,,
1789711021.2,,,,,,,,,,,0.0,0.0,0.0,0.0,,,,
1789711023.7,,,,,,,,,,,0.0,0.0,0.0,0.0,,,,
1789711026.3,,,,,,,,,,,0.0,0.0,0.0,0.0,,,,
1789711028.9,,,,,,,,,,,0.0,0.0,0.0,0.0,,,,
1789711031.5,,,,,,,,,,,0.0,0.0,0.0,0.0,,,,
1789711034.1,,,,,,,,,,,0.0,0.0,0.0,0.0,,,,
1789711036.7,,,,,,,,,,,0.0,0.0,0.0,0.0,,,,
1789711039.3,,,,,,,,,,,0.0,0.0,0.0,0.0,,,,
1789711041.9,,,,,,,,,,,0.0,0.0,0.0,0.0,,,,
1789711044.5,,,,,,,,,,,0.0,0.0,0.0,0.0,,,,
1789711047.1,,,,,,,,,,,0.0,0.0,0.0,0.0,,,,
1789711049.7,,,,,,,,,,,0.0,0.0,0.0,0.0,,,,
1789711052.3,,,,,,,,,,,0.0,0.0,0.0,0.0,,,,
1789711054.8,,,,,,,,,,,0.0,0.0,0.0,0.0,,,,
1789711057.4,,,,,,,,,,,0.0,0.0,0.0,0.0,,,,
1789711060.0,,,,,,,,,,,0.0,0.0,0.0,0.0,,,,
1789711062.6,,,,,,,,,,,0.0,0.0,0.0,0.0,,,,
1789711065.3,,,,,,,,,,,0.0,0.0,0.0,0.0,,,,
1789711067.8,,,,,,,,,,,0.0,0.0,0.0,0.0,,,,
1789711070.4,,,,,,,,,,,0.0,0.0,0.0,0.0,,,,
1789711073.0,,,,,,,,,,,0.0,0.0,0.0,0.0,,,,
1789711075.6,,,,,,,,,,,0.0,0.0,0.0,0.0,,,,
1789711078.2,,,,,,,,,,,0.0,0.0,0.0,0.0,,,,
1789711080.8,,,,,,,,,,,0.0,0.0,0.0,0.0,,,,
1789711083.4,,,,,,,,,,,0.0,0.0,0.0,0.0,,,,
1789711086.0,,,,,,,,,,,0.0,0.0,0.0,0.0,,,,
1789711088.6,,,,,,,,,,,0.0,0.0,0.0,0.0,,,,
1789711091.2,,,,,,,,,,,0.0,0.0,0.0,0.0,,,,
1789711093.8,,,,,,,,,,,0.0,0.0,0.0,0.0,,,,
1789711096.4,,,,,,,,,,,0.0,0.0,0.0,0.0,,,,
1789711099.0,,,,,,,,,,,0.0,0.0,0.0,0.0,,,,
1789711101.5,,,,,,,,,,,0.0,0.0,0.0,0.0,,,,
1789711104.2,,,,,,,,,,,0.0,0.0,0.0,0.0,,,,
1789711106.8,,,,,,,,,,,0.0,0.0,0.0,0.0,,,,
1789711109.4,,,,,,,,,,,0.0,0.0,0.0,0.0,,,,
1789711112.0,,,,,,,,,,,0.0,0.0,0.0,0.0,,,,
1789711114.7,,,,,,,,,,,0.0,0.0,0.0,0.0,,,,
1789711117.3,,,,,,,,,,,0.0,0.0,0.0,0.0,,,,
1789711119.9,,,,,,,,,,,0.0,0.0,0.0,0.0,,,,
1789711122.5,,,,,,,,,,,0.0,0.0,0.0,0.0,,,,
1789711125.1,,,,,,,,,,,0.0,0.0,0.0,0.0,,,,
1789711127.7,,,,,,,,,,,0.0,0.0,0.0,0.0,,,,
1789711130.3,,,,,,,,,,,0.0,0.0,0.0,0.0,,,,
1789711132.8,,,,,,,,,,,0.0,0.0,0.0,0.0,,,,
1789711135.4,,,,,,,,,,,0.0,0.0,0.0,0.0,,,,
1789711138.0,,,,,,,,,,,0.0,0.0,0.0,0.0,,,,
1789711140.6,,,,,,,,,,,0.0,0.0,0.0,0.0,,,,
1789711143.2,,,,,,,,,,,0.0,0.0,0.0,0.0,,,,
1789711145.8,,,,,,,,,,,0.0,0.0,0.0,0.0,,,,
1789711148.5,,,,,,,,,,,0.0,0.0,0.0,0.0,,,,
1789711151.1,,,,,,,,,,,0.0,0.0,0.0,0.0,,,,
1789711153.7,,,,,,,,,,,0.0,0.0,0.0,0.0,,,,
1789711156.3,,,,,,,,,,,0.0,0.0,0.0,0.0,,,,
1789711158.9,,,,,,,,,,,0.0,0.0,0.0,0.0,,,,
1789711161.5,,,,,,,,,,,0.0,0.0,0.0,0.0,,,,
1789711164.0,,,,,,,,,,,0.0,0.0,0.0,0.0,,,,
1789711166.6,,,,,,,,,,,0.0,0.0,0.0,0.0,,,,
1789711169.2,,,,,,,,,,,0.0,0.0,0.0,0.0,,,,
1789711171.8,,,,,,,,,,,0.0,0.0,0.0,0.0,,,,
1789711174.4,,,,,,,,,,,0.0,0.0,0.0,0.0,,,,
1789711177.0,,,,,,,,,,,0.0,0.0,0.0,0.0,,,,
1789711179.6,,,,,,,,,,,0.0,0.0,0.0,0.0,,,,
1789711182.2,,,,,,,,,,,0.0,0.0,0.0,0.0,,,,
1789711184.8,,,,,,,,,,,0.0,0.0,0.0,0.0,,,,
1789711187.4,,,,,,,,,,,0.0,0.0,0.0,0.0,,,,
1789711190.0,,,,,,,,,,,0.0,0.0,0.0,0.0,,,,
1789711192.7,,,,,,,,,,,0.0,0.0,0.0,0.0,,,,
1789711195.3,,,,,,,,,,,0.0,0.0,0.0,0.0,,,,
1789711197.9,,,,,,,,,,,0.0,0.0,0.0,0.0,,,,
1789711200.5,,,,,,,,,,,0.0,0.0,0.0,0.0,,,,
1789711203.3,,,,,,,,,,,0.0,0.0,0.0,0.0,,,,
1789711205.9,,,,,,,,,,,0.0,0.0,0.0,0.0,,,,
1789711208.5,,,,,,,,,,,0.0,0.0,0.0,0.0,,,,
1789711211.1,,,,,,,,,,,0.0,0.0,0.0,0.0,,,,
1789711213.7,,,,,,,,,,,0.0,0.0,0.0,0.0,,,,
1789711216.3,,,,,,,,,,,0.0,0.0,0.0,0.0,,,,
1789711219.0,,,,,,,,,,,0.0,0.0,0.0,0.0,,,,
1789711221.6,,,,,,,,,,,0.0,0.0,0.0,0.0,,,,
1789711224.2,,,,,,,,,,,0.0,0.0,0.0,0.0,,,,
1789711226.8,,,,,,,,,,,0.0,0.0,0.0,0.0,,,,
1789711229.4,,,,,,,,,,,0.0,0.0,0.0,0.0,,,,
1789711232.0,,,,,,,,,,,0.0,0.0,0.0,0.0,,,,
1789711234.7,,,,,,,,,,,0.0,0.0,0.0,0.0,,,,
1789711237.3,,,,,,,,,,,0.0,0.0,0.0,0.0,,,,
1789711239.9,,,,,,,,,,,0.0,0.0,0.0,0.0,,,,
1789711242.5,,,,,,,,,,,0.0,0.0,0.0,0.0,,,,
1789711245.2,,,,,,,,,,,0.0,0.0,0.0,0.0,,,,
1789711247.8,,,,,,,,,,,0.0,0.0,0.0,0.0,,,,
1789711250.4,,,,,,,,,,,0.0,0.0,0.0,0.0,,,,
1789711253.0,,,,,,,,,,,0.0,0.0,0.0,0.0,,,,
1789711255.7,,,,,,,,,,,0.0,0.0,0.0,0.0,,,,
1789711258.3,,,,,,,,,,,0.0,0.0,0.0,0.0,,,,
1789711260.9,,,,,,,,,,,0.0,0.0,0.0,0.0,,,,
1789711263.5,,,,,,,,,,,0.0,0.0,0.0,0.0,,,,
1789711266.1,,,,,,,,,,,0.0,0.0,0.0,0.0,,,,
1789711268.8,,,,,,,,,,,0.0,0.0,0.0,0.0,,,,
1789711271.4,,,,,,,,,,,0.0,0.0,0.0,0.0,,,,
1789711274.1,,,,,,,,,,,0.0,0.0,0.0,0.0,,,,
1789711276.7,,,,,,,,,,,0.0,0.0,0.0,0.0,,,,
1789711279.4,,,,,,,,,,,0.0,0.0,0.0,0.0,,,,
1789711282.0,,,,,,,,,,,0.0,0.0,0.0,0.0,,,,
1789711284.7,,,,,,,,,,,0.0,0.0,0.0,0.0,,,,
1789711287.4,,,,,,,,,,,0.0,0.0,0.0,0.0,,,,
1789711290.0,,,,,,,,,,,0.0,0.0,0.0,0.0,,,,
1789711292.6,,,,,,,,,,,0.0,0.0,0.0,0.0,,,,
1789711295.3,,,,,,,,,,,0.0,0.0,0.0,0.0,,,,
1789711297.9,,,,,,,,,,,0.0,0.0,0.0,0.0,,,,
1789711300.5,,,,,,,,,,,0.0,0.0,0.0,0.0,,,,
1789711303.1,,,,,,,,,,,0.0,0.0,0.0,0.0,,,,
1789711305.8,,,,,,,,,,,0.0,0.0,0.0,0.0,,,,
1789711308.4,,,,,,,,,,,0.0,0.0,0.0,0.0,,,,
1789711311.1,,,,,,,,,,,0.0,0.0,0.0,0.0,,,,
1789711313.7,,,,,,,,,,,0.0,0.0,0.0,0.0,,,,
1789711316.3,,,,,,,,,,,0.0,0.0,0.0,0.0,,,,
1789711318.9,,,,,,,,,,,0.0,0.0,0.0,0.0,,,,
1789711321.5,,,,,,,,,,,0.0,0.0,0.0,0.0,,,,
1789711324.1,,,,,,,,,,,0.0,0.0,0.0,0.0,,,,
1789711326.8,,,,,,,,,,,0.0,0.0,0.0,0.0,,,,
1789711329.4,,,,,,,,,,,0.0,0.0,0.0,0.0,,,,
1789711332.0,,,,,,,,,,,0.0,0.0,0.0,0.0,,,,
1789711334.7,,,,,,,,,,,0.0,0.0,0.0,0.0,,,,
1789711337.3,,,,,,,,,,,0.0,0.0,0.0,0.0,,,,
1789711339.9,,,,,,,,,,,0.0,0.0,0.0,0.0,,,,
1789711342.5,,,,,,,,,,,0.0,0.0,0.0,0.0,,,,
1789711345.1,,,,,,,,,,,0.0,0.0,0.0,0.0,,,,
1789711347.8,,,,,,,,,,,0.0,0.0,0.0,0.0,,,,
1789711350.4,,,,,,,,,,,0.0,0.0,0.0,0.0,,,,
1789711353.0,,,,,,,,,,,0.0,0.0,0.0,0.0,,,,
1789711355.6,,,,,,,,,,,0.0,0.0,0.0,0.0,,,,
1789711358.3,,,,,,,,,,,0.0,0.0,0.0,0.0,,,,
1789711360.9,,,,,,,,,,,0.0,0.0,0.0,0.0,,,,
1789711363.5,,,,,,,,,,,0.0,0.0,0.0,0.0,,,,
1789711366.1,,,,,,,,,,,0.0,0.0,0.0,0.0,,,,
1789711368.8,,,,,,,,,,,0.0,0.0,0.0,0.0,,,,
1789711371.4,,,,,,,,,,,0.0,0.0,0.0,0.0,,,,
1789711374.1,,,,,,,,,,,0.0,0.0,0.0,0.0,,,,
1789711376.7,,,,,,,,,,,0.0,0.0,0.0,0.0,,,,
1789711379.4,,,,,,,,,,,0.0,0.0,0.0,0.0,,,,
1789711382.0,,,,,,,,,,,0.0,0.0,0.0,0.0,,,,
1789711384.7,,,,,,,,,,,0.0,0.0,0.0,0.0,,,,
1789711387.3,,,,,,,,,,,0.0,0.0,0.0,0.0,,,,
1789711389.9,,,,,,,,,,,0.0,0.0,0.0,0.0,,,,
1789711392.6,,,,,,,,,,,0.0,0.0,0.0,0.0,,,,
1789711395.3,,,,,,,,,,,0.0,0.0,0.0,0.0,,,,
1789711398.0,,,,,,,,,,,0.0,0.0,0.0,0.0,,,,
1789711400.6,,,,,,,,,,,0.0,0.0,0.0,0.0,,,,
1789711403.3,,,,,,,,,,,0.0,0.0,0.0,0.0,,,,
1789711405.9,,,,,,,,,,,0.0,0.0,0.0,0.0,,,,
1789711408.5,,,,,,,,,,,0.0,0.0,0.0,0.0,,,,
1789711411.1,,,,,,,,,,,0.0,0.0,0.0,0.0,,,,
1789711413.8,,,,,,,,,,,0.0,0.0,0.0,0.0,,,,
1789711416.5,,,,,,,,,,,0.0,0.0,0.0,0.0,,,,
1789711419.1,,,,,,,,,,,0.0,0.0,0.0,0.0,,,,
1789711421.7,,,,,,,,,,,0.0,0.0,0.0,0.0,,,,
1789711424.3,,,,,,,,,,,0.0,0.0,0.0,0.0,,,,
1789711427.0,,,,,,,,,,,0.0,0.0,0.0,0.0,,,,
1789711429.6,,,,,,,,,,,0.0,0.0,0.0,0.0,,,,
1789711432.2,,,,,,,,,,,0.0,0.0,0.0,0.0,,,,
1789711434.9,,,,,,,,,,,0.0,0.0,0.0,0.0,,,,
1789711437.5,,,,,,,,,,,0.0,0.0,0.0,0.0,,,,
1789711440.2,,,,,,,,,,,0.0,0.0,0.0,0.0,,,,
1789711442.8,,,,,,,,,,,0.0,0.0,0.0,0.0,,,,
1789711445.5,,,,,,,,,,,0.0,0.0,0.0,0.0,,,,
1789711448.2,,,,,,,,,,,0.0,0.0,0.0,0.0,,,,
1789711450.9,,,,,,,,,,,0.0,0.0,0.0,0.0,,,,
1789711453.6,,,,,,,,,,,0.0,0.0,0.0,0.0,,,,
1789711456.2,,,,,,,,,,,0.0,0.0,0.0,0.0,,,,
1789711458.9,,,,,,,,,,,0.0,0.0,0.0,0.0,,,,
1789711461.6,,,,,,,,,,,0.0,0.0,0.0,0.0,,,,
1789711464.2,,,,,,,,,,,0.0,0.0,0.0,0.0,,,,
1789711466.9,,,,,,,,,,,0.0,0.0,0.0,0.0,,,,
1789711469.6,,,,,,,,,,,0.0,0.0,0.0,0.0,,,,
1789711472.2,,,,,,,,,,,0.0,0.0,0.0,0.0,,,,
1789711474.9,,,,,,,,,,,0.0,0.0,0.0,0.0,,,,
1789711477.6,,,,,,,,,,,0.0,0.0,0.0,0.0,,,,
1789711480.2,,,,,,,,,,,0.0,0.0,0.0,0.0,,,,
1789711482.9,,,,,,,,,,,0.0,0.0,0.0,0.0,,,,
1789711485.6,,,,,,,,,,,0.0,0.0,0.0,0.0,,,,
1789711488.2,,,,,,,,,,,0.0,0.0,0.0,0.0,,,,
1789711490.9,,,,,,,,,,,0.0,0.0,0.0,0.0,,,,
1789711493.6,,,,,,,,,,,0.0,0.0,0.0,0.0,,,,
1789711496.3,,,,,,,,,,,0.0,0.0,0.0,0.0,,,,
1789711498.9,,,,,,,,,,,0.0,0.0,0.0,0.0,,,,
1789711501.6,,,,,,,,,,,0.0,0.0,0.0,0.0,,,,
1789711504.4,,,,,,,,,,,0.0,0.0,0.0,0.0,,,,
1789711507.1,,,,,,,,,,,0.0,0.0,0.0,0.0,,,,
1789711509.7,,,,,,,,,,,0.0,0.0,0.0,0.0,,,,
1789711512.4,,,,,,,,,,,0.0,0.0,0.0,0.0,,,,
1789711515.1,,,,,,,,,,,0.0,0.0,0.0,0.0,,,,
1789711517.8,,,,,,,,,,,0.0,0.0,0.0,0.0,,,,
1789711520.5,,,,,,,,,,,0.0,0.0,0.0,0.0,,,,
1789711523.2,,,,,,,,,,,0.0,0.0,0.0,0.0,,,,
1789711525.8,,,,,,,,,,,0.0,0.0,0.0,0.0,,,,
1789711528.5,,,,,,,,,,,0.0,0.0,0.0,0.0,,,,
1789711531.2,,,,,,,,,,,0.0,0.0,0.0,0.0,,,,
1789711533.9,,,,,,,,,,,0.0,0.0,0.0,0.0,,,,
1789711536.5,,,,,,,,,,,0.0,0.0,0.0,0.0,,,,
1789711539.2,,,,,,,,,,,0.0,0.0,0.0,0.0,,,,
1789711541.9,,,,,,,,,,,0.0,0.0,0.0,0.0,,,,
1789711544.6,,,,,,,,,,,0.0,0.0,0.0,0.0,,,,
1789711547.2,,,,,,,,,,,0.0,0.0,0.0,0.0,,,,
1789711549.9,,,,,,,,,,,0.0,0.0,0.0,0.0,,,,
1789711552.6,,,,,,,,,,,0.0,0.0,0.0,0.0,,,,
1789711555.3,,,,,,,,,,,0.0,0.0,0.0,0.0,,,,
1789711557.9,,,,,,,,,,,0.0,0.0,0.0,0.0,,,,
1789711560.7,,,,,,,,,,,0.0,0.0,0.0,0.0,,,,
1789711563.4,,,,,,,,,,,0.0,0.0,0.0,0.0,,,,
1789711566.0,,,,,,,,,,,0.0,0.0,0.0,0.0,,,,
1789711568.7,,,,,,,,,,,0.0,0.0,0.0,0.0,,,,
1789711571.4,,,,,,,,,,,0.0,0.0,0.0,0.0,,,,
1789711574.1,,,,,,,,,,,0.0,0.0,0.0,0.0,,,,
1789711576.8,,,,,,,,,,,0.0,0.0,0.0,0.0,,,,
1789711579.4,,,,,,,,,,,0.0,0.0,0.0,0.0,,,,
1789711582.1,,,,,,,,,,,0.0,0.0,0.0,0.0,,,,
1789711584.8,,,,,,,,,,,0.0,0.0,0.0,0.0,,,,
1789711587.5,,,,,,,,,,,0.0,0.0,0.0,0.0,,,,
1789711590.2,,,,,,,,,,,0.0,0.0,0.0,0.0,,,,
1789711592.9,,,,,,,,,,,0.0,0.0,0.0,0.0,,,,
1789711595.5,,,,,,,,,,,0.0,0.0,0.0,0.0,,,,
1789711598.2,,,,,,,,,,,0.0,0.0,0.0,0.0,,,,
1789711600.9,,,,,,,,,,,0.0,0.0,0.0,0.0,,,,
1789711603.6,,,,,,,,,,,0.0,0.0,0.0,0.0,,,,
1789711606.2,,,,,,,,,,,0.0,0.0,0.0,0.0,,,,
1789711608.9,,,,,,,,,,,0.0,0.0,0.0,0.0,,,,
1789711611.6,,,,,,,,,,,0.0,0.0,0.0,0.0,,,,
1789711614.3,,,,,,,,,,,0.0,0.0,0.0,0.0,,,,
1789711617.0,,,,,,,,,,,0.0,0.0,0.0,0.0,,,,
1789711619.7,,,,,,,,,,,0.0,0.0,0.0,0.0,,,,
1789711622.3,,,,,,,,,,,0.0,0.0,0.0,0.0,,,,
1789711625.0,,,,,,,,,,,0.0,0.0,0.0,0.0,,,,
1789711627.7,,,,,,,,,,,0.0,0.0,0.0,0.0,,,,
1789711630.4,,,,,,,,,,,0.0,0.0,0.0,0.0,,,,
1789711633.1,,,,,,,,,,,0.0,0.0,0.0,0.0,,,,
1789711635.7,,,,,,,,,,,0.0,0.0,0.0,0.0,,,,
1789711638.5,,,,,,,,,,,0.0,0.0,0.0,0.0,,,,
1789711641.1,,,,,,,,,,,0.0,0.0,0.0,0.0,,,,
1789711643.8,,,,,,,,,,,0.0,0.0,0.0,0.0,,,,
1789711646.5,,,,,,,,,,,0.0,0.0,0.0,0.0,,,,
1789711649.2,,,,,,,,,,,0.0,0.0,0.0,0.0,,,,
1789711651.9,,,,,,,,,,,0.0,0.0,0.0,0.0,,,,
1789711654.6,,,,,,,,,,,0.0,0.0,0.0,0.0,,,,
1789711657.3,,,,,,,,,,,0.0,0.0,0.0,0.0,,,,
1789711660.1,,,,,,,,,,,0.0,0.0,0.0,0.0,,,,
1789711662.8,,,,,,,,,,,0.0,0.0,0.0,0.0,,,,
1789711665.5,,,,,,,,,,,0.0,0.0,0.0,0.0,,,,
1789711668.2,,,,,,,,,,,0.0,0.0,0.0,0.0,,,,
1789711671.0,,,,,,,,,,,0.0,0.0,0.0,0.0,,,,
1789711673.7,,,,,,,,,,,0.0,0.0,0.0,0.0,,,,
1789711676.4,,,,,,,,,,,0.0,0.0,0.0,0.0,,,,
1789711679.1,,,,,,,,,,,0.0,0.0,0.0,0.0,,,,
1789711681.8,,,,,,,,,,,0.0,0.0,0.0,0.0,,,,
1789711684.6,,,,,,,,,,,0.0,0.0,0.0,0.0,,,,
1789711687.3,,,,,,,,,,,0.0,0.0,0.0,0.0,,,,
1789711690.0,,,,,,,,,,,0.0,0.0,0.0,0.0,,,,
1789711692.8,,,,,,,,,,,0.0,0.0,0.0,0.0,,,,
1789711695.5,,,,,,,,,,,0.0,0.0,0.0,0.0,,,,
1789711698.2,,,,,,,,,,,0.0,0.0,0.0,0.0,,,,
1789711700.9,,,,,,,,,,,0.0,0.0,0.0,0.0,,,,
1789711703.5,,,,,,,,,,,0.0,0.0,0.0,0.0,,,,
1789711706.2,,,,,,,,,,,0.0,0.0,0.0,0.0,,,,
1789711708.9,,,,,,,,,,,0.0,0.0,0.0,0.0,,,,
1789711711.6,,,,,,,,,,,0.0,0.0,0.0,0.0,,,,
1789711714.3,,,,,,,,,,,0.0,0.0,0.0,0.0,,,,
1789711716.9,,,,,,,,,,,0.0,0.0,0.0,0.0,,,,
1789711719.6,,,,,,,,,,,0.0,0.0,0.0,0.0,,,,
1789711722.3,,,,,,,,,,,0.0,0.0,0.0,0.0,,,,
1789711725.0,,,,,,,,,,,0.0,0.0,0.0,0.0,,,,
1789711727.6,,,,,,,,,,,0.0,0.0,0.0,0.0,,,,
1789711730.3,,,,,,,,,,,0.0,0.0,0.0,0.0,,,,
1789711733.0,,,,,,,,,,,0.0,0.0,0.0,0.0,,,,
1789711735.7,,,,,,,,,,,0.0,0.0,0.0,0.0,,,,
1789711738.3,,,,,,,,,,,0.0,0.0,0.0,0.0,,,,
1789711741.0,,,,,,,,,,,0.0,0.0,0.0,0.0,,,,
1789711743.7,,,,,,,,,,,0.0,0.0,0.0,0.0,,,,
1789711746.4,,,,,,,,,,,0.0,0.0,0.0,0.0,,,,
1789711749.0,,,,,,,,,,,0.0,0.0,0.0,0.0,,,,
1789711751.7,,,,,,,,,,,0.0,0.0,0.0,0.0,,,,
1789711754.4,,,,,,,,,,,0.0,0.0,0.0,0.0,,,,
1789711757.1,,,,,,,,,,,0.0,0.0,0.0,0.0,,,,
1789711759.8,,,,,,,,,,,0.0,0.0,0.0,0.0,,,,
1789711762.5,,,,,,,,,,,0.0,0.0,0.0,0.0,,,,
1789711765.2,,,,,,,,,,,0.0,0.0,0.0,0.0,,,,
1789711767.9,,,,,,,,,,,0.0,0.0,0.0,0.0,,,,
1789711770.5,,,,,,,,,,,0.0,0.0,0.0,0.0,,,,
1789711773.2,,,,,,,,,,,0.0,0.0,0.0,0.0,,,,
1789711775.9,,,,,,,,,,,0.0,0.0,0.0,0.0,,,,
1789711778.5,,,,,,,,,,,0.0,0.0,0.0,0.0,,,,
1789711781.2,,,,,,,,,,,0.0,0.0,0.0,0.0,,,,
1789711783.9,,,,,,,,,,,0.0,0.0,0.0,0.0,,,,
1789711786.6,,,,,,,,,,,0.0,0.0,0.0,0.0,,,,
1789711789.2,,,,,,,,,,,0.0,0.0,0.0,0.0,,,,
1789711791.9,,,,,,,,,,,0.0,0.0,0.0,0.0,,,,
1789711792.6,,,,,,,,,,,0.0,0.0,0.0,0.0,,,,
