ts,programs_count,reasoning_count,acting_count,paused_count
1789546046.8,0,0,0,0
1789546048.9,0,0,0,0
1789546050.9,0,0,0,0
1789546052.9,0,0,0,0
1789546054.9,0,0,0,0
1789546056.9,0,0,0,0
1789546058.9,0,0,0,0
1789546061.0,0,0,0,0
1789546063.0,0,0,0,0
1789546065.0,0,0,0,0
1789546067.0,0,0,0,0
1789546069.0,0,0,0,0
1789546071.0,7,7,0,0
1789546073.0,7,7,0,0
1789546075.1,7,7,0,0
1789546077.1,7,7,0,0
1789546079.1,7,7,0,0
1789546081.1,7,5,2,0
1789546083.1,7,4,3,0
1789546085.1,7,6,1,0
1789546087.1,7,5,2,0
1789546089.2,7,5,2,0
1789546091.2,7,7,0,0
1789546093.2,7,6,1,0
1789546095.2,7,6,1,0
1789546097.2,7,7,0,0
1789546099.2,7,6,1,0
1789546101.3,7,4,3,0
1789546103.3,7,5,2,0
1789546105.3,7,6,1,0
1789546107.3,7,6,1,0
1789546109.3,7,5,2,0
1789546111.3,7,6,1,0
1789546113.4,7,5,2,0
1789546115.4,7,4,3,0
1789546117.4,7,5,2,0
1789546119.4,7,5,2,0
1789546121.4,7,5,2,0
1789546123.4,7,7,0,0
1789546125.5,7,7,0,0
1789546127.5,7,7,0,0
1789546129.5,7,6,1,0
1789546131.5,7,6,1,0
1789546133.5,7,6,1,0
1789546135.5,7,5,2,0
1789546137.5,7,5,2,0
1789546139.6,7,6,1,0
1789546141.6,7,6,1,0
1789546143.6,7,7,0,0
1789546145.6,7,7,0,0
1789546147.6,7,7,0,0
1789546149.6,7,7,0,0
1789546151.6,7,6,1,0
1789546153.7,7,6,1,0
1789546155.7,7,6,1,0
1789546157.7,7,6,1,0
1789546159.7,7,7,0,0
1789546161.7,7,7,0,0
1789546163.7,7,7,0,0
1789546165.8,7,7,0,0
1789546167.8,7,7,0,0
1789546169.8,7,6,1,0
1789546171.8,7,5,2,0
1789546173.8,7,5,2,0
1789546175.8,7,6,1,0
1789546177.9,7,5,2,0
1789546179.9,7,4,3,0
1789546181.9,7,4,3,0
1789546183.9,7,4,3,0
1789546185.9,7,3,4,0
1789546187.9,7,5,2,0
1789546190.0,7,5,2,0
1789546192.0,7,6,1,0
1789546194.0,7,7,0,0
1789546196.0,7,6,1,0
1789546198.0,7,5,2,0
1789546200.0,7,6,1,0
1789546202.1,7,7,0,0
1789546204.1,7,5,2,0
1789546206.1,7,7,0,0
1789546208.1,7,6,1,0
1789546210.1,7,6,1,0
1789546212.1,7,6,1,0
1789546214.1,7,7,0,0
1789546216.2,7,7,0,0
1789546218.2,7,7,0,0
1789546220.2,7,7,0,0
1789546222.2,7,5,2,0
1789546224.2,7,6,1,0
1789546226.2,7,6,1,0
1789546228.3,7,6,1,0
1789546230.3,7,7,0,0
1789546232.3,7,7,0,0
1789546234.3,7,7,0,0
1789546236.3,7,7,0,0
1789546238.3,7,7,0,0
1789546240.4,7,7,0,0
1789546242.4,7,6,1,0
1789546244.4,7,7,0,0
1789546246.4,7,6,1,0
1789546248.4,7,6,1,0
1789546250.4,7,5,2,0
1789546252.4,7,5,2,0
1789546254.5,7,5,2,0
1789546256.5,7,4,3,0
1789546258.5,7,4,3,0
1789546260.5,7,4,3,0
1789546262.5,7,5,2,0
1789546264.5,7,4,3,0
1789546266.6,7,3,4,0
1789546268.6,7,3,4,0
1789546270.6,7,3,4,0
1789546272.6,7,3,4,0
1789546274.6,7,4,3,0
1789546276.7,7,4,3,0
1789546278.7,7,3,4,0
1789546280.7,7,4,3,0
1789546282.7,7,4,3,0
1789546284.7,7,5,2,0
1789546286.7,7,5,2,0
1789546288.8,7,6,1,0
1789546290.8,7,5,2,0
1789546292.8,7,5,2,0
1789546294.8,7,5,2,0
1789546296.8,7,5,2,0
1789546298.9,7,6,1,0
1789546300.9,7,6,1,0
1789546302.9,7,6,1,0
1789546304.9,7,5,2,0
1789546306.9,7,4,3,0
1789546309.0,7,5,2,0
1789546311.0,8,5,3,0
1789546313.0,8,5,3,0
1789546315.0,8,5,3,0
1789546317.0,8,4,4,0
1789546319.0,8,4,4,0
1789546321.1,8,4,4,0
1789546323.1,8,4,4,0
1789546325.1,8,5,3,0
1789546327.1,8,5,3,0
1789546329.1,8,5,3,0
1789546331.1,8,5,3,0
1789546333.2,8,5,3,0
1789546335.2,8,5,3,0
1789546337.2,8,5,3,0
1789546339.2,8,5,3,0
1789546341.2,8,4,4,0
1789546343.2,8,4,4,0
1789546345.3,8,5,3,0
1789546347.3,8,4,4,0
1789546349.3,8,6,2,0
1789546351.3,8,6,2,0
1789546353.3,8,6,2,0
1789546355.3,8,5,3,0
1789546357.4,8,5,3,0
1789546359.4,8,4,4,0
1789546361.4,8,4,4,0
1789546363.4,8,4,4,0
1789546365.4,8,5,3,0
1789546367.5,8,6,2,0
1789546369.5,8,6,2,0
1789546371.5,8,5,3,0
1789546373.5,8,4,4,0
1789546375.5,8,4,4,0
1789546377.5,8,5,3,0
1789546379.6,8,4,4,0
1789546381.6,8,4,4,0
1789546383.6,8,4,4,0
1789546385.6,8,5,3,0
1789546387.6,8,5,3,0
1789546389.6,8,6,2,0
1789546391.7,8,6,2,0
1789546393.7,8,5,3,0
1789546395.7,8,4,4,0
1789546397.7,8,4,4,0
1789546399.7,8,5,3,0
1789546401.7,8,5,3,0
1789546403.8,9,4,5,0
1789546405.8,9,3,6,0
1789546407.8,9,5,4,0
1789546409.8,9,4,5,0
1789546411.8,9,6,3,0
1789546413.8,9,6,3,0
1789546415.9,9,6,3,0
1789546417.9,9,6,3,0
1789546419.9,9,6,3,0
1789546421.9,9,5,4,0
1789546423.9,9,5,4,0
1789546425.9,9,5,4,0
1789546428.0,9,5,4,0
1789546430.0,9,4,5,0
1789546432.0,9,4,5,0
1789546434.0,9,4,5,0
1789546436.0,9,4,5,0
1789546438.0,9,6,3,0
1789546440.1,9,5,4,0
1789546442.1,9,4,5,0
1789546444.1,9,5,4,0
1789546446.1,9,5,4,0
1789546448.1,9,6,3,0
1789546450.2,9,5,4,0
1789546452.2,9,5,4,0
1789546454.2,9,5,4,0
1789546456.2,9,6,3,0
1789546458.2,9,5,4,0
1789546460.2,9,6,3,0
1789546462.3,9,5,4,0
1789546464.3,9,4,5,0
1789546466.3,9,5,4,0
1789546468.3,9,5,4,0
1789546470.3,9,5,4,0
1789546472.3,9,5,4,0
1789546474.4,9,5,4,0
1789546476.4,9,4,5,0
1789546478.4,9,4,5,0
1789546480.4,9,6,3,0
1789546482.4,9,5,4,0
1789546484.4,9,5,4,0
1789546486.5,9,5,4,0
1789546488.5,9,5,4,0
1789546490.5,9,5,4,0
1789546492.5,9,5,4,0
1789546494.5,9,6,3,0
1789546496.5,9,6,3,0
1789546498.6,9,4,5,0
1789546500.6,9,5,4,0
1789546502.6,9,4,5,0
1789546504.6,9,4,5,0
1789546506.6,9,4,5,0
1789546508.6,9,4,5,0
1789546510.7,9,5,4,0
1789546512.7,9,5,4,0
1789546514.7,9,4,5,0
1789546516.7,9,4,5,0
1789546518.7,9,4,5,0
1789546520.7,9,2,7,0
1789546522.8,9,3,6,0
1789546524.8,9,4,5,0
1789546526.8,9,3,6,0
1789546528.8,9,5,4,0
1789546530.8,9,5,4,0
1789546532.8,9,6,3,0
1789546534.9,9,6,3,0
1789546536.9,9,6,3,0
1789546538.9,9,6,3,0
1789546540.9,9,5,4,0
1789546542.9,9,6,3,0
1789546544.9,9,5,4,0
1789546547.0,9,5,4,0
1789546549.0,9,5,4,0
1789546551.0,9,5,4,0
1789546553.0,10,6,4,0
1789546555.0,10,6,4,0
1789546557.0,10,6,4,0
1789546559.1,10,6,4,0
1789546561.1,10,5,5,0
1789546563.1,10,4,6,0
1789546565.1,10,4,6,0
1789546567.1,10,5,5,0
1789546569.2,10,5,5,0
1789546571.2,10,6,4,0
1789546573.3,10,6,4,0
1789546575.3,10,5,5,0
1789546577.3,10,6,4,0
1789546579.3,10,6,4,0
1789546581.3,10,5,5,0
1789546583.3,10,6,4,0
1789546585.4,10,6,4,0
1789546587.4,10,6,4,0
1789546589.4,10,6,4,0
1789546591.4,10,5,5,0
1789546593.4,10,4,6,0
1789546595.4,10,4,6,0
1789546597.5,10,5,5,0
1789546599.5,10,5,5,0
1789546601.5,10,6,4,0
1789546603.5,10,6,4,0
1789546605.5,10,5,5,0
1789546607.5,10,5,5,0
1789546609.6,10,5,5,0
1789546611.6,10,5,5,0
1789546613.6,10,5,5,0
1789546615.6,10,5,5,0
1789546617.6,10,6,4,0
1789546619.6,10,6,4,0
1789546621.7,10,6,4,0
1789546623.7,10,6,4,0
1789546625.7,10,6,4,0
1789546627.7,10,6,4,0
1789546629.7,10,6,4,0
1789546631.7,10,6,4,0
1789546633.8,10,6,4,0
1789546635.8,10,6,4,0
1789546637.8,10,5,5,0
1789546639.8,10,6,4,0
1789546641.8,10,6,4,0
1789546643.8,10,6,4,0
1789546645.9,10,5,5,0
1789546647.9,10,5,5,0
1789546649.9,10,5,5,0
1789546651.9,10,5,5,0
1789546653.9,10,5,5,0
1789546655.9,10,5,5,0
1789546658.0,10,5,5,0
1789546660.0,10,6,4,0
1789546662.0,10,6,4,0
1789546664.0,10,6,4,0
1789546666.0,10,6,4,0
1789546668.0,10,6,4,0
1789546670.1,10,6,4,0
1789546672.1,10,6,4,0
1789546674.1,10,5,5,0
1789546676.1,10,5,5,0
1789546678.1,10,5,5,0
1789546680.1,10,4,6,0
1789546682.2,10,4,6,0
1789546684.2,11,7,4,0
1789546686.2,11,7,4,0
1789546688.2,11,5,6,0
1789546690.2,11,7,4,0
1789546692.2,11,6,5,0
1789546694.3,11,6,5,0
1789546696.3,11,6,5,0
1789546698.3,11,6,5,0
1789546700.3,11,6,5,0
1789546702.3,11,6,5,0
1789546704.3,11,7,4,0
1789546706.4,11,7,4,0
1789546708.4,11,7,4,0
1789546710.4,11,7,4,0
1789546712.4,11,6,5,0
1789546714.5,11,6,5,0
1789546716.5,12,7,5,0
1789546718.5,12,6,6,0
1789546720.5,12,7,5,0
1789546722.5,12,7,5,0
1789546724.5,12,7,5,0
1789546726.6,12,7,5,0
1789546728.6,12,7,5,0
1789546730.6,12,7,5,0
1789546732.6,12,7,5,0
1789546734.6,12,7,5,0
1789546736.6,12,6,6,0
1789546738.7,12,6,6,0
1789546740.7,12,6,6,0
1789546742.7,12,7,5,0
1789546744.7,12,7,5,0
1789546746.8,12,7,5,0
1789546748.8,12,7,5,0
1789546750.8,12,7,5,0
1789546752.8,12,7,5,0
1789546754.8,12,6,6,0
1789546756.8,12,6,6,0
1789546758.9,12,7,5,0
1789546760.9,12,7,5,0
1789546762.9,12,6,6,0
1789546764.9,12,7,5,0
1789546766.9,12,7,5,0
1789546768.9,12,7,5,0
1789546771.0,12,7,5,0
1789546773.0,12,5,7,0
1789546775.0,12,6,6,0
1789546777.0,12,6,6,0
1789546779.0,12,6,6,0
1789546781.0,12,5,7,0
1789546783.1,12,4,8,0
1789546785.1,12,5,7,0
1789546787.1,12,5,7,0
1789546789.1,12,5,7,0
1789546791.1,12,4,8,0
1789546793.1,12,5,7,0
1789546795.2,12,5,7,0
1789546797.2,12,6,6,0
1789546799.2,12,4,8,0
1789546801.2,12,5,7,0
1789546803.2,12,6,6,0
1789546805.2,12,5,7,0
1789546807.3,12,6,6,0
1789546809.3,12,6,6,0
1789546811.3,12,5,7,0
1789546813.3,12,5,7,0
1789546815.3,12,6,6,0
1789546817.3,12,6,6,0
1789546819.4,12,6,6,0
1789546821.4,12,5,7,0
1789546823.4,13,6,7,0
1789546825.4,13,5,8,0
1789546827.4,13,4,9,0
1789546829.4,13,5,8,0
1789546831.5,13,5,8,0
1789546833.5,13,6,7,0
1789546835.5,13,6,7,0
1789546837.5,14,6,8,0
1789546839.5,14,6,8,0
1789546841.5,14,5,9,0
1789546843.6,14,6,8,0
1789546845.6,14,7,7,0
1789546847.6,14,6,8,0
1789546849.6,14,6,8,0
1789546851.6,14,6,8,0
1789546853.6,14,7,7,0
1789546855.7,15,6,9,0
1789546857.7,15,6,9,0
1789546859.7,15,5,10,0
1789546861.7,15,6,9,0
1789546863.7,15,6,9,0
1789546865.7,15,7,8,0
1789546867.8,15,7,8,0
1789546869.8,15,5,10,0
1789546871.8,15,7,8,0
1789546873.8,15,6,9,0
1789546875.8,15,6,9,0
1789546877.8,15,5,10,0
1789546879.9,15,6,9,0
1789546881.9,15,7,8,0
1789546883.9,15,7,8,0
1789546885.9,15,7,8,0
1789546887.9,15,7,8,0
1789546889.9,15,7,8,0
1789546892.0,15,7,8,0
1789546894.0,15,6,9,0
1789546896.0,15,6,9,0
1789546898.0,15,6,9,0
1789546900.0,15,6,9,0
1789546902.0,15,6,9,0
1789546904.1,15,7,8,0
1789546906.1,15,7,8,0
1789546908.1,15,6,9,0
1789546910.1,15,6,9,0
1789546912.1,15,6,9,0
1789546914.1,15,7,8,0
1789546916.2,15,6,9,0
1789546918.2,15,5,10,0
1789546920.2,15,5,10,0
1789546922.2,15,5,10,0
1789546924.2,15,6,9,0
1789546926.2,16,6,10,0
1789546928.3,16,6,10,0
1789546930.3,16,6,10,0
1789546932.3,16,6,10,0
1789546934.3,16,7,9,0
1789546936.3,16,7,9,0
1789546938.3,16,5,11,0
1789546940.4,16,7,9,0
1789546942.4,16,6,10,0
1789546944.4,16,6,10,0
1789546946.4,16,5,11,0
1789546948.4,16,6,10,0
1789546950.4,16,7,9,0
1789546952.5,16,7,9,0
1789546954.5,16,6,10,0
1789546956.5,16,6,10,0
1789546958.5,16,6,10,0
1789546960.5,16,7,9,0
1789546962.5,16,7,9,0
1789546964.6,16,7,9,0
1789546966.6,16,6,10,0
1789546968.6,16,6,10,0
1789546970.6,16,7,9,0
1789546972.6,16,7,9,0
1789546974.6,16,7,9,0
1789546976.7,16,7,9,0
1789546978.7,16,5,11,0
1789546980.7,16,6,10,0
1789546982.7,16,6,10,0
1789546984.7,16,7,9,0
1789546986.7,16,7,9,0
1789546988.8,16,6,10,0
1789546990.8,16,7,9,0
1789546992.8,16,6,10,0
1789546994.8,16,6,10,0
1789546996.8,16,6,10,0
1789546998.8,16,6,10,0
1789547000.9,16,6,10,0
1789547002.9,16,5,11,0
1789547004.9,16,4,12,0
1789547006.9,16,4,12,0
1789547008.9,16,5,11,0
1789547010.9,16,7,9,0
1789547013.0,16,6,10,0
1789547015.0,16,6,10,0
1789547017.0,16,7,9,0
1789547019.0,16,7,9,0
1789547021.0,16,7,9,0
1789547023.0,16,7,9,0
1789547025.1,16,7,9,0
1789547027.1,16,6,10,0
1789547029.1,16,6,10,0
1789547031.1,16,6,10,0
1789547033.1,16,6,10,0
1789547035.1,16,7,9,0
1789547037.2,17,7,10,0
1789547039.2,17,7,10,0
1789547041.2,17,6,11,0
1789547043.2,17,7,10,0
1789547045.2,17,7,10,0
1789547047.2,17,6,11,0
1789547049.3,17,6,11,0
1789547051.3,17,6,11,0
1789547053.3,17,7,10,0
1789547055.3,17,7,10,0
1789547057.3,17,7,10,0
1789547059.3,17,7,10,0
1789547061.4,17,7,10,0
1789547063.4,17,6,11,0
1789547065.4,17,7,10,0
1789547067.4,17,7,10,0
1789547069.4,17,7,10,0
1789547071.4,17,6,11,0
1789547073.5,17,7,10,0
1789547075.5,17,7,10,0
1789547077.5,17,7,10,0
1789547079.5,17,7,10,0
1789547081.5,17,7,10,0
1789547083.5,17,7,10,0
1789547085.6,17,7,10,0
1789547087.6,17,7,10,0
1789547089.6,17,7,10,0
1789547091.6,17,7,10,0
1789547093.6,17,7,10,0
1789547095.6,17,7,10,0
1789547097.7,17,7,10,0
1789547099.7,17,7,10,0
1789547101.7,17,7,10,0
1789547103.7,17,7,10,0
1789547105.8,17,7,10,0
1789547107.8,17,7,10,0
1789547109.8,17,7,10,0
1789547111.8,17,7,10,0
1789547113.8,17,7,10,0
1789547115.8,17,7,10,0
1789547117.9,17,7,10,0
1789547119.9,17,7,10,0
1789547121.9,17,6,11,0
1789547123.9,17,7,10,0
1789547125.9,17,7,10,0
1789547127.9,17,7,10,0
1789547130.0,17,7,10,0
1789547132.0,17,7,10,0
1789547134.0,17,7,10,0
1789547136.0,17,7,10,0
1789547138.0,17,7,10,0
1789547140.0,17,6,11,0
1789547142.1,17,5,12,0
1789547144.1,17,6,11,0
1789547146.1,17,7,10,0
1789547148.1,17,6,11,0
1789547150.1,17,7,10,0
1789547152.1,17,7,10,0
1789547154.2,17,6,11,0
1789547156.2,17,6,11,0
1789547158.2,17,6,11,0
1789547160.2,17,5,12,0
1789547162.2,17,6,11,0
1789547164.2,17,7,10,0
1789547166.3,17,6,11,0
1789547168.3,17,5,12,0
1789547170.3,17,6,11,0
1789547172.3,17,7,10,0
1789547174.3,17,6,11,0
1789547176.3,17,6,11,0
1789547178.4,17,6,11,0
1789547180.4,17,7,10,0
1789547182.4,17,7,10,0
1789547184.4,17,7,10,0
1789547186.4,17,7,10,0
1789547188.5,17,7,10,0
1789547190.5,17,7,10,0
1789547192.5,17,7,10,0
1789547194.5,17,7,10,0
1789547196.5,17,7,10,0
1789547198.5,18,6,12,0
1789547200.6,18,6,12,0
1789547202.6,18,6,12,0
1789547204.6,18,7,11,0
1789547206.6,18,7,11,0
1789547208.6,18,7,11,0
1789547210.7,18,5,13,0
1789547212.7,18,6,12,0
1789547214.7,18,6,12,0
1789547216.7,18,6,12,0
1789547218.7,18,6,12,0
1789547220.7,18,7,11,0
1789547222.8,18,5,13,0
1789547224.8,18,6,12,0
1789547226.8,18,7,11,0
1789547228.8,18,5,13,0
1789547230.8,18,7,11,0
1789547232.8,18,6,12,0
1789547234.9,18,5,13,0
1789547236.9,18,6,12,0
1789547238.9,18,6,12,0
1789547240.9,18,5,13,0
1789547242.9,18,5,13,0
1789547244.9,18,5,13,0
1789547247.0,18,5,13,0
1789547249.0,18,6,12,0
1789547251.0,18,5,13,0
1789547253.0,18,5,13,0
1789547255.0,18,5,13,0
1789547257.0,18,5,13,0
1789547259.1,18,7,11,0
1789547261.1,18,7,11,0
1789547263.1,19,7,12,0
1789547265.1,19,7,12,0
1789547267.1,19,7,12,0
1789547269.1,19,7,12,0
1789547271.2,19,7,12,0
1789547273.2,19,7,12,0
1789547275.2,19,7,12,0
1789547277.2,19,7,12,0
1789547279.2,19,7,12,0
1789547281.2,19,7,12,0
1789547283.3,19,7,12,0
1789547285.3,19,7,12,0
1789547287.3,19,6,13,0
1789547289.3,19,7,12,0
1789547291.3,19,7,12,0
1789547293.3,19,6,13,0
1789547295.4,19,7,12,0
1789547297.4,19,7,12,0
1789547299.4,19,7,12,0
1789547301.4,19,6,13,0
1789547303.4,19,7,12,0
1789547305.4,19,6,13,0
1789547307.5,19,6,13,0
1789547309.5,19,6,13,0
1789547311.5,19,6,13,0
1789547313.5,19,7,12,0
1789547315.5,19,7,12,0
1789547317.5,19,7,12,0
1789547319.6,19,7,12,0
1789547321.6,19,7,12,0
1789547323.6,19,7,12,0
1789547325.6,19,7,12,0
1789547327.6,19,7,12,0
1789547329.7,19,7,12,0
1789547331.7,19,6,13,0
1789547333.7,19,7,12,0
1789547335.7,19,7,12,0
1789547337.7,19,5,14,0
1789547339.7,19,6,13,0
1789547341.8,19,7,12,0
1789547343.8,19,7,12,0
1789547345.8,19,7,12,0
1789547347.8,19,7,12,0
1789547349.8,19,7,12,0
1789547351.8,19,7,12,0
1789547353.9,19,7,12,0
1789547355.9,19,7,12,0
1789547357.9,19,7,12,0
1789547359.9,19,7,12,0
1789547361.9,19,7,12,0
1789547363.9,19,6,13,0
1789547366.0,19,6,13,0
1789547368.0,19,7,12,0
1789547370.0,19,7,12,0
1789547372.0,19,7,12,0
1789547374.0,19,6,13,0
1789547376.0,19,6,13,0
1789547378.1,19,7,12,0
1789547380.1,19,7,12,0
1789547382.1,19,7,12,0
1789547384.1,19,7,12,0
1789547386.1,19,5,14,0
1789547388.1,19,7,12,0
1789547390.2,19,6,13,0
1789547392.2,19,6,13,0
1789547394.2,19,7,12,0
1789547396.2,19,7,12,0
1789547398.2,19,7,12,0
1789547400.2,19,7,12,0
1789547402.3,19,7,12,0
1789547404.3,19,6,13,0
1789547406.3,19,7,12,0
1789547408.3,19,6,13,0
1789547410.4,19,7,12,0
1789547412.4,19,6,13,0
1789547414.4,19,5,14,0
1789547416.4,19,5,14,0
1789547418.4,19,7,12,0
1789547420.4,19,6,13,0
1789547422.5,19,6,13,0
1789547424.5,19,6,13,0
1789547426.5,19,6,13,0
1789547428.5,19,6,13,0
1789547430.5,19,7,12,0
1789547432.5,19,7,12,0
1789547434.6,19,6,13,0
1789547436.6,19,6,13,0
1789547438.6,19,6,13,0
1789547440.6,19,5,14,0
1789547442.6,19,4,15,0
1789547444.7,19,5,14,0
1789547446.7,19,3,16,0
1789547448.7,19,4,15,0
1789547450.7,19,5,14,0
1789547452.7,19,6,13,0
1789547454.7,19,4,15,0
1789547456.8,19,6,13,0
1789547458.8,19,6,13,0
1789547460.8,19,6,13,0
1789547462.8,19,5,14,0
1789547464.8,19,6,13,0
1789547466.8,19,6,13,0
1789547468.8,19,6,13,0
1789547470.9,19,7,12,0
1789547472.9,19,7,12,0
1789547474.9,19,7,12,0
1789547476.9,20,6,14,0
1789547478.9,20,6,14,0
1789547480.9,20,6,14,0
1789547483.0,20,7,13,0
1789547485.0,20,7,13,0
1789547487.0,20,6,14,0
1789547489.0,20,7,13,0
1789547491.0,20,6,14,0
1789547493.0,20,6,14,0
1789547495.1,20,6,14,0
1789547497.1,20,6,14,0
1789547499.1,20,7,13,0
1789547501.1,20,7,13,0
1789547503.1,20,7,13,0
1789547505.1,20,6,14,0
1789547507.2,20,7,13,0
1789547509.2,20,7,13,0
1789547511.2,20,7,13,0
1789547513.2,20,6,14,0
1789547515.2,20,6,14,0
1789547517.2,20,5,15,0
1789547519.3,20,6,14,0
1789547521.3,20,6,14,0
1789547523.3,20,6,14,0
1789547525.3,20,7,13,0
1789547527.3,20,7,13,0
1789547529.3,20,7,13,0
1789547531.4,20,6,14,0
1789547533.4,20,7,13,0
1789547535.4,20,7,13,0
1789547537.4,20,6,14,0
1789547539.4,20,7,13,0
1789547541.4,20,7,13,0
1789547543.5,20,6,14,0
1789547545.5,20,7,13,0
1789547547.5,20,7,13,0
1789547549.5,20,7,13,0
1789547551.5,20,6,14,0
1789547553.5,20,7,13,0
1789547555.6,20,7,13,0
1789547557.6,20,6,14,0
1789547559.6,20,6,14,0
1789547561.6,20,7,13,0
1789547563.6,20,7,13,0
1789547565.7,20,7,13,0
1789547567.7,20,7,13,0
1789547569.7,20,6,14,0
1789547571.7,20,7,13,0
1789547573.7,20,6,14,0
1789547575.7,20,7,13,0
1789547577.8,20,7,13,0
1789547579.8,20,7,13,0
1789547581.8,20,5,15,0
1789547583.8,20,6,14,0
1789547585.8,20,6,14,0
1789547587.8,20,6,14,0
1789547589.9,20,7,13,0
1789547591.9,20,7,13,0
1789547593.9,20,5,15,0
1789547595.9,20,4,16,0
1789547598.0,20,6,14,0
1789547600.0,20,6,14,0
1789547602.0,20,7,13,0
1789547604.0,20,6,14,0
1789547606.0,20,6,14,0
1789547608.0,20,7,13,0
1789547610.1,20,5,15,0
1789547612.1,20,4,16,0
1789547614.1,20,5,15,0
1789547616.1,20,5,15,0
1789547618.1,20,7,13,0
1789547620.1,21,7,14,0
1789547622.2,21,6,15,0
1789547624.2,21,5,16,0
1789547626.2,21,6,15,0
1789547628.2,21,6,15,0
1789547630.2,21,5,16,0
1789547632.2,21,7,14,0
1789547634.3,21,6,15,0
1789547636.3,21,7,14,0
1789547638.3,21,7,14,0
1789547640.3,21,7,14,0
1789547642.3,21,7,14,0
1789547644.4,21,7,14,0
1789547646.4,21,7,14,0
1789547648.4,21,6,15,0
1789547650.4,21,7,14,0
1789547652.4,21,7,14,0
1789547654.4,21,7,14,0
1789547656.5,21,7,14,0
1789547658.5,21,6,15,0
1789547660.5,21,5,16,0
1789547662.5,21,5,16,0
1789547664.5,21,5,16,0
1789547666.5,21,6,15,0
1789547668.6,21,6,15,0
1789547670.6,21,6,15,0
1789547672.6,21,7,14,0
1789547674.6,21,5,16,0
1789547676.6,21,5,16,0
1789547678.7,21,7,14,0
1789547680.7,21,7,14,0
1789547682.7,21,6,15,0
1789547684.7,21,6,15,0
1789547686.7,21,6,15,0
1789547688.7,21,6,15,0
1789547690.8,21,7,14,0
1789547692.8,21,7,14,0
1789547694.8,21,6,15,0
1789547696.8,21,7,14,0
1789547698.8,21,7,14,0
1789547700.8,21,7,14,0
1789547702.9,21,7,14,0
1789547704.9,21,7,14,0
1789547706.9,21,7,14,0
1789547708.9,21,7,14,0
1789547710.9,21,7,14,0
1789547713.0,21,6,15,0
1789547715.0,21,7,14,0
1789547717.0,21,7,14,0
1789547719.0,21,5,16,0
1789547721.0,21,6,15,0
1789547723.0,21,6,15,0
1789547725.1,21,7,14,0
1789547727.1,21,6,15,0
1789547729.1,21,7,14,0
1789547731.1,21,7,14,0
1789547733.1,21,6,15,0
1789547735.1,21,6,15,0
1789547737.2,21,7,14,0
1789547739.2,21,7,14,0
1789547741.2,21,7,14,0
1789547743.2,21,7,14,0
1789547745.2,21,6,15,0
1789547747.3,21,7,14,0
1789547749.3,21,5,16,0
1789547751.3,21,6,15,0
1789547753.3,21,7,14,0
1789547755.3,21,6,15,0
1789547757.3,21,7,14,0
1789547759.4,21,7,14,0
1789547761.4,21,7,14,0
1789547763.4,21,7,14,0
1789547765.4,21,7,14,0
1789547767.4,21,7,14,0
1789547769.4,21,5,16,0
1789547771.5,21,7,14,0
1789547773.5,21,7,14,0
1789547775.5,21,6,15,0
1789547777.5,21,7,14,0
1789547779.5,21,7,14,0
1789547781.6,21,7,14,0
1789547783.6,21,6,15,0
1789547785.6,21,6,15,0
1789547787.6,21,7,14,0
1789547789.6,21,7,14,0
1789547791.7,21,7,14,0
1789547793.7,21,6,15,0
1789547795.7,21,7,14,0
1789547797.7,21,7,14,0
1789547799.7,21,7,14,0
1789547801.7,21,6,15,0
1789547803.8,21,5,16,0
1789547805.8,21,6,15,0
1789547807.8,21,6,15,0
1789547809.8,21,7,14,0
1789547811.8,21,7,14,0
1789547813.9,21,7,14,0
1789547815.9,21,5,16,0
1789547817.9,21,6,15,0
1789547819.9,21,6,15,0
1789547821.9,21,6,15,0
1789547823.9,21,6,15,0
1789547826.0,21,6,15,0
1789547828.0,21,6,15,0
1789547830.0,21,4,17,0
1789547832.0,21,6,15,0
1789547834.0,21,7,14,0
1789547836.0,21,7,14,0
1789547838.1,21,7,14,0
1789547840.1,21,7,14,0
1789547842.1,21,6,15,0
1789547844.1,21,6,15,0
1789547846.1,21,7,14,0
1789547848.1,21,7,14,0
1789547850.2,21,7,14,0
1789547852.2,21,5,16,0
1789547854.2,21,6,15,0
1789547856.2,21,7,14,0
1789547858.2,21,6,15,0
1789547860.2,21,7,14,0
1789547862.3,21,7,14,0
1789547864.3,21,7,14,0
1789547866.3,21,7,14,0
1789547868.3,21,6,15,0
1789547870.3,21,6,15,0
1789547872.4,21,7,14,0
1789547874.4,21,6,15,0
1789547876.4,21,6,15,0
1789547878.4,21,7,14,0
1789547880.4,21,6,15,0
1789547882.4,21,7,14,0
1789547884.5,21,7,14,0
1789547886.5,21,7,14,0
1789547888.5,21,7,14,0
1789547890.5,21,7,14,0
1789547892.5,21,7,14,0
1789547894.5,21,7,14,0
1789547896.6,21,6,15,0
1789547898.6,21,6,15,0
1789547900.6,21,7,14,0
1789547902.6,21,7,14,0
1789547904.6,21,6,15,0
1789547906.6,21,6,15,0
1789547908.7,21,7,14,0
1789547910.7,21,7,14,0
1789547912.7,21,6,15,0
1789547914.7,21,5,16,0
1789547916.7,21,5,16,0
1789547918.7,21,5,16,0
1789547920.8,21,6,15,0
1789547922.8,21,6,15,0
1789547924.8,21,7,14,0
1789547926.8,21,7,14,0
1789547928.8,21,7,14,0
1789547930.9,21,7,14,0
1789547932.9,21,7,14,0
1789547934.9,21,6,15,0
1789547936.9,21,6,15,0
1789547938.9,21,6,15,0
1789547941.0,21,6,15,0
1789547943.0,21,7,14,0
1789547945.0,21,6,15,0
1789547947.0,21,5,16,0
1789547949.0,21,5,16,0
1789547951.1,21,6,15,0
1789547953.1,21,7,14,0
1789547955.1,21,7,14,0
1789547957.1,21,7,14,0
1789547959.1,21,7,14,0
1789547961.2,21,5,16,0
1789547963.2,21,6,15,0
1789547965.2,21,6,15,0
1789547967.2,21,6,15,0
1789547969.2,21,6,15,0
1789547971.2,21,7,14,0
1789547973.3,21,7,14,0
1789547975.3,21,7,14,0
1789547977.3,21,7,14,0
1789547979.3,21,6,15,0
1789547981.3,21,7,14,0
1789547983.3,21,7,14,0
1789547985.4,21,7,14,0
1789547987.4,21,6,15,0
1789547989.4,21,6,15,0
1789547991.4,21,6,15,0
1789547993.4,21,7,14,0
1789547995.5,21,7,14,0
1789547997.5,21,7,14,0
1789547999.5,21,7,14,0
1789548001.5,21,6,15,0
1789548003.5,21,6,15,0
1789548005.6,21,6,15,0
1789548007.6,21,6,15,0
1789548009.6,21,7,14,0
1789548011.6,21,5,16,0
1789548013.6,21,6,15,0
1789548015.6,21,7,14,0
1789548017.7,21,7,14,0
1789548019.7,21,6,15,0
1789548021.7,21,6,15,0
1789548023.7,21,5,16,0
1789548025.7,21,7,14,0
1789548027.8,21,6,15,0
1789548029.8,21,6,15,0
1789548031.8,21,7,14,0
1789548033.8,21,6,15,0
1789548035.8,21,6,15,0
1789548037.9,21,7,14,0
1789548039.9,21,7,14,0
1789548041.9,21,5,16,0
1789548043.9,21,5,16,0
1789548045.9,21,5,16,0
1789548047.9,21,5,16,0
1789548050.0,21,6,15,0
1789548052.0,21,7,14,0
1789548054.0,21,6,15,0
1789548056.0,21,6,15,0
1789548058.0,21,6,15,0
1789548060.0,21,6,15,0
1789548062.1,21,6,15,0
1789548064.1,21,7,14,0
1789548066.1,21,7,14,0
1789548068.1,21,6,15,0
1789548070.1,21,5,16,0
1789548072.2,21,5,16,0
1789548074.2,21,6,15,0
1789548076.2,21,6,15,0
1789548078.2,21,7,14,0
1789548080.2,21,7,14,0
1789548082.2,22,7,15,0
1789548084.3,22,7,15,0
1789548086.3,22,6,16,0
1789548088.3,22,6,16,0
1789548090.3,22,6,16,0
1789548092.3,22,8,14,0
1789548094.4,22,7,15,0
1789548096.4,22,7,15,0
1789548098.4,22,8,14,0
1789548100.4,22,8,14,0
1789548102.4,22,7,15,0
1789548104.4,22,8,14,0
1789548106.5,22,6,16,0
1789548108.5,22,6,16,0
1789548110.5,22,8,14,0
1789548112.5,22,7,15,0
1789548114.5,22,7,15,0
1789548116.6,22,7,15,0
1789548118.6,22,7,15,0
1789548120.6,22,7,15,0
1789548122.6,22,7,15,0
1789548124.6,22,7,15,0
1789548126.7,22,7,15,0
1789548128.7,22,6,16,0
1789548130.7,22,5,17,0
1789548132.7,22,6,16,0
1789548134.7,22,6,16,0
1789548136.7,22,5,17,0
1789548138.8,22,7,15,0
1789548140.8,22,5,17,0
1789548142.8,22,6,16,0
1789548144.9,22,7,15,0
1789548146.9,22,6,16,0
1789548148.9,22,7,15,0
1789548150.9,22,6,16,0
1789548152.9,22,7,15,0
1789548155.0,22,6,16,0
1789548157.0,22,6,16,0
1789548159.0,22,5,17,0
1789548161.0,22,5,17,0
1789548163.1,22,6,16,0
1789548165.1,22,5,17,0
1789548167.1,22,7,15,0
1789548169.1,22,6,16,0
1789548171.1,22,7,15,0
1789548173.2,22,6,16,0
1789548175.2,22,6,16,0
1789548177.2,22,6,16,0
1789548179.2,22,6,16,0
1789548181.2,22,7,15,0
1789548183.3,22,6,16,0
1789548185.3,22,6,16,0
1789548187.3,22,6,16,0
1789548189.3,22,6,16,0
1789548191.3,22,7,15,0
1789548193.4,22,7,15,0
1789548195.4,22,5,17,0
1789548197.4,22,5,17,0
1789548199.4,22,6,16,0
1789548201.4,22,6,16,0
1789548203.4,22,5,17,0
1789548205.5,22,6,16,0
1789548207.5,22,6,16,0
1789548209.5,22,5,17,0
1789548211.5,22,6,16,0
1789548213.5,22,5,17,0
1789548215.6,22,5,17,0
1789548217.6,22,4,18,0
1789548219.6,22,6,16,0
1789548221.6,22,6,16,0
1789548223.6,22,6,16,0
1789548225.7,22,6,16,0
1789548227.7,22,6,16,0
1789548229.7,22,6,16,0
1789548231.7,22,5,17,0
1789548233.7,23,6,17,0
1789548235.8,23,6,17,0
1789548237.8,23,6,17,0
1789548239.8,23,6,17,0
1789548241.8,23,6,17,0
1789548243.8,23,7,16,0
1789548245.8,23,6,17,0
1789548247.9,23,7,16,0
1789548249.9,23,7,16,0
1789548251.9,23,6,17,0
1789548253.9,23,7,16,0
1789548255.9,23,7,16,0
1789548257.9,23,6,17,0
1789548260.0,23,5,18,0
1789548262.0,23,7,16,0
1789548264.0,23,6,17,0
1789548266.0,23,7,16,0
1789548268.0,23,7,16,0
1789548270.1,23,7,16,0
1789548272.1,23,7,16,0
1789548274.1,23,6,17,0
1789548276.1,23,6,17,0
1789548278.1,23,5,18,0
1789548280.2,23,6,17,0
1789548282.2,23,5,18,0
1789548284.2,23,5,18,0
1789548286.2,23,5,18,0
1789548288.2,23,4,19,0
1789548290.2,23,4,19,0
1789548292.3,23,4,19,0
1789548294.3,23,4,19,0
1789548296.3,23,5,18,0
1789548298.3,23,5,18,0
1789548300.3,23,5,18,0
1789548302.4,23,5,18,0
1789548304.4,23,4,19,0
1789548306.4,23,4,19,0
1789548308.4,23,4,19,0
1789548310.4,23,4,19,0
1789548312.5,23,5,18,0
1789548314.5,23,5,18,0
1789548316.5,23,3,20,0
1789548318.5,23,3,20,0
1789548320.5,23,4,19,0
1789548322.6,23,5,18,0
1789548324.6,23,5,18,0
1789548326.6,23,5,18,0
1789548328.6,23,5,18,0
1789548330.6,23,5,18,0
1789548332.7,23,5,18,0
1789548334.7,23,5,18,0
1789548336.7,23,5,18,0
1789548338.7,23,5,18,0
1789548340.7,23,5,18,0
1789548342.8,23,5,18,0
1789548344.8,23,5,18,0
1789548346.8,23,5,18,0
1789548348.8,23,5,18,0
1789548350.8,23,5,18,0
1789548352.9,23,4,19,0
1789548354.9,23,4,19,0
1789548356.9,23,4,19,0
1789548358.9,23,4,19,0
1789548360.9,23,5,18,0
1789548362.9,23,5,18,0
1789548365.0,23,5,18,0
1789548367.0,23,5,18,0
1789548369.0,23,5,18,0
1789548371.0,23,5,18,0
1789548373.0,23,3,20,0
1789548375.1,23,5,18,0
1789548377.1,23,4,19,0
1789548379.1,23,5,18,0
1789548381.1,23,5,18,0
1789548383.1,23,5,18,0
1789548385.2,23,3,20,0
1789548387.2,23,3,20,0
1789548389.2,23,1,22,0
1789548391.2,23,5,18,0
1789548393.2,23,4,19,0
1789548395.2,23,5,18,0
1789548397.3,23,5,18,0
1789548399.3,23,4,19,0
1789548401.3,23,5,18,0
1789548403.3,23,5,18,0
1789548405.3,23,4,19,0
1789548407.3,23,5,18,0
1789548409.4,23,5,18,0
1789548411.4,23,5,18,0
1789548413.4,23,4,19,0
1789548415.4,23,3,20,0
1789548417.4,23,5,18,0
1789548419.5,23,5,18,0
1789548421.5,23,5,18,0
1789548423.5,23,5,18,0
1789548425.5,23,5,18,0
1789548427.5,23,3,20,0
1789548429.5,23,5,18,0
1789548431.6,23,5,18,0
1789548433.6,23,4,19,0
1789548435.6,23,4,19,0
1789548437.6,23,5,18,0
1789548439.6,23,5,18,0
1789548441.6,23,5,18,0
1789548443.7,23,4,19,0
1789548445.7,23,5,18,0
1789548447.7,23,5,18,0
1789548449.7,23,5,18,0
1789548451.7,23,5,18,0
1789548453.8,23,5,18,0
1789548455.8,23,5,18,0
1789548457.8,23,5,18,0
1789548459.8,23,5,18,0
1789548461.8,23,5,18,0
1789548463.8,23,5,18,0
1789548465.9,23,5,18,0
1789548467.9,23,4,19,0
1789548469.9,23,4,19,0
1789548471.9,23,3,20,0
1789548473.9,23,4,19,0
1789548475.9,23,5,18,0
1789548478.0,23,4,19,0
1789548480.0,23,4,19,0
1789548482.0,23,4,19,0
1789548484.0,23,4,19,0
1789548486.0,23,5,18,0
1789548488.1,23,5,18,0
1789548490.1,23,4,19,0
1789548492.1,23,3,20,0
1789548494.1,23,2,21,0
1789548496.2,23,1,22,0
1789548498.2,23,3,20,0
1789548500.2,23,3,20,0
1789548502.2,23,4,19,0
1789548504.2,23,4,19,0
1789548506.2,23,4,19,0
1789548508.3,23,4,19,0
1789548510.3,23,4,19,0
1789548512.3,23,3,20,0
1789548514.3,23,3,20,0
1789548516.3,23,4,19,0
1789548518.3,23,4,19,0
1789548520.4,23,4,19,0
1789548522.4,23,4,19,0
1789548524.4,23,3,20,0
1789548526.4,23,4,19,0
1789548528.4,23,3,20,0
1789548530.5,23,4,19,0
1789548532.5,23,4,19,0
1789548534.5,23,4,19,0
1789548536.5,23,3,20,0
1789548538.5,23,3,20,0
1789548540.6,23,4,19,0
1789548542.6,23,3,20,0
1789548544.6,23,3,20,0
1789548546.6,23,3,20,0
1789548548.6,23,2,21,0
1789548550.6,23,3,20,0
1789548552.7,23,3,20,0
1789548554.7,23,2,21,0
1789548556.7,23,3,20,0
1789548558.7,23,3,20,0
1789548560.7,23,3,20,0
1789548562.7,23,2,21,0
1789548564.8,23,3,20,0
1789548566.8,23,4,19,0
1789548568.8,23,4,19,0
1789548570.8,23,4,19,0
1789548572.8,23,2,21,0
1789548574.8,23,4,19,0
1789548576.9,23,4,19,0
1789548578.9,23,3,20,0
1789548580.9,23,3,20,0
1789548582.9,23,3,20,0
1789548584.9,23,4,19,0
1789548587.0,23,4,19,0
1789548589.0,23,4,19,0
1789548591.0,23,3,20,0
1789548593.0,23,3,20,0
1789548595.0,23,3,20,0
1789548597.0,23,4,19,0
1789548599.1,23,4,19,0
1789548601.1,23,3,20,0
1789548603.1,23,4,19,0
1789548605.1,23,4,19,0
1789548607.1,23,3,20,0
1789548609.2,23,3,20,0
1789548611.2,23,4,19,0
1789548613.2,23,4,19,0
1789548615.2,23,4,19,0
1789548617.2,23,4,19,0
1789548619.2,23,2,21,0
1789548621.3,23,3,20,0
1789548623.3,23,4,19,0
1789548625.3,23,3,20,0
1789548627.3,23,3,20,0
1789548629.3,23,2,21,0
1789548631.4,23,4,19,0
1789548633.4,23,3,20,0
1789548635.4,23,2,21,0
1789548637.4,23,3,20,0
1789548639.4,23,3,20,0
1789548641.4,23,4,19,0
1789548643.5,23,4,19,0
1789548645.5,23,3,20,0
1789548647.5,23,4,19,0
1789548649.5,23,4,19,0
1789548651.5,23,4,19,0
1789548653.6,23,4,19,0
1789548655.6,23,4,19,0
1789548657.6,23,3,20,0
1789548659.6,23,3,20,0
1789548661.6,23,3,20,0
1789548663.7,23,4,19,0
1789548665.7,23,2,21,0
1789548667.7,23,2,21,0
1789548669.7,23,3,20,0
1789548671.7,23,4,19,0
1789548673.7,23,3,20,0
1789548675.8,23,4,19,0
1789548677.8,23,2,21,0
1789548679.8,23,2,21,0
1789548681.8,23,4,19,0
1789548683.8,23,3,20,0
1789548685.8,23,3,20,0
1789548687.9,23,3,20,0
1789548689.9,23,4,19,0
1789548691.9,23,3,20,0
1789548693.9,23,3,20,0
1789548695.9,23,3,20,0
1789548698.0,23,3,20,0
1789548700.0,23,3,20,0
1789548702.0,23,2,21,0
1789548704.0,23,4,19,0
1789548706.0,23,4,19,0
1789548708.0,23,4,19,0
1789548710.1,23,4,19,0
1789548712.1,23,4,19,0
1789548714.1,23,4,19,0
1789548716.1,23,3,20,0
1789548718.1,23,3,20,0
1789548720.1,23,3,20,0
1789548722.2,23,3,20,0
1789548724.2,23,3,20,0
1789548726.2,23,3,20,0
1789548728.2,23,3,20,0
1789548730.2,23,4,19,0
1789548732.2,23,3,20,0
1789548734.3,23,3,20,0
1789548736.3,23,3,20,0
1789548738.3,23,2,21,0
1789548740.3,23,3,20,0
1789548742.3,23,3,20,0
1789548744.4,23,3,20,0
1789548746.4,23,3,20,0
1789548748.4,23,3,20,0
1789548750.4,23,3,20,0
1789548752.4,23,3,20,0
1789548754.4,23,0,23,0
1789548756.5,23,3,20,0
1789548758.5,23,3,20,0
1789548760.5,23,3,20,0
1789548762.5,23,3,20,0
1789548764.5,23,3,20,0
1789548766.5,23,2,21,0
1789548768.6,23,3,20,0
1789548770.6,23,3,20,0
1789548772.6,23,1,22,0
1789548774.6,23,1,22,0
1789548776.6,23,0,23,0
1789548778.7,23,0,23,0
1789548780.7,23,0,23,0
1789548782.7,23,0,23,0
1789548784.7,23,0,23,0
1789548786.7,23,0,23,0
1789548788.7,23,0,23,0
1789548790.8,23,0,23,0
1789548792.8,23,0,23,0
1789548794.8,23,0,23,0
1789548796.8,23,0,23,0
1789548798.8,23,0,23,0
1789548800.8,23,0,23,0
1789548802.9,23,0,23,0
1789548804.9,23,0,23,0
1789548806.9,23,0,23,0
1789548808.9,23,0,23,0
1789548810.9,23,0,23,0
1789548813.0,23,0,23,0
1789548815.0,23,0,23,0
1789548817.0,23,0,23,0
1789548819.0,23,0,23,0
1789548821.0,23,0,23,0
1789548823.0,23,0,23,0
1789548825.1,23,0,23,0
1789548827.1,23,0,23,0
1789548829.1,23,0,23,0
1789548831.1,23,0,23,0
1789548833.1,23,0,23,0
1789548835.1,23,0,23,0
1789548837.2,23,0,23,0
1789548839.2,23,0,23,0
1789548841.2,23,0,23,0
1789548843.2,23,0,23,0
1789548845.2,23,0,23,0
1789548847.3,23,0,23,0
1789548849.3,23,0,23,0
1789548851.3,23,0,23,0
1789548853.3,23,0,23,0
1789548855.3,23,0,23,0
1789548857.3,23,0,23,0
1789548859.4,23,0,23,0
1789548861.4,23,0,23,0
1789548863.4,23,0,23,0
1789548865.4,23,0,23,0
1789548867.4,23,0,23,0
1789548869.5,23,0,23,0
1789548871.5,23,0,23,0
1789548873.5,23,0,23,0
1789548875.5,23,0,23,0
1789548877.5,23,0,23,0
1789548879.5,23,0,23,0
1789548881.6,23,0,23,0
1789548883.6,23,0,23,0
1789548885.6,23,0,23,0
1789548887.6,23,0,23,0
1789548889.6,23,0,23,0
1789548891.6,23,0,23,0
1789548893.7,23,0,23,0
1789548895.7,23,0,23,0
1789548897.7,23,0,23,0
1789548899.7,23,0,23,0
1789548901.7,23,0,23,0
1789548903.7,23,0,23,0
1789548905.8,23,0,23,0
1789548907.8,23,0,23,0
1789548909.8,23,0,23,0
1789548911.8,23,0,23,0
1789548913.8,23,0,23,0
1789548915.9,23,0,23,0
1789548917.9,23,0,23,0
1789548919.9,23,0,23,0
1789548921.9,23,0,23,0
1789548923.9,23,0,23,0
1789548925.9,23,0,23,0
1789548928.0,23,0,23,0
1789548930.0,23,0,23,0
1789548932.0,23,0,23,0
1789548934.0,23,0,23,0
1789548936.0,23,0,23,0
1789548938.0,23,0,23,0
1789548940.1,23,0,23,0
1789548942.1,23,0,23,0
1789548944.1,23,0,23,0
1789548946.1,23,0,23,0
1789548948.1,23,0,23,0
1789548950.1,23,0,23,0
1789548952.2,23,0,23,0
1789548954.2,23,0,23,0
1789548956.2,23,0,23,0
1789548958.2,23,0,23,0
1789548960.2,23,0,23,0
1789548962.3,23,0,23,0
1789548964.3,23,0,23,0
1789548966.3,23,0,23,0
1789548968.3,23,0,23,0
1789548970.3,23,0,23,0
1789548972.3,23,0,23,0
1789548974.4,23,0,23,0
1789548976.4,23,0,23,0
1789548978.4,23,0,23,0
1789548980.4,23,0,23,0
1789548982.4,23,0,23,0
1789548984.4,23,0,23,0
1789548986.5,23,0,23,0
1789548988.5,23,0,23,0
1789548990.5,23,0,23,0
1789548992.5,23,0,23,0
1789548994.5,23,0,23,0
1789548996.5,23,0,23,0
1789548998.6,23,0,23,0
1789549000.6,23,0,23,0
1789549002.6,23,0,23,0
1789549004.6,23,0,23,0
1789549006.6,23,0,23,0
1789549008.7,23,0,23,0
1789549010.7,23,0,23,0
1789549012.7,23,0,23,0
1789549014.7,23,0,23,0
1789549016.7,23,0,23,0
1789549018.7,23,0,23,0
1789549020.8,23,0,23,0
1789549022.8,23,0,23,0
1789549024.8,23,0,23,0
1789549026.8,23,0,23,0
1789549028.8,23,0,23,0
1789549030.8,23,0,23,0
1789549032.9,23,0,23,0
1789549034.9,23,0,23,0
1789549036.9,23,0,23,0
1789549038.9,23,0,23,0
1789549040.9,23,0,23,0
1789549042.9,23,0,23,0
1789549045.0,23,0,23,0
1789549047.0,23,0,23,0
1789549049.0,23,0,23,0
1789549051.0,23,0,23,0
1789549053.0,23,0,23,0
1789549055.0,23,0,23,0
1789549057.1,23,0,23,0
1789549059.1,23,0,23,0
1789549061.1,23,0,23,0
1789549063.1,23,0,23,0
1789549065.1,23,0,23,0
1789549067.1,23,0,23,0
1789549069.2,23,0,23,0
1789549071.2,23,0,23,0
1789549073.2,23,0,23,0
1789549075.2,23,0,23,0
1789549077.2,23,0,23,0
1789549079.3,23,0,23,0
1789549081.3,23,0,23,0
1789549083.3,23,0,23,0
1789549085.3,23,0,23,0
1789549087.3,23,0,23,0
1789549089.3,23,0,23,0
1789549091.4,23,0,23,0
1789549091.4,23,0,23,0
