ts,programs_running,programs_idle,programs_marked,programs_paused,holds_reasoning,holds_paused,holds_new,releases_reasoning,releases_paused,releases_new,pauses_total,resumes_total,rebinds_total,starvation_promotions_total,origin_waits_total,pod_utilization,fc_queue_size,fc_queue_wait_sum,fc_queue_wait_count
1789902927.2,0.0,0.0,0.0,0.0,,,,,,,0.0,0.0,0.0,0.0,0.0,0.0,,,
1789902929.3,0.0,0.0,0.0,0.0,,,,,,,0.0,0.0,0.0,0.0,0.0,0.0,,,
1789902931.4,0.0,0.0,0.0,0.0,,,,,,,0.0,0.0,0.0,0.0,0.0,0.0,,,
1789902933.5,0.0,0.0,0.0,0.0,,,,,,,0.0,0.0,0.0,0.0,0.0,0.0,,,
1789902935.5,0.0,0.0,0.0,0.0,,,,,,,0.0,0.0,0.0,0.0,0.0,0.0,,,
1789902937.6,0.0,0.0,0.0,0.0,,,,,,,0.0,0.0,0.0,0.0,0.0,0.0,,,
1789902939.7,0.0,0.0,0.0,0.0,,,,,,,0.0,0.0,0.0,0.0,0.0,0.0,,,
1789902941.8,0.0,0.0,0.0,0.0,,,,,,,0.0,0.0,0.0,0.0,0.0,0.0,,,
1789902943.8,0.0,0.0,0.0,0.0,,,,,,,0.0,0.0,0.0,0.0,0.0,0.0,,,
1789902945.9,0.0,0.0,0.0,0.0,,,,,,,0.0,0.0,0.0,0.0,0.0,0.0,,,
1789902948.0,0.0,0.0,0.0,0.0,,,,,,,0.0,0.0,0.0,0.0,0.0,0.0,,,
1789902950.0,0.0,0.0,0.0,0.0,,,,,,,0.0,0.0,0.0,0.0,0.0,0.0,,,
1789902952.1,0.0,0.0,0.0,0.0,,,,,,,0.0,0.0,0.0,0.0,0.0,0.0,,,
1789902954.2,0.0,0.0,0.0,0.0,,,,,,,0.0,0.0,0.0,0.0,0.0,0.0,,,
1789902956.2,0.0,0.0,0.0,0.0,,,,,,,0.0,0.0,0.0,0.0,0.0,0.0,,,
1789902958.3,0.0,0.0,0.0,0.0,,,,,,,0.0,0.0,0.0,0.0,0.0,0.0,,,
1789902960.4,0.0,0.0,0.0,0.0,,,,,,,0.0,0.0,0.0,0.0,0.0,0.0,,,
1789902962.4,0.0,0.0,0.0,0.0,,,,,,,0.0,0.0,0.0,0.0,0.0,0.0,,,
1789902964.5,0.0,0.0,0.0,0.0,,,,,,,0.0,0.0,0.0,0.0,0.0,0.0,,,
1789902966.6,0.0,0.0,0.0,0.0,,,,,,,0.0,0.0,0.0,0.0,0.0,0.0,,,
1789902968.6,0.0,0.0,0.0,0.0,,,,,,,0.0,0.0,0.0,0.0,0.0,0.0,,,
1789902970.7,0.0,0.0,0.0,0.0,,,,,,,0.0,0.0,0.0,0.0,0.0,0.0,,,
1789902972.8,0.0,0.0,0.0,0.0,,,,,,,0.0,0.0,0.0,0.0,0.0,0.0,,,
1789902974.9,0.0,0.0,0.0,0.0,,,,,,,0.0,0.0,0.0,0.0,0.0,0.0,,,
1789902976.9,0.0,0.0,0.0,0.0,,,,,,,0.0,0.0,0.0,0.0,0.0,0.0,,,
1789902979.0,0.0,0.0,0.0,0.0,,,,,,,0.0,0.0,0.0,0.0,0.0,0.0,,,
1789902981.1,0.0,0.0,0.0,0.0,,,,,,,0.0,0.0,0.0,0.0,0.0,0.0,,,
1789902983.1,0.0,0.0,0.0,0.0,,,,,,,0.0,0.0,0.0,0.0,0.0,0.0,,,
1789902985.2,0.0,0.0,0.0,0.0,,,,,,,0.0,0.0,0.0,0.0,0.0,0.0,,,
1789902987.3,0.0,0.0,0.0,0.0,,,,,,,0.0,0.0,0.0,0.0,0.0,0.0,,,
1789902989.3,0.0,0.0,0.0,0.0,,,,,,,0.0,0.0,0.0,0.0,0.0,0.0,,,
1789902991.4,0.0,0.0,0.0,0.0,,,,,,,0.0,0.0,0.0,0.0,0.0,0.0,,,
1789902993.5,0.0,0.0,0.0,0.0,,,,,,,0.0,0.0,0.0,0.0,0.0,0.0,,,
1789902995.6,0.0,0.0,0.0,0.0,,,,,,,0.0,0.0,0.0,0.0,0.0,0.0,,,
1789902997.7,0.0,0.0,0.0,0.0,,,,,,,0.0,0.0,0.0,0.0,0.0,0.0,,,
1789902999.7,0.0,0.0,0.0,0.0,,,,,,,0.0,0.0,0.0,0.0,0.0,0.0,,,
1789903001.8,0.0,0.0,0.0,0.0,,,,,,,0.0,0.0,0.0,0.0,0.0,0.0,,,
1789903003.9,0.0,0.0,0.0,0.0,,,,,,,0.0,0.0,0.0,0.0,0.0,0.0,,,
1789903006.0,0.0,0.0,0.0,0.0,,,,,,,0.0,0.0,0.0,0.0,0.0,0.0,,,
1789903008.1,0.0,0.0,0.0,0.0,,,,,,,0.0,0.0,0.0,0.0,0.0,0.0,,,
1789903010.2,0.0,0.0,0.0,0.0,,,,,,,0.0,0.0,0.0,0.0,0.0,0.0,,,
1789903012.3,0.0,0.0,0.0,0.0,,,,,,,0.0,0.0,0.0,0.0,0.0,0.0,,,
1789903014.3,0.0,0.0,0.0,0.0,,,,,,,0.0,0.0,0.0,0.0,0.0,0.0,,,
1789903016.4,0.0,0.0,0.0,0.0,,,,,,,0.0,0.0,0.0,0.0,0.0,0.0,,,
1789903018.5,0.0,0.0,0.0,0.0,,,,,,,0.0,0.0,0.0,0.0,0.0,0.0,,,
1789903020.6,0.0,0.0,0.0,0.0,,,,,,,0.0,0.0,0.0,0.0,0.0,0.0,,,
1789903022.7,0.0,0.0,0.0,0.0,,,,,,,0.0,0.0,0.0,0.0,0.0,0.0,,,
1789903024.8,0.0,0.0,0.0,0.0,,,,,,,0.0,0.0,0.0,0.0,0.0,0.0,,,
1789903026.8,0.0,0.0,0.0,0.0,,,,,,,0.0,0.0,0.0,0.0,0.0,0.0,,,
1789903028.9,0.0,0.0,0.0,0.0,,,,,,,0.0,0.0,0.0,0.0,0.0,0.0,,,
1789903031.0,0.0,0.0,0.0,0.0,,,,,,,0.0,0.0,0.0,0.0,0.0,0.0,,,
1789903033.0,0.0,0.0,0.0,0.0,,,,,,,0.0,0.0,0.0,0.0,0.0,0.0,,,
1789903035.1,0.0,0.0,0.0,0.0,,,,,,,0.0,0.0,0.0,0.0,0.0,0.0,,,
1789903037.2,0.0,0.0,0.0,0.0,,,,,,,0.0,0.0,0.0,0.0,0.0,0.0,,,
1789903039.2,0.0,0.0,0.0,0.0,,,,,,,0.0,0.0,0.0,0.0,0.0,0.0,,,
1789903041.3,0.0,0.0,0.0,0.0,,,,,,,0.0,0.0,0.0,0.0,0.0,0.0,,,
1789903043.4,0.0,0.0,0.0,0.0,,,,,,,0.0,0.0,0.0,0.0,0.0,0.0,,,
1789903045.5,0.0,0.0,0.0,0.0,,,,,,,0.0,0.0,0.0,0.0,0.0,0.0,,,
1789903047.5,0.0,0.0,0.0,0.0,,,,,,,0.0,0.0,0.0,0.0,0.0,0.0,,,
1789903049.6,0.0,0.0,0.0,0.0,,,,,,,0.0,0.0,0.0,0.0,0.0,0.0,,,
1789903051.7,0.0,0.0,0.0,0.0,,,,,,,0.0,0.0,0.0,0.0,0.0,0.0,,,
1789903053.8,0.0,0.0,0.0,0.0,,,,,,,0.0,0.0,0.0,0.0,0.0,0.0,,,
1789903055.8,0.0,0.0,0.0,0.0,,,,,,,0.0,0.0,0.0,0.0,0.0,0.0,,,
1789903057.9,0.0,0.0,0.0,0.0,,,,,,,0.0,0.0,0.0,0.0,0.0,0.0,,,
1789903060.0,0.0,0.0,0.0,0.0,,,,,,,0.0,0.0,0.0,0.0,0.0,0.0,,,
1789903062.1,0.0,0.0,0.0,0.0,,,,,,,0.0,0.0,0.0,0.0,0.0,0.0,,,
1789903064.1,0.0,0.0,0.0,0.0,,,,,,,0.0,0.0,0.0,0.0,0.0,0.0,,,
1789903066.2,0.0,0.0,0.0,0.0,,,,,,,0.0,0.0,0.0,0.0,0.0,0.0,,,
1789903068.3,0.0,0.0,0.0,0.0,,,,,,,0.0,0.0,0.0,0.0,0.0,0.0,,,
1789903070.4,0.0,0.0,0.0,0.0,,,,,,,0.0,0.0,0.0,0.0,0.0,0.0,,,
1789903072.4,7.0,0.0,0.0,0.0,,,,,,7.0,0.0,0.0,0.0,0.0,0.0,0.0006285091013124486,,0.0018891,14.0
1789903074.7,34.0,0.0,0.0,0.0,,,,12.0,,34.0,0.0,0.0,0.0,0.0,0.0,0.06353484962271573,,0.013568434,92.0
1789903077.4,42.0,0.0,0.0,0.0,,,,14.0,,42.0,0.0,0.0,0.0,0.0,0.0,0.09450658012373493,,0.016492534,112.0
1789903080.6,54.0,0.0,0.0,0.0,,,,35.0,,54.0,0.0,0.0,0.0,0.0,0.0,0.2606877838572399,,0.026445632,178.0
1789903084.3,68.0,0.0,0.0,0.0,,,,48.0,,68.0,0.0,0.0,0.0,0.0,0.0,0.386368147194507,,0.03521659,232.0
1789903088.1,86.0,0.0,0.0,0.0,,,,49.0,,86.0,0.0,0.0,0.0,0.0,0.0,0.4013423988842399,,0.044149304,270.0
1789903091.6,92.0,1.0,0.0,0.0,,,,74.0,,93.0,0.0,0.0,0.0,0.0,0.0,0.4014228623538247,,0.056577282,334.0
1789903095.4,95.0,1.0,0.0,0.0,,,,83.0,,96.0,0.0,0.0,0.0,0.0,0.0,0.40148544505239064,,0.06083806,358.0
1789903099.4,92.0,4.0,0.0,0.0,,,,88.0,,96.0,0.0,0.0,0.0,0.0,0.0,0.40161061044952256,,0.062461042,368.0
1789903103.4,88.0,8.0,0.0,0.0,,,,100.0,,96.0,0.0,0.0,0.0,0.0,0.0,0.41224609305153237,,0.066526682,392.0
1789903107.5,84.0,12.0,0.0,0.0,,,,116.0,,96.0,0.0,0.0,0.0,0.0,0.0,0.4213259485749026,,0.07259554,424.0
1789903111.6,86.0,10.0,0.0,0.0,,,,137.0,,96.0,0.0,0.0,0.0,0.0,0.0,0.4426469799377749,,0.079092936,466.0
1789903115.7,92.0,4.0,0.0,0.0,,,,156.0,,96.0,0.0,0.0,0.0,0.0,0.0,0.4526414368987591,,0.085715976,504.0
1789903119.8,92.0,4.0,0.0,0.0,,,,175.0,,96.0,0.0,0.0,0.0,0.0,0.0,0.4720975038443658,,0.092922214,542.0
1789903123.9,89.0,7.0,0.0,0.0,,,,189.0,,96.0,0.0,0.0,0.0,0.0,0.0,0.47358428995458285,,0.098340412,570.0
1789903128.1,89.0,7.0,0.0,0.0,,,,206.0,,96.0,0.0,0.0,0.0,0.0,0.0,0.47776615527661553,,0.105030282,604.0
1789903132.1,91.0,5.0,0.0,0.0,,,,225.0,,96.0,0.0,0.0,0.0,0.0,0.0,0.4825072417122626,,0.111496794,642.0
1789903136.6,87.0,9.0,0.0,0.0,,,,250.0,,96.0,0.0,0.0,0.0,0.0,0.0,0.4965762793691664,,0.11966909,692.0
1789903140.7,91.0,5.0,0.0,0.0,,,,267.0,,96.0,0.0,0.0,0.0,0.0,0.0,0.5032529592676036,,0.125707084,726.0
1789903144.9,85.0,11.0,0.0,0.0,,,,288.0,,96.0,0.0,0.0,0.0,0.0,0.0,0.5109729821549905,,0.13276353999999999,768.0
1789903149.2,85.0,11.0,0.0,0.0,,,,309.0,,96.0,0.0,0.0,0.0,0.0,0.0,0.5402183242141401,,0.140587014,810.0
1789903153.4,87.0,9.0,0.0,0.0,,,,331.0,,96.0,0.0,0.0,0.0,0.0,0.0,0.541187909022637,,0.150598112,854.0
1789903157.9,85.0,11.0,0.0,0.0,,,,353.0,,96.0,0.0,0.0,0.0,0.0,0.0,0.5193621928977578,,0.158708002,898.0
1789903162.2,86.0,10.0,0.0,0.0,,,,372.0,,96.0,0.0,0.0,0.0,0.0,0.0,0.5348952186818295,,0.165301862,936.0
1789903166.3,90.0,6.0,0.0,0.0,,,,395.0,,96.0,0.0,0.0,0.0,0.0,0.0,0.5157945320602224,,0.17291638,982.0
1789903170.6,93.0,3.0,0.0,0.0,,,,412.0,,96.0,0.0,0.0,0.0,0.0,0.0,0.5178338339949219,,0.17867074,1016.0
1789903174.9,89.0,7.0,0.0,0.0,,,,424.0,,96.0,0.0,0.0,0.0,0.0,0.0,0.5202660658727605,,0.183048242,1040.0
1789903179.2,89.0,7.0,0.0,0.0,,,,449.0,,96.0,0.0,0.0,0.0,0.0,0.0,0.527230626184601,,0.19274622,1090.0
1789903183.3,91.0,5.0,0.0,0.0,,,,460.0,,96.0,0.0,0.0,0.0,0.0,0.0,0.5325233344061796,,0.197301558,1112.0
1789903187.6,92.0,4.0,0.0,0.0,,,,474.0,,96.0,0.0,0.0,0.0,0.0,0.0,0.5355326681686514,,0.202565358,1140.0
1789903191.9,91.0,5.0,0.0,0.0,,,,495.0,,96.0,0.0,0.0,0.0,0.0,0.0,0.5353963272896327,,0.215574892,1182.0
1789903196.1,87.0,9.0,0.0,0.0,,,,515.0,,96.0,0.0,0.0,0.0,0.0,0.0,0.5632661910381576,,0.222579488,1222.0
1789903200.3,90.0,6.0,0.0,0.0,,,,537.0,,96.0,0.0,0.0,0.0,0.0,0.0,0.5639255444694775,,0.232085962,1266.0
1789903204.6,93.0,3.0,0.0,0.0,,,,556.0,,96.0,0.0,0.0,0.0,0.0,0.0,0.5652706254693702,,0.242343998,1304.0
1789903208.8,91.0,5.0,0.0,0.0,,,,572.0,,96.0,0.0,0.0,0.0,0.0,0.0,0.5753817544612524,,0.248885318,1336.0
1789903213.0,92.0,4.0,0.0,0.0,,,,590.0,,96.0,0.0,0.0,0.0,0.0,0.0,0.5821979043736366,,0.257818194,1372.0
1789903217.2,90.0,6.0,0.0,0.0,,,,611.0,,96.0,0.0,0.0,0.0,0.0,0.0,0.587887118692558,,0.264317674,1414.0
1789903221.5,91.0,5.0,0.0,0.0,,,,627.0,,96.0,0.0,0.0,0.0,0.0,0.0,0.5736222865929979,,0.271107548,1446.0
1789903225.7,88.0,8.0,0.0,0.0,,,,640.0,,96.0,0.0,0.0,0.0,0.0,0.0,0.5747809605550191,,0.275844828,1472.0
1789903229.9,91.0,5.0,0.0,0.0,,,,656.0,,96.0,0.0,0.0,0.0,0.0,0.0,0.5754188570611165,,0.283215764,1504.0
1789903234.2,91.0,5.0,0.0,0.0,,,,678.0,,96.0,0.0,0.0,0.0,0.0,0.0,0.5779226120230304,,0.29100322,1548.0
1789903238.4,88.0,8.0,0.0,0.0,,,,698.0,,96.0,0.0,0.0,0.0,0.0,0.0,0.5833091942924579,,0.297886278,1588.0
1789903242.6,89.0,7.0,0.0,0.0,,,,711.0,,96.0,0.0,0.0,0.0,0.0,0.0,0.5849452848406823,,0.30199388,1614.0
1789903246.8,91.0,5.0,0.0,0.0,,,,726.0,,96.0,0.0,0.0,0.0,0.0,0.0,0.5877118871365733,,0.307562934,1644.0
1789903251.2,80.0,16.0,0.0,0.0,,,,744.0,,96.0,0.0,0.0,0.0,0.0,0.0,0.5895473482816579,,0.31551117,1680.0
1789903255.4,89.0,7.0,0.0,0.0,,,,763.0,,96.0,0.0,0.0,0.0,0.0,0.0,0.6151776454600723,,0.323471944,1718.0
1789903259.6,93.0,3.0,0.0,0.0,,,,786.0,,96.0,0.0,0.0,0.0,0.0,0.0,0.628463058327075,,0.33212492,1764.0
1789903263.8,91.0,5.0,0.0,0.0,,,,800.0,,96.0,0.0,0.0,0.0,0.0,0.0,0.6353449200729535,,0.33772905799999997,1792.0
1789903268.0,89.0,6.0,0.0,1.0,,,,817.0,,96.0,1.0,0.0,0.0,0.0,0.0,0.636538908557737,,0.343545672,1826.0
1789903272.2,90.0,5.0,0.0,1.0,,,,834.0,1.0,96.0,2.0,1.0,0.0,0.0,0.0,0.6392831598898544,,0.350871632,1862.0
1789903276.5,91.0,4.0,0.0,1.0,,,,850.0,2.0,96.0,3.0,2.0,1.0,0.0,0.0,0.6561639487894718,,0.357447752,1896.0
1789903280.7,93.0,3.0,0.0,0.0,,,,857.0,3.0,96.0,3.0,3.0,2.0,0.0,0.0,0.696411776275793,,0.361197432,1912.0
1789903285.0,93.0,3.0,0.0,0.0,,,,870.0,3.0,96.0,3.0,3.0,2.0,0.0,0.0,0.6975498873511425,,0.366672628,1938.0
1789903289.2,88.0,8.0,0.0,0.0,,,,882.0,3.0,96.0,3.0,3.0,2.0,0.0,0.0,0.6993455637807102,,0.370901144,1962.0
1789903293.5,88.0,8.0,0.0,0.0,,,,903.0,3.0,96.0,3.0,3.0,2.0,0.0,0.0,0.7015668025605264,,0.378775016,2004.0
1789903297.8,88.0,8.0,0.0,0.0,,,,919.0,3.0,96.0,3.0,3.0,2.0,0.0,0.0,0.7054294961198727,,0.384427108,2036.0
1789903302.0,90.0,7.0,0.0,0.0,,,,936.0,3.0,97.0,3.0,3.0,2.0,0.0,0.0,0.6900073311161177,,0.391126486,2072.0
1789903306.9,93.0,4.0,0.0,0.0,,,,953.0,3.0,97.0,3.0,3.0,2.0,0.0,0.0,0.6930117476665594,,0.397418142,2106.0
1789903311.3,91.0,6.0,0.0,0.0,,,,971.0,3.0,97.0,3.0,3.0,2.0,0.0,0.0,0.6793508386081608,,0.403223858,2142.0
1789903315.5,92.0,5.0,0.0,0.0,,,,989.0,3.0,97.0,3.0,3.0,2.0,0.0,0.0,0.6813485677502414,,0.40995377,2178.0
1789903319.9,63.0,4.0,29.0,1.0,,,,1002.0,4.0,97.0,5.0,4.0,3.0,0.0,0.0,0.6887686407037872,,0.41518330800000003,2206.0
1789903324.3,65.0,6.0,26.0,0.0,,,,1011.0,8.0,97.0,8.0,8.0,3.0,0.0,0.0,0.6918258055287344,,0.420363748,2232.0
1789903328.7,63.0,8.0,26.0,0.0,,,,1026.0,8.0,97.0,8.0,8.0,3.0,0.0,0.0,0.6954296749275829,,0.429454768,2262.0
1789903333.1,69.0,7.0,21.0,0.0,,,,1041.0,13.0,97.0,13.0,13.0,3.0,0.0,0.0,0.7017871830633337,,0.43818905,2302.0
1789903337.2,75.0,6.0,15.0,1.0,,,,1056.0,18.0,97.0,19.0,18.0,3.0,0.0,0.0,0.7035520151628938,,0.445891682,2342.0
1789903341.6,79.0,5.0,13.0,0.0,,,,1070.0,21.0,97.0,21.0,21.0,3.0,0.0,0.0,0.725471605335622,,0.451576302,2376.0
1789903346.2,79.0,6.0,12.0,0.0,,,,1086.0,22.0,97.0,22.0,22.0,3.0,0.0,0.0,0.7534581411150448,,0.457911404,2410.0
1789903350.7,82.0,4.0,11.0,0.0,,,,1100.0,23.0,97.0,23.0,23.0,3.0,0.0,0.0,0.7548599935629224,,0.463864398,2440.0
1789903355.1,81.0,5.0,11.0,0.0,,,,1112.0,23.0,97.0,23.0,23.0,3.0,0.0,0.0,0.7563065479383471,,0.468178798,2464.0
1789903359.9,85.0,1.0,10.0,1.0,,,,1129.0,25.0,97.0,26.0,25.0,4.0,0.0,0.0,0.7584589457497407,,0.47526161,2502.0
1789903364.5,82.0,5.0,10.0,0.0,,,,1135.0,26.0,97.0,26.0,26.0,4.0,0.0,0.0,0.7866274183742803,,0.478157248,2516.0
1789903368.9,81.0,6.0,10.0,0.0,,,,1145.0,26.0,97.0,26.0,26.0,4.0,0.0,0.0,0.8039261702964632,,0.481960558,2536.0
1789903373.5,68.0,3.0,26.0,0.0,,,,1161.0,29.0,97.0,29.0,29.0,5.0,0.0,0.0,0.7929442477559633,,0.489031954,2574.0
1789903378.3,70.0,6.0,21.0,0.0,,,,1173.0,34.0,97.0,34.0,34.0,5.0,0.0,0.0,0.8127396023316525,,0.495503536,2608.0
1789903382.9,69.0,8.0,19.0,1.0,,,,1182.0,35.0,97.0,36.0,35.0,5.0,0.0,0.0,0.8145397489539749,,0.49945207,2628.0
1789903387.3,76.0,4.0,16.0,1.0,,,,1195.0,38.0,97.0,39.0,38.0,5.0,0.0,0.0,0.8171963845081,,0.505762448,2660.0
1789903391.9,79.0,2.0,16.0,0.0,,,,1205.0,39.0,97.0,39.0,39.0,5.0,0.0,0.0,0.8024139040875442,,0.509634848,2682.0
1789903396.3,79.0,5.0,13.0,0.0,,,,1215.0,42.0,97.0,42.0,42.0,6.0,0.0,0.0,0.8177810857204163,,0.51506061,2708.0
1789903400.7,80.0,5.0,12.0,0.0,,,,1228.0,43.0,97.0,43.0,43.0,6.0,0.0,0.0,0.8181994957622573,,0.520182048,2736.0
1789903405.2,81.0,4.0,12.0,0.0,,,,1241.0,43.0,97.0,43.0,43.0,6.0,0.0,0.0,0.8198771591031006,,0.524800904,2762.0
1789903409.5,81.0,5.0,11.0,0.0,,,,1254.0,44.0,97.0,44.0,44.0,6.0,0.0,0.0,0.8353811286342667,,0.530336986,2790.0
1789903414.1,82.0,5.0,10.0,0.0,,,,1263.0,45.0,97.0,45.0,45.0,6.0,0.0,0.0,0.8438181704395094,,0.533967926,2810.0
1789903418.3,84.0,3.0,10.0,0.0,,,,1272.0,45.0,97.0,45.0,45.0,6.0,0.0,0.0,0.842971515931767,,0.537639786,2828.0
1789903422.6,84.0,3.0,10.0,0.0,,,,1284.0,45.0,97.0,45.0,45.0,6.0,0.0,0.0,0.8438110181311018,,0.54242743,2852.0
1789903426.9,84.0,3.0,10.0,0.0,,,,1296.0,45.0,97.0,45.0,45.0,6.0,0.0,0.0,0.8313373922683546,,0.54715261,2876.0
1789903431.4,83.0,7.0,7.0,0.0,,,,1301.0,48.0,97.0,48.0,48.0,6.0,0.0,0.0,0.8325264635411079,,0.549963752,2892.0
1789903435.7,82.0,8.0,7.0,0.0,,,,1312.0,48.0,97.0,48.0,48.0,6.0,0.0,0.0,0.8336958659657404,,0.553678452,2914.0
1789903439.9,85.0,5.0,7.0,0.0,,,,1329.0,48.0,97.0,48.0,48.0,6.0,0.0,0.0,0.8351075528376783,,0.560823954,2948.0
1789903444.2,85.0,5.0,7.0,0.0,,,,1344.0,48.0,97.0,48.0,48.0,6.0,0.0,0.0,0.8485646211064621,,0.56675585,2978.0
1789903448.6,86.0,5.0,6.0,0.0,,,,1360.0,49.0,97.0,49.0,49.0,6.0,0.0,0.0,0.8512860744555305,,0.573368688,3012.0
1789903452.9,86.0,6.0,5.0,0.0,,,,1372.0,50.0,97.0,50.0,50.0,6.0,0.0,0.0,0.8247603976683474,,0.579042306,3038.0
1789903457.2,87.0,5.0,5.0,0.0,,,,1381.0,50.0,97.0,50.0,50.0,6.0,0.0,0.0,0.8294773450631191,,0.582531844,3056.0
1789903461.5,88.0,5.0,4.0,0.0,,,,1389.0,51.0,97.0,51.0,51.0,6.0,0.0,0.0,0.8308268962557666,,0.585821798,3074.0
1789903465.8,88.0,6.0,3.0,0.0,,,,1408.0,52.0,97.0,52.0,52.0,6.0,0.0,0.0,0.8527272645996495,,0.593446052,3114.0
1789903470.1,89.0,5.0,3.0,0.0,,,,1421.0,52.0,97.0,52.0,52.0,6.0,0.0,0.0,0.8541751600329006,,0.59865925,3140.0
1789903474.4,93.0,2.0,2.0,0.0,,,,1431.0,53.0,97.0,53.0,53.0,6.0,0.0,0.0,0.8420095304509531,,0.602224948,3162.0
1789903478.6,90.0,5.0,2.0,0.0,,,,1443.0,53.0,97.0,53.0,53.0,6.0,0.0,0.0,0.8436125415727926,,0.606148106,3186.0
1789903483.0,91.0,4.0,2.0,0.0,,,,1455.0,53.0,97.0,53.0,53.0,6.0,0.0,0.0,0.8336162965347066,,0.610330006,3210.0
1789903487.3,89.0,6.0,2.0,0.0,,,,1466.0,53.0,97.0,53.0,53.0,6.0,0.0,0.0,0.8350641919679577,,0.614260862,3232.0
1789903491.5,88.0,7.0,2.0,0.0,,,,1479.0,54.0,97.0,54.0,54.0,6.0,0.0,0.0,0.8356699030862211,,0.619718578,3260.0
1789903495.8,91.0,3.0,2.0,1.0,,,,1488.0,54.0,97.0,55.0,54.0,6.0,0.0,0.0,0.8361576011157601,,0.62271706,3278.0
1789903500.2,91.0,3.0,2.0,1.0,,,,1498.0,54.0,97.0,55.0,54.0,6.0,0.0,0.0,0.7815819118120373,,0.627372634,3297.0
1789903504.5,90.0,4.0,2.0,1.0,,,,1505.0,54.0,97.0,55.0,54.0,6.0,0.0,0.0,0.783463862961771,,0.629707292,3312.0
1789903508.8,91.0,4.0,2.0,1.0,,,,1515.0,54.0,98.0,55.0,54.0,6.0,0.0,0.0,0.7790312198261989,,0.634100812,3334.0
1789903513.1,90.0,6.0,2.0,1.0,,,,1530.0,54.0,99.0,55.0,54.0,6.0,0.0,0.0,0.7950586489289418,,0.640267628,3366.0
1789903517.4,90.0,7.0,2.0,1.0,,,,1543.0,54.0,100.0,55.0,54.0,6.0,0.0,0.0,0.7965870078317777,,0.645421148,3394.0
1789903521.8,88.0,9.0,2.0,1.0,,,,1554.0,54.0,100.0,55.0,54.0,6.0,0.0,0.0,0.8200282516182098,,0.649722642,3416.0
1789903526.5,88.0,9.0,2.0,1.0,,,,1569.0,54.0,100.0,55.0,54.0,6.0,0.0,0.0,0.8027102778671816,,0.65577772,3446.0
1789903530.9,88.0,9.0,2.0,1.0,,,,1583.0,54.0,100.0,55.0,54.0,6.0,0.0,0.0,0.8092488288094982,,0.660992896,3474.0
1789903535.3,89.0,8.0,2.0,1.0,,,,1596.0,54.0,100.0,55.0,54.0,6.0,0.0,0.0,0.8097986625183278,,0.66658481,3500.0
1789903539.6,91.0,7.0,2.0,1.0,,,,1613.0,54.0,101.0,55.0,54.0,6.0,0.0,0.0,0.8332269427457712,,0.673285086,3536.0
1789903544.0,89.0,9.0,2.0,1.0,,,,1624.0,54.0,101.0,55.0,54.0,6.0,0.0,0.0,0.8354674033544326,,0.677796726,3558.0
1789903548.4,90.0,8.0,2.0,1.0,,,,1640.0,54.0,101.0,55.0,54.0,6.0,0.0,0.0,0.8396237885777634,,0.682830476,3590.0
1789903552.7,92.0,5.0,2.0,2.0,,,,1651.0,54.0,101.0,56.0,54.0,6.0,0.0,0.0,0.842785555913171,,0.686786334,3612.0
1789903557.1,93.0,6.0,2.0,2.0,,,,1659.0,54.0,103.0,56.0,54.0,6.0,0.0,0.0,0.8927493473518578,,0.690487152,3632.0
1789903561.5,91.0,8.0,2.0,2.0,,,,1671.0,54.0,103.0,56.0,54.0,6.0,0.0,0.0,0.8725556986017237,,0.69448479,3656.0
1789903566.1,93.0,7.0,1.0,2.0,,,,1688.0,55.0,103.0,57.0,55.0,6.0,0.0,0.0,0.8858031148303115,,0.701097648,3692.0
1789903570.4,91.0,9.0,1.0,2.0,,,,1701.0,55.0,103.0,57.0,55.0,6.0,0.0,0.0,0.8916975109966742,,0.706132888,3718.0
1789903574.8,91.0,9.0,1.0,2.0,,,,1716.0,55.0,103.0,57.0,55.0,6.0,0.0,0.0,0.8950130529628437,,0.711753488,3748.0
1789903579.1,90.0,10.0,1.0,2.0,,,,1731.0,55.0,103.0,57.0,55.0,6.0,0.0,0.0,0.9037071308514824,,0.716915988,3778.0
1789903583.5,91.0,9.0,1.0,2.0,,,,1745.0,56.0,103.0,58.0,56.0,7.0,0.0,0.0,0.9849524371490899,,0.722496622,3808.0
1789903587.8,91.0,9.0,1.0,2.0,,,,1755.0,56.0,103.0,58.0,56.0,7.0,0.0,0.0,0.9850418410041841,,0.726640264,3828.0
1789903592.1,91.0,9.0,1.0,2.0,,,,1763.0,56.0,103.0,58.0,56.0,7.0,0.0,0.0,0.9850910131244859,,0.730358964,3844.0
1789903596.6,92.0,8.0,1.0,2.0,,,,1781.0,56.0,103.0,58.0,56.0,7.0,0.0,0.0,0.9860592568751565,,0.73683024,3880.0
1789903601.0,93.0,7.0,1.0,2.0,,,,1795.0,56.0,103.0,58.0,56.0,7.0,0.0,0.0,0.9989651503772843,,0.743365714,3908.0
1789903605.3,94.0,6.0,1.0,2.0,,,,1801.0,56.0,103.0,58.0,56.0,7.0,0.0,0.0,1.008299806887673,,0.745195876,3920.0
1789903609.8,94.0,6.0,1.0,2.0,,,,1810.0,57.0,103.0,59.0,57.0,7.0,0.0,0.0,1.0121401494832458,,0.748927552,3940.0
1789903614.2,88.0,11.0,1.0,3.0,,,,1819.0,58.0,103.0,61.0,58.0,7.0,0.0,0.0,1.0006401316024747,,0.752705746,3960.0
1789903618.6,95.0,5.0,1.0,2.0,,,,1832.0,59.0,103.0,61.0,59.0,7.0,0.0,0.0,1.0184793298287023,,0.757782466,3988.0
1789903623.0,91.0,9.0,1.0,3.0,,,,1844.0,59.0,104.0,62.0,59.0,7.0,0.0,0.0,1.0055497443049743,,0.763447102,4014.0
1789903627.4,92.0,7.0,1.0,4.0,,,,1853.0,60.0,104.0,64.0,60.0,7.0,0.0,0.0,1.0149760397668348,,0.76752026,4034.0
1789903631.8,93.0,5.0,1.0,5.0,,,,1864.0,60.0,104.0,65.0,60.0,7.0,0.0,0.0,0.9702379036584058,,0.771753062,4056.0
1789903636.4,93.0,4.0,1.0,6.0,,,,1873.0,60.0,104.0,66.0,60.0,7.0,0.0,0.0,0.9792632228301684,,0.77571092,4074.0
1789903640.9,93.0,4.0,1.0,6.0,,,,1883.0,60.0,104.0,66.0,60.0,7.0,0.0,0.0,0.9848858312770447,,0.7799466,4096.0
1789903645.3,70.0,2.0,24.0,8.0,,,,1894.0,60.0,104.0,68.0,60.0,7.0,0.0,0.0,0.9852023209240782,,0.783444998,4116.0
1789903649.6,68.0,6.0,23.0,7.0,,,,1902.0,62.0,104.0,69.0,62.0,7.0,0.0,0.0,0.9934922933876909,,0.787748972,4136.0
1789903654.2,69.0,7.0,21.0,7.0,,,,1910.0,65.0,104.0,72.0,65.0,7.0,0.0,0.0,0.9979191252726818,,0.792177272,4158.0
1789903658.7,74.0,3.0,21.0,6.0,,,,1923.0,66.0,104.0,72.0,66.0,8.0,0.0,0.0,1.0027183242141402,,0.797607708,4186.0
1789903663.2,74.0,3.0,21.0,6.0,,,,1928.0,67.0,104.0,73.0,67.0,9.0,0.0,0.0,0.9763347995565569,,0.800191864,4198.0
1789903667.9,70.0,7.0,20.0,7.0,,,,1935.0,68.0,104.0,75.0,68.0,9.0,0.0,0.0,0.9851379501484104,,0.8028010800000001,4214.0
1789903672.4,72.0,5.0,20.0,7.0,,,,1943.0,68.0,104.0,75.0,68.0,9.0,0.0,0.0,0.9863171869971034,,0.80580588,4230.0
1789903676.9,74.0,4.0,19.0,7.0,,,,1955.0,69.0,104.0,76.0,69.0,9.0,0.0,0.0,1.0065586668097128,,0.810600734,4256.0
1789903681.5,75.0,3.0,17.0,9.0,,,,1962.0,71.0,104.0,80.0,71.0,9.0,0.0,0.0,0.9775851124700498,,0.813512588,4274.0
1789903685.9,78.0,3.0,16.0,7.0,,,,1966.0,74.0,104.0,81.0,74.0,10.0,0.0,0.0,0.9787057897936559,,0.815527648,4288.0
1789903690.4,67.0,6.0,23.0,8.0,,,,1973.0,75.0,104.0,83.0,75.0,10.0,0.0,0.0,0.9836654686550084,,0.818550806,4304.0
1789903694.8,73.0,3.0,22.0,7.0,,,,1983.0,77.0,105.0,84.0,77.0,11.0,0.0,0.0,0.9702812645281265,,0.823535784,4330.0
1789903699.2,74.0,2.0,19.0,10.0,,,,1989.0,78.0,105.0,88.0,78.0,11.0,0.0,0.0,0.9710765118191896,,0.825698822,4344.0
1789903703.8,74.0,3.0,19.0,9.0,,,,1995.0,79.0,105.0,88.0,79.0,11.0,0.0,0.0,0.9729530987376176,,0.828362178,4358.0
1789903708.2,76.0,3.0,18.0,8.0,,,,2001.0,82.0,105.0,90.0,82.0,12.0,0.0,0.0,0.9903586882666381,,0.8309301960000001,4376.0
1789903712.5,77.0,2.0,18.0,8.0,,,,2007.0,82.0,105.0,90.0,82.0,12.0,0.0,0.0,0.9927278904266352,,0.833164536,4388.0
1789903716.9,72.0,6.0,18.0,9.0,,,,2014.0,82.0,105.0,91.0,82.0,12.0,0.0,0.0,0.9382442870936595,,0.8356474740000001,4402.0
1789903721.6,50.0,2.0,42.0,11.0,,,,2021.0,83.0,105.0,94.0,83.0,12.0,0.0,0.0,0.9400466688123592,,0.838710374,4418.0
1789903726.1,35.0,0.0,61.0,9.0,,,,2026.0,87.0,105.0,96.0,87.0,14.0,0.0,0.0,0.9756928798769803,,0.842564114,4436.0
1789903730.5,27.0,0.0,66.0,12.0,,,,2027.0,88.0,105.0,100.0,88.0,14.0,0.0,0.0,0.9777831420090835,,0.843298854,4440.0
1789903735.0,31.0,1.0,59.0,14.0,,,,2030.0,93.0,105.0,107.0,93.0,15.0,0.0,0.0,0.9812180381218039,,0.846579772,4456.0
1789903739.4,11.0,1.0,83.0,10.0,,,,2035.0,100.0,105.0,110.0,100.0,16.0,0.0,0.0,1.017024729106319,,0.85093953,4479.0
1789903743.9,18.0,0.0,73.0,14.0,,,,2036.0,106.0,105.0,120.0,106.0,17.0,0.0,0.0,0.9459289954582841,,0.85368859,4494.0
1789903748.6,26.0,2.0,67.0,11.0,,,,2039.0,115.0,106.0,126.0,115.0,17.0,0.0,0.0,0.9053798769802954,,0.860560228,4520.0
1789903753.2,29.0,2.0,65.0,10.0,,,,2042.0,119.0,106.0,129.0,119.0,17.0,0.0,0.0,0.997721989772199,,0.863507824,4534.0
1789903757.9,32.0,2.0,60.0,12.0,,,,2051.0,122.0,106.0,134.0,122.0,17.0,0.0,0.0,0.981074991953653,,0.868161986,4560.0
1789903762.5,40.0,3.0,50.0,13.0,,,,2054.0,131.0,106.0,144.0,131.0,17.0,0.0,0.0,0.9606819726066588,,0.872578686,4582.0
1789903767.1,47.0,3.0,46.0,11.0,,,,2062.0,137.0,107.0,148.0,137.0,17.0,0.0,0.0,0.9731681150091192,,0.87784714,4612.0
1789903771.6,51.0,1.0,44.0,11.0,,,,2070.0,140.0,107.0,151.0,140.0,17.0,0.0,0.0,0.9742856631977971,,1.2494492480000001,4634.0
1789903776.1,36.0,1.0,58.0,12.0,,,,2075.0,143.0,107.0,155.0,143.0,17.0,0.0,0.0,0.9338022565533026,,1.2237109400000001,4482.0
1789903780.5,34.0,6.0,56.0,11.0,,,,2080.0,146.0,107.0,157.0,146.0,17.0,0.0,0.0,0.9361459786145978,,1.227457268,4499.0
1789903785.0,40.0,6.0,50.0,11.0,,,,2085.0,152.0,107.0,163.0,152.0,18.0,0.0,0.0,0.9384020848979008,,1.231511236,4520.0
1789903789.3,49.0,0.0,46.0,12.0,,,,2093.0,156.0,107.0,168.0,156.0,18.0,0.0,0.0,0.979578818438651,,1.23642355,4544.0
1789903793.8,49.0,2.0,43.0,13.0,,,,2102.0,158.0,107.0,171.0,158.0,18.0,0.0,0.0,0.9692575903872975,,1.240447228,4566.0
1789903798.4,56.0,3.0,37.0,11.0,,,,2108.0,166.0,107.0,177.0,166.0,19.0,0.0,0.0,0.9772981260951972,,1.24559638,4594.0
1789903802.9,59.0,2.0,33.0,13.0,,,,2117.0,170.0,107.0,183.0,170.0,20.0,0.0,0.0,1.051061670779244,,1.251353956,4620.0
1789903807.3,44.0,2.0,50.0,12.0,,,,2128.0,174.0,108.0,186.0,174.0,21.0,0.0,0.0,1.023907931910024,,1.257118926,4652.0
1789903811.8,46.0,2.0,48.0,12.0,,,,2136.0,176.0,108.0,188.0,176.0,22.0,0.0,0.0,1.0240080642277296,,1.260973504,4672.0
1789903816.3,38.0,2.0,56.0,12.0,,,,2138.0,184.0,108.0,196.0,184.0,24.0,0.0,0.0,0.9957273897650467,,1.579022246,4692.0
1789903820.8,41.0,1.0,54.0,12.0,,,,2140.0,187.0,108.0,199.0,187.0,25.0,0.0,0.0,0.9958525551621786,,1.580588386,4702.0
1789903825.2,42.0,4.0,49.0,13.0,,,,2141.0,191.0,108.0,204.0,191.0,25.0,0.0,0.0,0.9960765118191897,,1.582529622,4712.0
1789903829.8,44.0,9.0,43.0,12.0,,,,2146.0,198.0,108.0,210.0,198.0,25.0,0.0,0.0,0.9954623073346923,,1.5873114780000002,4736.0
1789903834.3,32.0,3.0,60.0,13.0,,,,2160.0,201.0,108.0,214.0,201.0,25.0,0.0,0.0,0.9981028501949004,,1.5933997500000001,4770.0
1789903838.8,33.0,3.0,60.0,12.0,,,,2163.0,202.0,108.0,214.0,202.0,26.0,0.0,0.0,1.0188651074634338,,1.5947923300000002,4778.0
1789903843.2,35.0,4.0,56.0,14.0,,,,2170.0,205.0,109.0,219.0,205.0,26.0,0.0,0.0,1.0263683260022172,,1.5991534120000002,4800.0
1789903847.7,40.0,3.0,52.0,15.0,,,,2174.0,209.0,110.0,224.0,209.0,27.0,0.0,0.0,1.0166094481994064,,1.603541512,4818.0
1789903852.0,33.0,1.0,61.0,15.0,,,,2178.0,212.0,110.0,227.0,212.0,28.0,0.0,0.0,1.0167971962951043,,1.60648173,4832.0
1789903856.6,38.0,1.0,56.0,16.0,,,,2180.0,217.0,111.0,233.0,217.0,32.0,0.0,0.0,0.9950734005650324,4.0,2.794538054,4848.0
1789903860.9,40.0,3.0,53.0,15.0,,2.0,,2184.0,221.0,111.0,236.0,221.0,34.0,0.0,0.0,0.9951538640346171,,21.963816142000002,4864.0
1789903865.4,43.0,0.0,51.0,17.0,,2.0,,2185.0,223.0,111.0,240.0,223.0,35.0,0.0,0.0,0.9929178736187104,,23.787583844,4870.0
1789903869.9,47.0,1.0,46.0,17.0,,5.0,,2186.0,228.0,111.0,245.0,228.0,37.0,0.0,0.0,0.9904780424131888,2.0,37.661123744,4882.0
1789903874.3,48.0,0.0,46.0,17.0,,5.0,,2187.0,228.0,111.0,245.0,228.0,37.0,0.0,0.0,0.9955329363802167,2.0,37.661553144,4884.0
1789903878.9,50.0,1.0,44.0,16.0,,5.0,,2189.0,231.0,111.0,247.0,231.0,38.0,0.0,0.0,0.9896023316525409,2.0,38.216880604,4894.0
1789903883.5,46.0,1.0,46.0,18.0,,6.0,,2191.0,234.0,111.0,252.0,234.0,39.0,0.0,0.0,1.0029252941386833,6.0,63.766621072,4904.0
1789903888.2,37.0,1.0,54.0,19.0,,9.0,,2194.0,238.0,111.0,257.0,238.0,42.0,0.0,0.0,1.0029431749097022,2.0,93.438147484,4918.0
1789903892.6,39.0,0.0,53.0,19.0,,9.0,,2198.0,239.0,111.0,258.0,239.0,43.0,0.0,0.0,1.0029878768372493,6.0,95.308323522,4928.0
1789903897.1,42.0,0.0,51.0,18.0,,12.0,,2199.0,242.0,111.0,260.0,242.0,46.0,0.0,0.0,0.9834053034366842,4.0,130.561068662,4936.0
1789903901.6,29.0,0.0,63.0,19.0,,12.0,,2200.0,242.0,111.0,261.0,242.0,46.0,0.0,0.0,0.983485766906269,6.0,130.561467,4938.0
1789903906.0,33.0,1.0,59.0,19.0,,14.0,,2201.0,246.0,112.0,265.0,246.0,49.0,0.0,0.0,0.9986835282337374,4.0,153.14210331,4950.0
1789903910.5,36.0,0.0,57.0,19.0,,16.0,,2203.0,249.0,112.0,268.0,249.0,51.0,0.0,0.0,0.9808711511640382,6.0,161.65960729,4960.0
1789903915.2,36.0,2.0,55.0,19.0,,16.0,,2206.0,251.0,112.0,270.0,251.0,51.0,0.0,0.0,0.9831187640811072,6.0,161.661530666,4970.0
1789903919.9,39.0,2.0,53.0,19.0,,18.0,,2209.0,253.0,113.0,272.0,253.0,52.0,0.0,0.0,0.9910618495869542,2.0,223.22452229,4982.0
1789903924.4,42.0,0.0,52.0,19.0,,19.0,,2212.0,254.0,113.0,273.0,254.0,52.0,0.0,0.0,0.9915392661731574,2.0,244.085382324,4990.0
1789903928.9,43.0,1.0,50.0,19.0,,20.0,,2213.0,256.0,113.0,275.0,256.0,53.0,0.0,0.0,0.9594951364302828,2.0,251.15779117600002,4996.0
1789903933.5,47.0,2.0,44.0,20.0,,22.0,,2213.0,262.0,113.0,282.0,262.0,56.0,0.0,0.0,0.9085698065300576,2.0,270.765872864,5008.0
1789903938.0,51.0,1.0,44.0,17.0,,23.0,,2214.0,265.0,113.0,282.0,265.0,57.0,0.0,0.0,0.9920296463183492,,274.831387628,5016.0
1789903942.5,44.0,1.0,50.0,18.0,,23.0,,2216.0,265.0,113.0,283.0,265.0,57.0,0.0,0.0,0.992065407860387,2.0,274.832039168,5020.0
1789903946.9,43.0,4.0,49.0,17.0,,24.0,,2221.0,267.0,113.0,284.0,267.0,58.0,0.0,0.0,0.9921190501734435,,286.843888068,5034.0
1789903951.4,21.0,0.0,72.0,20.0,,24.0,,2227.0,269.0,113.0,289.0,269.0,60.0,0.0,0.0,0.9945781032078104,,286.846697106,5050.0
1789903955.9,22.0,1.0,72.0,18.0,,24.0,,2227.0,271.0,113.0,289.0,271.0,60.0,0.0,0.0,0.9949750563244287,2.0,286.847514526,5054.0
1789903960.5,22.0,3.0,70.0,18.0,,24.0,,2230.0,273.0,113.0,291.0,273.0,60.0,0.0,0.0,0.998643296498945,2.0,286.849667642,5064.0
1789903965.1,21.0,4.0,67.0,21.0,,25.0,,2233.0,276.0,113.0,297.0,276.0,61.0,0.0,0.0,0.9972906161713693,,305.623278492,5076.0
1789903969.6,15.0,1.0,77.0,20.0,,25.0,,2235.0,282.0,113.0,302.0,282.0,63.0,0.0,0.0,1.050854700854701,2.0,305.655608498,5092.0
1789903974.2,21.0,0.0,74.0,18.0,,26.0,,2236.0,287.0,113.0,305.0,287.0,65.0,0.0,0.0,1.0509083431677575,2.0,307.667696398,5104.0
1789903978.7,23.0,1.0,71.0,18.0,,27.0,,2237.0,290.0,113.0,308.0,290.0,66.0,0.0,0.0,1.0509351643242857,2.0,315.29623429000003,5112.0
1789903983.2,24.0,1.0,69.0,19.0,,27.0,,2238.0,291.0,113.0,310.0,291.0,67.0,0.0,0.0,1.0188780710224226,4.0,315.29690389,5116.0
1789903987.6,26.0,0.0,67.0,20.0,,28.0,,2239.0,293.0,113.0,313.0,293.0,69.0,0.0,0.0,0.9914011372170368,4.0,319.040198584,5122.0
1789903992.1,28.0,0.0,65.0,20.0,,29.0,,2239.0,295.0,113.0,315.0,295.0,70.0,0.0,0.0,0.9917676930229231,6.0,324.652914774,5126.0
1789903996.7,31.0,0.0,63.0,19.0,,31.0,,2240.0,298.0,113.0,317.0,298.0,72.0,0.0,0.0,0.9801089832993599,4.0,340.674014736,5134.0
1789904001.3,29.0,2.0,63.0,19.0,,31.0,,2243.0,298.0,113.0,317.0,298.0,72.0,0.0,0.0,0.9802341486964918,4.0,340.675154496,5140.0
1789904005.9,35.0,0.0,58.0,20.0,,32.0,,2247.0,302.0,113.0,322.0,302.0,74.0,0.0,0.0,0.9697680863998855,4.0,361.20791744,5156.0
1789904010.4,29.0,0.0,65.0,19.0,,34.0,,2250.0,307.0,113.0,326.0,307.0,77.0,0.0,0.0,0.9918043486035117,2.0,425.317710592,5172.0
1789904014.8,16.0,0.0,78.0,19.0,,35.0,,2250.0,309.0,113.0,328.0,309.0,78.0,0.0,0.0,0.9924757715552694,4.0,427.540404792,5176.0
1789904019.3,18.0,0.0,75.0,20.0,,36.0,,2252.0,311.0,113.0,331.0,311.0,79.0,0.0,0.0,0.9937698923577585,2.0,433.15613456200003,5184.0
1789904023.9,23.0,0.0,70.0,20.0,,37.0,,2253.0,316.0,113.0,336.0,316.0,79.0,0.0,0.0,0.9946371097521726,2.0,436.90489305,5196.0
1789904028.3,23.0,2.0,69.0,19.0,,37.0,,2254.0,318.0,113.0,337.0,318.0,80.0,0.0,0.0,0.9951838143260737,4.0,436.906211788,5202.0
1789904032.8,25.0,5.0,62.0,21.0,,38.0,,2257.0,323.0,113.0,344.0,323.0,81.0,0.0,0.0,0.9950921753746022,2.0,444.307915216,5218.0
1789904037.4,31.0,0.0,61.0,21.0,,39.0,,2262.0,326.0,113.0,347.0,326.0,84.0,0.0,0.0,0.9776798805564496,4.0,495.912117218,5234.0
1789904041.9,18.0,0.0,73.0,22.0,,42.0,,2263.0,330.0,113.0,352.0,330.0,86.0,0.0,0.0,0.9647498480134463,8.0,505.340080522,5244.0
1789904046.4,21.0,1.0,70.0,22.0,,44.0,,2264.0,333.0,114.0,355.0,333.0,87.0,0.0,0.0,0.9804607874691557,6.0,527.652942846,5254.0
1789904051.0,22.0,1.0,69.0,22.0,,44.0,,2265.0,334.0,114.0,356.0,334.0,88.0,0.0,0.0,0.9812564817794943,8.0,527.853817186,5258.0
1789904055.6,29.0,1.0,64.0,20.0,,49.0,,2267.0,342.0,114.0,362.0,342.0,95.0,0.0,0.0,0.9849864106140257,2.0,612.851321888,5278.0
1789904060.0,13.0,0.0,81.0,20.0,,49.0,,2269.0,342.0,114.0,362.0,342.0,95.0,0.0,0.0,0.985057933698101,2.0,612.852085508,5282.0
1789904064.6,15.0,1.0,78.0,20.0,,50.0,,2269.0,345.0,114.0,365.0,345.0,97.0,0.0,0.0,0.9859340914780246,2.0,633.065590334,5288.0
1789904069.1,16.0,1.0,76.0,21.0,,50.0,,2270.0,346.0,114.0,367.0,346.0,97.0,0.0,0.0,0.9873006294031399,4.0,633.066296694,5292.0
1789904073.8,20.0,0.0,73.0,21.0,,50.0,,2271.0,349.0,114.0,370.0,349.0,98.0,0.0,0.0,1.0085751707613633,4.0,633.06783611,5300.0
1789904078.4,14.0,0.0,79.0,21.0,,52.0,,2272.0,355.0,114.0,376.0,355.0,101.0,0.0,0.0,0.9741689911668991,6.0,651.809426086,4684.0
1789904082.8,15.0,0.0,78.0,21.0,,53.0,,2272.0,356.0,114.0,377.0,356.0,102.0,0.0,0.0,0.9942008189393127,6.0,654.263452786,4686.0
1789904087.2,16.0,0.0,76.0,22.0,,56.0,,2272.0,360.0,114.0,382.0,360.0,105.0,0.0,0.0,0.9411365018059579,4.0,718.8464728820001,4694.0
1789904091.6,21.0,1.0,70.0,22.0,,56.0,,2272.0,366.0,114.0,388.0,366.0,109.0,0.0,0.0,0.9708789292994314,8.0,719.685237098,4706.0
1789904096.1,23.0,0.0,69.0,22.0,,57.0,,2272.0,368.0,114.0,390.0,368.0,111.0,0.0,0.0,0.9709325716124879,8.0,726.143460962,4710.0
1789904100.5,15.0,0.0,78.0,21.0,,58.0,,2275.0,371.0,114.0,392.0,371.0,113.0,0.0,0.0,0.9709951543110539,6.0,731.7256318240001,4722.0
1789904105.1,20.0,1.0,72.0,21.0,,59.0,,2275.0,377.0,114.0,398.0,377.0,116.0,0.0,0.0,0.9710487966241105,4.0,761.506823944,4734.0
1789904109.7,24.0,0.0,68.0,22.0,,59.0,,2276.0,380.0,114.0,402.0,380.0,117.0,0.0,0.0,0.9924945463648392,4.0,762.175591746,4742.0
1789904114.2,28.0,0.0,65.0,21.0,,60.0,,2278.0,384.0,114.0,405.0,384.0,120.0,0.0,0.0,0.9926107713764617,4.0,814.42779277,4754.0
1789904118.7,20.0,0.0,73.0,21.0,,62.0,,2279.0,386.0,114.0,407.0,386.0,121.0,0.0,0.0,0.9857271215534814,4.0,823.678956602,4760.0
1789904123.2,24.0,0.0,70.0,20.0,,64.0,,2282.0,390.0,114.0,410.0,390.0,124.0,0.0,0.0,0.9876618209777206,4.0,842.000314338,4774.0
1789904127.7,25.0,3.0,66.0,20.0,,67.0,,2284.0,394.0,114.0,414.0,394.0,128.0,0.0,0.0,0.9831849229338769,4.0,854.861197428,4786.0
1789904132.3,30.0,0.0,63.0,21.0,,68.0,,2285.0,398.0,114.0,419.0,398.0,130.0,0.0,0.0,0.9832385652469334,2.0,857.290714502,4796.0
1789904136.6,29.0,2.0,63.0,20.0,,68.0,,2285.0,399.0,114.0,419.0,399.0,131.0,0.0,0.0,0.9833011479454994,2.0,857.291248342,4798.0
1789904141.0,27.0,3.0,61.0,23.0,,68.0,,2288.0,399.0,114.0,422.0,399.0,131.0,0.0,0.0,0.9840999713907663,4.0,857.29242386,4804.0
1789904145.5,21.0,1.0,71.0,21.0,,69.0,,2292.0,405.0,114.0,426.0,405.0,135.0,0.0,0.0,0.984361477666917,6.0,867.404804018,4824.0
1789904149.9,22.0,1.0,69.0,22.0,,70.0,,2293.0,406.0,114.0,428.0,406.0,136.0,0.0,0.0,0.9819578550227086,4.0,872.520685156,4828.0
1789904154.5,24.0,1.0,68.0,21.0,,70.0,,2297.0,408.0,114.0,429.0,408.0,137.0,0.0,0.0,0.9838558988663592,6.0,872.522619792,4840.0
1789904159.0,27.0,0.0,67.0,20.0,,72.0,,2298.0,410.0,114.0,430.0,410.0,139.0,0.0,0.0,0.9803047777420162,4.0,882.203799862,4846.0
1789904163.4,29.0,1.0,65.0,20.0,,72.0,,2299.0,412.0,115.0,432.0,412.0,139.0,0.0,0.0,0.9814335014125809,4.0,882.20543032,4854.0
1789904168.1,31.0,1.0,62.0,21.0,,73.0,,2301.0,414.0,115.0,435.0,414.0,140.0,0.0,0.0,0.982735221542753,2.0,925.303769956,4862.0
1789904172.6,34.0,1.0,59.0,21.0,,73.0,,2302.0,418.0,115.0,439.0,418.0,140.0,0.0,0.0,0.9829931516646998,4.0,925.305604956,4872.0
1789904177.0,26.0,0.0,68.0,21.0,,76.0,,2304.0,422.0,115.0,443.0,422.0,142.0,0.0,0.0,1.011879537245646,4.0,934.9735605559999,4884.0
1789904181.5,28.0,1.0,66.0,20.0,,78.0,,2306.0,425.0,115.0,445.0,425.0,144.0,0.0,0.0,1.0122130136251475,2.0,940.627547224,4894.0
1789904186.1,35.0,0.0,59.0,21.0,,78.0,,2308.0,432.0,115.0,453.0,432.0,146.0,0.0,0.0,0.9828496584772736,2.0,940.694150068,4912.0
1789904190.6,35.0,0.0,58.0,22.0,,78.0,,2310.0,433.0,115.0,455.0,433.0,147.0,0.0,0.0,0.9842595572721096,6.0,940.695538506,4918.0
1789904195.1,35.0,1.0,57.0,22.0,,79.0,,2312.0,435.0,115.0,457.0,435.0,149.0,0.0,0.0,0.9706183170618317,4.0,945.390842336,4926.0
1789904199.7,24.0,2.0,68.0,22.0,,80.0,,2317.0,440.0,116.0,462.0,440.0,150.0,0.0,0.0,0.9846059972105997,2.0,963.750555172,4948.0
1789904204.4,29.0,0.0,65.0,22.0,,81.0,,2320.0,445.0,116.0,467.0,445.0,151.0,0.0,0.0,0.9862635446840468,,1221.515024104,4964.0
1789904208.9,31.0,2.0,62.0,21.0,,81.0,,2321.0,449.0,116.0,470.0,449.0,152.0,0.0,0.0,0.993148982584129,,1221.937243252,4974.0
1789904213.4,32.0,3.0,60.0,21.0,,81.0,,2321.0,451.0,116.0,472.0,451.0,153.0,0.0,0.0,0.9936858527339699,,1221.937793712,4978.0
1789904217.8,34.0,1.0,58.0,23.0,,81.0,,2323.0,452.0,116.0,475.0,452.0,154.0,0.0,0.0,0.995862389586239,4.0,1222.857733068,4984.0
1789904222.4,36.0,0.0,57.0,23.0,,82.0,,2325.0,454.0,116.0,477.0,454.0,155.0,0.0,0.0,0.9837848228015592,6.0,1227.833257318,4992.0
1789904226.9,36.0,0.0,56.0,24.0,,84.0,,2327.0,456.0,116.0,480.0,456.0,157.0,0.0,0.0,0.9797303579730358,4.0,1249.944607724,5000.0
1789904231.5,31.0,0.0,63.0,22.0,,86.0,,2330.0,462.0,116.0,484.0,462.0,159.0,0.0,0.0,1.0298926259700318,2.0,1274.887065976,5018.0
1789904235.9,32.0,0.0,62.0,22.0,,87.0,,2330.0,464.0,116.0,486.0,464.0,160.0,0.0,0.0,1.0300267317526732,2.0,1280.07048538,5022.0
1789904240.5,20.0,0.0,75.0,21.0,,87.0,,2334.0,468.0,116.0,489.0,468.0,161.0,0.0,0.0,1.030062493294711,2.0,1281.04578951,5038.0
1789904245.1,22.0,0.0,71.0,23.0,,88.0,,2334.0,470.0,116.0,493.0,470.0,162.0,0.0,0.0,1.0134025319171762,2.0,1285.378176366,5042.0
1789904249.6,12.0,0.0,81.0,23.0,,90.0,,2336.0,478.0,116.0,501.0,478.0,166.0,0.0,0.0,0.987081589958159,,1332.868906064,5062.0
1789904254.1,13.0,0.0,79.0,24.0,,91.0,,2336.0,479.0,116.0,503.0,479.0,167.0,0.0,0.0,0.9884029789364518,2.0,1336.962080118,5064.0
1789904258.8,16.0,0.0,77.0,23.0,,92.0,,2337.0,482.0,116.0,505.0,482.0,169.0,0.0,0.0,0.997426957050388,6.0,1340.596421966,5072.0
1789904263.3,20.0,1.0,73.0,22.0,,95.0,,2338.0,487.0,116.0,509.0,487.0,174.0,0.0,0.0,1.0004832278367843,4.0,1372.0997788299999,5084.0
1789904267.7,19.0,1.0,73.0,23.0,,95.0,,2338.0,487.0,116.0,510.0,487.0,174.0,0.0,0.0,0.9706661481243071,4.0,1372.0997788299999,5084.0
1789904272.4,23.0,1.0,70.0,22.0,,97.0,,2340.0,491.0,116.0,513.0,491.0,176.0,0.0,0.0,1.0059104888602797,2.0,1397.998770244,5096.0
1789904277.0,25.0,1.0,68.0,22.0,,99.0,,2340.0,494.0,116.0,516.0,494.0,177.0,0.0,0.0,0.9754693702392447,2.0,1406.331257982,5102.0
1789904281.6,27.0,3.0,64.0,22.0,,100.0,,2341.0,499.0,116.0,521.0,499.0,180.0,0.0,0.0,0.9919456066945607,2.0,1449.430405596,5114.0
1789904286.2,22.0,1.0,71.0,22.0,,100.0,,2349.0,501.0,116.0,523.0,501.0,181.0,0.0,0.0,0.9920618317061831,4.0,1449.888397166,5134.0
1789904290.8,25.0,1.0,66.0,24.0,,102.0,,2350.0,505.0,116.0,529.0,505.0,184.0,0.0,0.0,0.9517532095983979,2.0,1465.687209376,5144.0
1789904295.3,29.0,0.0,64.0,23.0,,103.0,,2351.0,509.0,116.0,533.0,509.0,185.0,0.0,0.0,0.992467725208311,2.0,1472.173544306,5154.0
1789904299.9,33.0,0.0,61.0,22.0,,103.0,,2353.0,513.0,116.0,535.0,513.0,187.0,0.0,0.0,0.9925124271358581,4.0,1473.761326686,5166.0
1789904304.4,36.0,1.0,56.0,23.0,,104.0,,2353.0,518.0,116.0,541.0,518.0,189.0,0.0,0.0,0.9801939169616994,4.0,1487.319028364,5176.0
1789904309.1,40.0,1.0,53.0,22.0,,105.0,,2357.0,522.0,116.0,544.0,522.0,192.0,0.0,0.0,0.9965659979258306,4.0,1492.0725091259999,5192.0
1789904313.7,40.0,3.0,51.0,22.0,,106.0,,2361.0,525.0,116.0,547.0,525.0,194.0,0.0,0.0,0.9936621607123699,4.0,1498.319937114,5206.0
1789904318.4,47.0,2.0,45.0,22.0,,108.0,,2366.0,531.0,116.0,553.0,531.0,195.0,0.0,0.0,0.9943572756857275,2.0,1567.357465072,5228.0
1789904323.1,35.0,0.0,59.0,22.0,,109.0,,2367.0,534.0,116.0,556.0,534.0,198.0,0.0,0.0,0.9758734756642706,4.0,1577.54613767,5236.0
1789904327.6,19.0,1.0,74.0,22.0,,109.0,,2368.0,535.0,116.0,557.0,535.0,199.0,0.0,0.0,1.0110431641812394,4.0,1578.388004666,5240.0
1789904332.4,22.0,1.0,69.0,24.0,,110.0,,2368.0,539.0,116.0,563.0,539.0,200.0,0.0,0.0,0.9938137002467546,6.0,1595.965843538,5248.0
1789904337.3,27.0,0.0,64.0,25.0,,113.0,,2372.0,544.0,116.0,569.0,544.0,204.0,0.0,0.0,0.9890717197725566,2.0,1639.815375428,5266.0
1789904342.1,31.0,0.0,61.0,24.0,,115.0,,2372.0,548.0,116.0,572.0,548.0,206.0,0.0,0.0,0.9845617423023281,6.0,1650.350239052,5274.0
1789904346.8,36.0,0.0,56.0,24.0,,117.0,,2374.0,553.0,116.0,577.0,553.0,209.0,0.0,0.0,0.9846779673139506,6.0,1661.093436252,5288.0
1789904351.4,40.0,1.0,52.0,24.0,,119.0,,2376.0,557.0,117.0,581.0,557.0,211.0,0.0,0.0,0.9860583628366055,8.0,1681.939587994,5302.0
1789904356.9,42.0,3.0,49.0,23.0,,121.0,,2381.0,561.0,117.0,584.0,561.0,214.0,0.0,0.0,1.0096372885598828,6.0,1703.74819801,5320.0
1789904361.7,44.0,1.0,48.0,24.0,,122.0,,2384.0,563.0,117.0,587.0,563.0,216.0,0.0,0.0,0.9865934449093445,6.0,1712.7472730719999,5330.0
1789904366.7,46.0,1.0,45.0,25.0,,123.0,,2388.0,565.0,117.0,590.0,565.0,218.0,0.0,0.0,0.9813284518828452,8.0,1742.0153299859999,5342.0
1789904371.6,48.0,1.0,44.0,24.0,,125.0,,2393.0,568.0,117.0,592.0,568.0,221.0,0.0,0.0,0.9869908450452384,4.0,1758.67398644,5358.0
1789904376.6,51.0,0.0,41.0,25.0,,126.0,,2403.0,571.0,117.0,596.0,571.0,222.0,0.0,0.0,0.9906425455065623,4.0,1821.47417845,4666.0
1789904381.6,53.0,0.0,39.0,25.0,,127.0,,2406.0,573.0,117.0,598.0,573.0,224.0,0.0,0.0,0.981167971962951,6.0,1831.70884735,4676.0
1789904386.4,56.0,0.0,36.0,25.0,,129.0,,2410.0,578.0,117.0,603.0,578.0,228.0,0.0,0.0,0.9813713657332904,6.0,1849.600111276,4694.0
1789904391.6,57.0,3.0,34.0,23.0,,131.0,,2415.0,583.0,117.0,606.0,583.0,232.0,0.0,0.0,1.0376971355004827,2.0,1863.840574434,4714.0
1789904396.4,44.0,3.0,47.0,23.0,,131.0,,2418.0,585.0,117.0,608.0,585.0,233.0,0.0,0.0,0.9852550691985839,4.0,1864.144960696,4724.0
1789904401.9,36.0,2.0,56.0,23.0,,131.0,,2423.0,589.0,117.0,612.0,589.0,235.0,0.0,0.0,1.032166166005078,4.0,1867.480610714,4742.0
1789904406.9,40.0,0.0,50.0,27.0,,132.0,,2424.0,593.0,117.0,620.0,593.0,236.0,0.0,0.0,0.9922518148982584,2.0,1888.228077024,4752.0
1789904411.5,41.0,2.0,49.0,25.0,,132.0,,2428.0,596.0,117.0,621.0,596.0,237.0,0.0,0.0,0.9942920108715088,6.0,1888.230696142,4766.0
1789904416.3,42.0,2.0,48.0,25.0,,133.0,,2431.0,600.0,117.0,625.0,600.0,240.0,0.0,0.0,0.9882867539248292,4.0,1900.287442058,4780.0
1789904420.8,31.0,0.0,62.0,25.0,,135.0,,2432.0,604.0,118.0,629.0,604.0,243.0,0.0,0.0,0.9885728462611307,4.0,1919.142158838,4792.0
1789904425.6,23.0,0.0,69.0,26.0,,135.0,,2435.0,605.0,118.0,631.0,605.0,243.0,0.0,0.0,0.9915544648285234,8.0,1919.146280676,4800.0
1789904430.4,6.0,0.0,85.0,27.0,,137.0,,2438.0,608.0,118.0,635.0,608.0,245.0,0.0,0.0,1.0052904731252013,8.0,1934.680813958,4812.0
1789904435.0,9.0,1.0,81.0,27.0,,138.0,,2440.0,612.0,118.0,639.0,612.0,248.0,0.0,0.0,0.9893569180703072,8.0,1938.315783866,4824.0
1789904439.7,11.0,0.0,82.0,25.0,,141.0,,2441.0,618.0,118.0,643.0,618.0,251.0,0.0,0.0,0.9417837857168401,6.0,1995.753610232,4838.0
1789904444.3,15.0,0.0,76.0,27.0,,141.0,,2441.0,622.0,118.0,649.0,622.0,252.0,0.0,0.0,0.969760934091478,6.0,1995.75521847,4846.0
1789904448.8,19.0,1.0,71.0,27.0,,142.0,,2441.0,627.0,118.0,654.0,627.0,253.0,0.0,0.0,0.9704225226191754,4.0,2168.020085608,4856.0
1789904453.4,28.0,0.0,66.0,24.0,,143.0,,2443.0,635.0,118.0,659.0,635.0,255.0,0.0,0.0,0.9986348031327111,4.0,2196.822053336,4876.0
1789904457.9,21.0,0.0,73.0,24.0,,143.0,,2444.0,635.0,118.0,659.0,635.0,255.0,0.0,0.0,0.9993053320459179,4.0,2196.822310796,4878.0
1789904462.4,24.0,0.0,70.0,24.0,,143.0,,2445.0,638.0,118.0,662.0,638.0,255.0,0.0,0.0,1.0002775989700676,4.0,2196.823941956,4886.0
1789904467.0,7.0,0.0,87.0,24.0,,143.0,,2447.0,638.0,118.0,662.0,638.0,255.0,0.0,0.0,1.0034702106354827,4.0,2196.824651832,4890.0
1789904471.6,9.0,1.0,80.0,28.0,,144.0,,2448.0,641.0,118.0,669.0,641.0,257.0,0.0,0.0,1.0045430568966134,4.0,2239.224999954,4898.0
1789904476.2,14.0,0.0,77.0,27.0,,145.0,,2449.0,645.0,118.0,672.0,645.0,258.0,0.0,0.0,0.9913153095161463,10.0,2246.539715102,4908.0
1789904480.8,17.0,0.0,74.0,27.0,,147.0,,2449.0,648.0,118.0,675.0,648.0,260.0,0.0,0.0,0.9917717161964024,10.0,2259.186672822,4914.0
1789904485.4,20.0,2.0,69.0,27.0,,150.0,,2449.0,653.0,118.0,680.0,653.0,263.0,0.0,0.0,0.9475065264814219,6.0,2294.084352366,4924.0
1789904490.0,13.0,0.0,77.0,28.0,,151.0,,2450.0,657.0,118.0,685.0,657.0,266.0,0.0,0.0,0.9739217895075636,4.0,2320.26976239,4934.0
1789904494.5,17.0,0.0,73.0,28.0,,153.0,,2452.0,661.0,118.0,689.0,661.0,269.0,0.0,0.0,0.9692365804813503,6.0,2332.383064118,4946.0
1789904499.1,20.0,1.0,70.0,27.0,,157.0,,2453.0,665.0,118.0,692.0,665.0,272.0,0.0,0.0,0.9743603154168008,6.0,2345.31735973,4956.0
1789904503.7,25.0,1.0,66.0,26.0,,158.0,,2454.0,670.0,118.0,696.0,670.0,275.0,0.0,0.0,0.971172620963416,4.0,2353.337584782,4968.0
1789904508.1,29.0,0.0,63.0,26.0,,158.0,,2454.0,674.0,118.0,700.0,674.0,277.0,0.0,0.0,0.9924865000178807,6.0,2354.827280828,4976.0
1789904512.7,33.0,0.0,60.0,25.0,,159.0,,2458.0,678.0,118.0,703.0,678.0,278.0,0.0,0.0,1.0117633122340235,4.0,2362.401715406,4992.0
1789904517.3,24.0,0.0,69.0,25.0,,160.0,,2461.0,680.0,118.0,705.0,680.0,280.0,0.0,0.0,1.0121169044809213,6.0,2368.750417624,5002.0
1789904521.8,18.0,2.0,72.0,26.0,,161.0,,2461.0,685.0,118.0,711.0,685.0,282.0,0.0,0.0,0.9932106712441441,4.0,2372.817098772,5012.0
1789904526.3,24.0,1.0,68.0,25.0,,161.0,,2462.0,690.0,118.0,715.0,690.0,283.0,0.0,0.0,0.9937672102421057,6.0,2372.819560856,5024.0
1789904530.8,15.0,0.0,77.0,26.0,,162.0,,2463.0,694.0,118.0,720.0,694.0,285.0,0.0,0.0,0.9946518613882631,6.0,2468.0371871,5034.0
1789904535.4,14.0,0.0,78.0,26.0,,163.0,,2464.0,696.0,118.0,722.0,696.0,286.0,0.0,0.0,0.9946965633158101,8.0,2481.284376992,5040.0
1789904539.8,19.0,0.0,72.0,27.0,,166.0,,2465.0,701.0,118.0,728.0,701.0,290.0,0.0,0.0,0.9947591460143761,8.0,2492.2829986360002,5052.0
1789904544.3,20.0,1.0,71.0,26.0,,166.0,,2466.0,703.0,118.0,729.0,703.0,291.0,0.0,0.0,0.9947859671709044,8.0,2492.790789604,5058.0
1789904548.7,19.0,3.0,69.0,27.0,,167.0,,2466.0,705.0,118.0,732.0,705.0,293.0,0.0,0.0,1.0088675213675213,8.0,2508.377760802,5062.0
1789904553.2,21.0,1.0,69.0,27.0,,167.0,,2467.0,707.0,118.0,734.0,707.0,294.0,0.0,0.0,0.9643770339377034,6.0,2508.820567718,5068.0
1789904557.8,26.0,0.0,65.0,27.0,,169.0,,2467.0,712.0,118.0,739.0,712.0,296.0,0.0,0.0,0.9766150806422773,6.0,2555.435987438,5078.0
1789904562.3,29.0,0.0,63.0,26.0,,170.0,,2467.0,715.0,118.0,741.0,715.0,299.0,0.0,0.0,0.9991515574151557,8.0,2559.91925138,5084.0
1789904566.8,28.0,3.0,60.0,27.0,,172.0,,2468.0,717.0,118.0,744.0,717.0,301.0,0.0,0.0,0.9994197689804384,4.0,2582.049746752,5090.0
1789904571.3,16.0,1.0,74.0,27.0,,173.0,,2471.0,722.0,118.0,749.0,722.0,305.0,0.0,0.0,0.9915991667560705,4.0,2588.272989574,5106.0
1789904575.8,8.0,0.0,84.0,26.0,,173.0,,2472.0,723.0,118.0,749.0,723.0,306.0,0.0,0.0,1.0261747666559382,6.0,2588.273933352,5110.0
1789904580.4,11.0,0.0,80.0,27.0,,174.0,,2472.0,726.0,118.0,753.0,726.0,309.0,0.0,0.0,0.9881334263133427,10.0,2599.15387972,5116.0
1789904585.1,18.0,0.0,72.0,28.0,,178.0,,2472.0,735.0,118.0,763.0,735.0,312.0,0.0,0.0,0.9891866037263527,4.0,2621.281085774,5134.0
1789904589.6,21.0,0.0,70.0,27.0,,178.0,,2473.0,738.0,118.0,765.0,738.0,312.0,0.0,0.0,0.9981712441440475,6.0,2621.282959574,5142.0
1789904594.2,24.0,0.0,66.0,28.0,,178.0,,2475.0,741.0,118.0,769.0,741.0,312.0,0.0,0.0,0.9987867896863712,10.0,2621.284959234,5152.0
1789904598.7,26.0,2.0,63.0,27.0,,179.0,,2476.0,745.0,118.0,772.0,745.0,312.0,0.0,0.0,0.998885133926975,8.0,2642.13450705,5162.0
1789904603.4,21.0,1.0,71.0,25.0,,180.0,,2477.0,749.0,118.0,774.0,749.0,315.0,0.0,0.0,1.0003142545506563,6.0,2659.748765742,5172.0
1789904607.9,13.0,1.0,79.0,25.0,,180.0,,2479.0,751.0,118.0,776.0,751.0,315.0,0.0,0.0,1.00340136966706,6.0,2659.976146506,5180.0
1789904612.5,16.0,0.0,75.0,27.0,,180.0,,2479.0,754.0,118.0,781.0,754.0,316.0,0.0,0.0,0.9790508886743197,10.0,2659.977177846,5186.0
1789904617.1,19.0,2.0,70.0,27.0,,183.0,,2483.0,759.0,118.0,786.0,759.0,320.0,0.0,0.0,0.9797209705682509,6.0,2717.0589113,5204.0
1789904621.7,17.0,0.0,73.0,28.0,,184.0,,2486.0,764.0,118.0,792.0,764.0,323.0,0.0,0.0,0.9946129707112971,8.0,2726.256208562,5220.0
1789904626.2,19.0,0.0,71.0,28.0,,186.0,,2486.0,766.0,118.0,794.0,766.0,324.0,0.0,0.0,0.9947202553374102,12.0,2736.647966218,5224.0
1789904630.7,21.0,0.0,70.0,27.0,,188.0,,2488.0,770.0,118.0,797.0,770.0,325.0,0.0,0.0,0.9978811286342667,10.0,2760.813684044,5236.0
1789904635.3,25.0,0.0,65.0,28.0,,189.0,,2489.0,774.0,118.0,802.0,774.0,328.0,0.0,0.0,0.9721971891427958,10.0,2773.710423116,5246.0
1789904639.8,28.0,1.0,61.0,28.0,,190.0,,2490.0,779.0,118.0,807.0,779.0,330.0,0.0,0.0,0.9962396738547367,10.0,2784.006610778,5258.0
1789904644.3,30.0,0.0,60.0,29.0,,191.0,,2492.0,781.0,119.0,810.0,781.0,331.0,0.0,0.0,0.9735310946608018,8.0,2790.796226188,5268.0
1789904648.9,31.0,1.0,59.0,28.0,,191.0,,2493.0,783.0,119.0,811.0,783.0,332.0,0.0,0.0,0.9735757965883489,8.0,2790.797575488,5274.0
1789904653.6,33.0,5.0,54.0,27.0,,194.0,,2495.0,789.0,119.0,816.0,789.0,336.0,0.0,0.0,0.9902460394092193,6.0,2910.922832968,5290.0
1789904658.1,35.0,0.0,54.0,30.0,,194.0,,2497.0,790.0,119.0,820.0,790.0,336.0,0.0,0.0,0.9903533240353324,12.0,2910.924127328,5296.0
1789904662.8,36.0,0.0,54.0,29.0,,194.0,,2498.0,791.0,119.0,820.0,791.0,336.0,0.0,0.0,0.99038908557737,12.0,2910.924851588,5300.0
1789904667.3,37.0,0.0,54.0,28.0,,195.0,,2500.0,792.0,119.0,820.0,792.0,337.0,0.0,0.0,0.990406966348389,10.0,2926.142289988,5306.0
1789904671.8,29.0,2.0,60.0,28.0,,195.0,,2503.0,795.0,119.0,823.0,795.0,337.0,0.0,0.0,0.9656246647355434,10.0,2926.14468097,5318.0
1789904676.8,37.0,1.0,55.0,26.0,,197.0,,2506.0,803.0,119.0,829.0,803.0,341.0,0.0,0.0,1.0021220005006617,6.0,2733.239167184,4868.0
1789904681.4,25.0,0.0,65.0,29.0,,198.0,,2507.0,805.0,119.0,834.0,805.0,343.0,0.0,0.0,0.9955387476307979,6.0,2739.733422228,4874.0
1789904685.9,25.0,1.0,64.0,29.0,,199.0,,2508.0,807.0,119.0,836.0,807.0,344.0,0.0,0.0,0.9956013303293638,10.0,2745.803145146,4880.0
1789904690.4,27.0,0.0,63.0,29.0,,200.0,,2509.0,808.0,119.0,837.0,808.0,345.0,0.0,0.0,0.9956639130279298,12.0,2755.295464656,4884.0
1789904694.9,30.0,0.0,60.0,29.0,,202.0,,2512.0,811.0,119.0,840.0,811.0,347.0,0.0,0.0,0.9957801380395522,12.0,2770.704967958,4896.0
1789904699.5,29.0,2.0,59.0,29.0,,203.0,,2514.0,813.0,119.0,842.0,813.0,348.0,0.0,0.0,0.9972217752029467,10.0,2773.3430142820002,4904.0
1789904704.1,35.0,2.0,55.0,27.0,,205.0,,2515.0,819.0,119.0,846.0,819.0,351.0,0.0,0.0,0.9981126846189607,8.0,3157.8452329780002,4918.0
1789904708.6,37.0,0.0,52.0,30.0,,206.0,,2516.0,821.0,119.0,851.0,821.0,352.0,0.0,0.0,0.9792350606158138,12.0,3160.19711617,4924.0
1789904713.1,41.0,2.0,48.0,28.0,,207.0,,2522.0,827.0,119.0,855.0,827.0,355.0,0.0,0.0,0.9987452168937525,8.0,3171.660843046,4948.0
1789904717.5,29.0,0.0,61.0,29.0,,207.0,,2524.0,827.0,119.0,856.0,827.0,355.0,0.0,0.0,0.9987720380502807,8.0,3171.661627346,4952.0
1789904722.0,30.0,1.0,60.0,28.0,,208.0,,2524.0,829.0,119.0,857.0,829.0,357.0,0.0,0.0,0.9971886957765619,10.0,3178.337478936,4956.0
1789904726.6,33.0,2.0,56.0,28.0,,210.0,,2527.0,833.0,119.0,861.0,833.0,360.0,0.0,0.0,0.9489056968136466,8.0,3187.193805842,4970.0
1789904731.2,9.0,2.0,80.0,28.0,,212.0,,2530.0,837.0,119.0,865.0,837.0,360.0,0.0,0.0,1.0635268032757572,6.0,3243.5439154220003,4984.0
1789904735.6,11.0,0.0,79.0,29.0,,212.0,,2532.0,839.0,119.0,868.0,839.0,362.0,0.0,0.0,0.9864821371097522,8.0,3243.54552742,4992.0
1789904740.1,13.0,0.0,77.0,29.0,,213.0,,2532.0,841.0,119.0,870.0,841.0,363.0,0.0,0.0,0.9865357794228087,12.0,3248.6623117980002,4996.0
1789904744.6,16.0,0.0,73.0,30.0,,215.0,,2533.0,844.0,119.0,874.0,844.0,366.0,0.0,0.0,0.9865447198083181,12.0,3266.914024264,5004.0
1789904749.1,19.0,1.0,69.0,30.0,,217.0,,2534.0,848.0,119.0,878.0,848.0,368.0,0.0,0.0,0.9866251832779029,8.0,3293.7628258140003,5014.0
1789904753.5,24.0,0.0,65.0,30.0,,218.0,,2536.0,853.0,119.0,883.0,853.0,371.0,0.0,0.0,1.0115742230804992,12.0,3297.6837443160002,5028.0
1789904758.0,12.0,1.0,79.0,27.0,,220.0,,2537.0,857.0,119.0,884.0,857.0,374.0,0.0,0.0,1.0116278653935558,8.0,3306.2773424360003,5038.0
1789904762.6,15.0,0.0,76.0,28.0,,222.0,,2537.0,860.0,119.0,890.0,860.0,377.0,0.0,0.0,0.981509494689411,8.0,3334.250965476,5045.0
1789904767.4,17.0,0.0,73.0,29.0,,224.0,,2541.0,864.0,119.0,893.0,864.0,379.0,0.0,0.0,0.9815988985445052,8.0,3518.953822596,5060.0
1789904772.2,17.0,1.0,71.0,30.0,,225.0,,2541.0,865.0,119.0,895.0,865.0,380.0,0.0,0.0,0.9816883023995995,12.0,3523.57876206,5062.0
1789904776.7,19.0,1.0,70.0,29.0,,227.0,,2543.0,868.0,119.0,897.0,868.0,383.0,0.0,0.0,0.9801134534921145,12.0,3542.961424814,5072.0
1789904781.3,21.0,0.0,68.0,30.0,,229.0,,2546.0,870.0,119.0,900.0,870.0,384.0,0.0,0.0,0.9843181167971963,12.0,3563.5033315680002,5082.0
1789904785.8,23.0,0.0,67.0,29.0,,230.0,,2548.0,872.0,119.0,901.0,872.0,386.0,0.0,0.0,0.9938534849622715,12.0,3569.853324404,5090.0
1789904790.4,25.0,0.0,65.0,29.0,,231.0,,2548.0,874.0,119.0,903.0,874.0,386.0,0.0,0.0,0.9860386939884848,10.0,3582.356622092,5094.0
1789904794.9,16.0,0.0,73.0,30.0,,232.0,,2551.0,878.0,119.0,908.0,878.0,390.0,0.0,0.0,0.9903108572041627,12.0,3585.539349746,5108.0
1789904799.4,17.0,1.0,72.0,29.0,,232.0,,2552.0,880.0,119.0,909.0,880.0,390.0,0.0,0.0,0.9985547866824017,12.0,3585.5408287660002,5114.0
1789904804.0,23.0,1.0,66.0,29.0,,235.0,,2553.0,886.0,119.0,915.0,886.0,392.0,0.0,0.0,1.0002565890641204,10.0,3656.587508132,5128.0
1789904808.6,18.0,0.0,71.0,30.0,,236.0,,2554.0,890.0,119.0,920.0,890.0,394.0,0.0,0.0,0.9945499409934556,8.0,3735.002452058,5138.0
1789904813.0,19.0,1.0,71.0,28.0,,236.0,,2554.0,892.0,119.0,920.0,892.0,396.0,0.0,0.0,0.9946035833065122,10.0,3737.88788328,5142.0
1789904817.5,23.0,0.0,67.0,29.0,,236.0,,2554.0,896.0,119.0,925.0,896.0,396.0,0.0,0.0,0.9946929871616064,12.0,3737.889623818,5150.0
1789904822.1,28.0,0.0,62.0,29.0,,237.0,,2556.0,901.0,119.0,930.0,901.0,398.0,0.0,0.0,0.9909858563101241,12.0,3755.424773448,5164.0
1789904826.8,29.0,1.0,60.0,29.0,,239.0,,2557.0,903.0,119.0,932.0,903.0,400.0,0.0,0.0,0.9765994349676358,12.0,3764.9393350660002,5170.0
1789904831.3,31.0,3.0,57.0,28.0,,241.0,,2559.0,907.0,119.0,935.0,907.0,402.0,0.0,0.0,0.998443031863534,10.0,3773.195385038,5182.0
1789904835.9,21.0,2.0,68.0,28.0,,241.0,,2561.0,910.0,119.0,938.0,910.0,403.0,0.0,0.0,0.999457318599578,10.0,3773.197372438,5192.0
1789904840.4,14.0,0.0,74.0,31.0,,241.0,,2565.0,913.0,119.0,944.0,913.0,405.0,0.0,0.0,0.9399273146658084,10.0,3773.200086498,5206.0
1789904845.1,3.0,0.0,86.0,30.0,,241.0,,2568.0,919.0,119.0,949.0,919.0,407.0,0.0,0.0,1.0063588491935773,10.0,3773.203788798,5224.0
1789904849.7,6.0,0.0,82.0,31.0,,241.0,,2568.0,923.0,119.0,954.0,923.0,409.0,0.0,0.0,0.9801872116725673,12.0,3775.474329514,5232.0
1789904854.2,9.0,0.0,77.0,33.0,,242.0,,2569.0,926.0,119.0,959.0,926.0,410.0,0.0,0.0,0.9890551800593642,14.0,3779.013453728,5240.0
1789904858.8,15.0,0.0,72.0,32.0,,244.0,,2570.0,932.0,119.0,964.0,932.0,413.0,0.0,0.0,0.9282927439831206,12.0,3790.013873056,5254.0
1789904863.4,19.0,0.0,69.0,31.0,,244.0,,2574.0,936.0,119.0,967.0,936.0,414.0,0.0,0.0,0.9806163501770196,14.0,3790.0173758720002,5270.0
1789904867.9,16.0,0.0,72.0,31.0,,244.0,,2577.0,937.0,119.0,968.0,937.0,414.0,0.0,0.0,0.9820365304151915,16.0,3790.019040108,5278.0
1789904872.5,18.0,0.0,69.0,32.0,,245.0,,2580.0,940.0,119.0,972.0,940.0,417.0,0.0,0.0,0.9829216285806244,14.0,3797.1995979040003,5290.0
1789904877.0,18.0,2.0,65.0,34.0,,247.0,,2580.0,942.0,119.0,976.0,942.0,419.0,0.0,0.0,0.9872228480492079,10.0,3860.313314968,5294.0
1789904881.5,19.0,3.0,62.0,35.0,,249.0,,2580.0,944.0,119.0,979.0,944.0,420.0,0.0,0.0,0.9872586095912456,6.0,4231.556028052,5298.0
1789904885.9,21.0,0.0,59.0,39.0,,251.0,,2580.0,946.0,119.0,985.0,946.0,421.0,0.0,0.0,0.9872943711332832,2.0,4824.365346082,5302.0
1789904890.3,20.0,1.0,59.0,39.0,,251.0,,2580.0,946.0,119.0,985.0,946.0,421.0,0.0,0.0,0.9849448378214068,2.0,4824.365346082,5302.0
1789904894.8,19.0,2.0,57.0,41.0,,251.0,,2580.0,946.0,119.0,987.0,946.0,421.0,0.0,0.0,0.9215583985981476,2.0,4824.365346082,5302.0
1789904899.4,19.0,3.0,55.0,42.0,,252.0,,2580.0,947.0,119.0,989.0,947.0,421.0,0.0,0.0,0.9671364839251868,,5739.554284534,5304.0
1789904903.9,19.0,3.0,54.0,43.0,,252.0,,2580.0,947.0,119.0,990.0,947.0,421.0,0.0,0.0,0.9672169473947717,,5739.554284534,5304.0
1789904908.3,19.0,3.0,53.0,44.0,,252.0,,2580.0,947.0,119.0,991.0,947.0,421.0,0.0,0.0,0.9672348281657905,,5739.554284534,5304.0
1789904912.9,19.0,3.0,51.0,46.0,,252.0,,2580.0,947.0,119.0,993.0,947.0,421.0,0.0,0.0,0.9672616493223187,,5739.554284534,5304.0
1789904917.5,16.0,6.0,48.0,49.0,,252.0,,2580.0,947.0,119.0,996.0,947.0,421.0,0.0,0.0,0.9672616493223187,,5739.554284534,5304.0
1789904922.1,15.0,7.0,42.0,55.0,,252.0,,2580.0,947.0,119.0,1002.0,947.0,421.0,0.0,0.0,0.8574415298787684,,5739.554284534,5304.0
1789904926.6,11.0,11.0,40.0,57.0,,252.0,,2580.0,947.0,119.0,1004.0,947.0,421.0,0.0,0.0,0.8609591245574509,,5739.554284534,5304.0
1789904931.4,9.0,13.0,37.0,60.0,,252.0,,2580.0,947.0,119.0,1007.0,947.0,421.0,0.0,0.0,0.7850033973464936,,5739.554284534,5304.0
1789904935.9,5.0,17.0,33.0,64.0,,252.0,,2580.0,947.0,119.0,1011.0,947.0,421.0,0.0,0.0,0.7862014090047563,,5739.554284534,5304.0
1789904940.4,4.0,18.0,29.0,68.0,,252.0,,2580.0,947.0,119.0,1015.0,947.0,421.0,0.0,0.0,0.7492342559811179,,5739.554284534,5304.0
1789904945.0,3.0,19.0,24.0,73.0,,252.0,,2580.0,947.0,119.0,1020.0,947.0,421.0,0.0,0.0,0.5180573436326574,,5739.554284534,5304.0
1789904949.7,3.0,19.0,17.0,80.0,,252.0,,2580.0,947.0,119.0,1027.0,947.0,421.0,0.0,0.0,0.48770875800164504,,5739.554284534,5304.0
1789904954.4,2.0,20.0,16.0,81.0,,252.0,,2580.0,947.0,119.0,1028.0,947.0,421.0,0.0,0.0,0.49105961449057683,,5739.554284534,5304.0
1789904958.9,2.0,20.0,14.0,83.0,,252.0,,2580.0,947.0,119.0,1030.0,947.0,421.0,0.0,0.0,0.4641240210277867,,5739.554284534,5304.0
1789904963.5,1.0,21.0,10.0,87.0,,252.0,,2580.0,947.0,119.0,1034.0,947.0,421.0,0.0,0.0,0.46509852304831384,,5739.554284534,5304.0
1789904968.0,1.0,21.0,9.0,88.0,,252.0,,2580.0,947.0,119.0,1035.0,947.0,421.0,0.0,0.0,0.46602832314129383,,5739.554284534,5304.0
1789904972.4,1.0,21.0,7.0,90.0,,252.0,,2580.0,947.0,119.0,1037.0,947.0,421.0,0.0,0.0,0.4338661803096949,,5739.554284534,5304.0
1789904976.8,1.0,21.0,6.0,91.0,,252.0,,2580.0,947.0,119.0,1038.0,947.0,421.0,0.0,0.0,0.40254890390873654,,2969.867514124,4370.0
1789904981.1,1.0,21.0,6.0,91.0,,252.0,,2580.0,947.0,119.0,1038.0,947.0,421.0,0.0,0.0,0.40319261166541503,,2969.867514124,4370.0
1789904985.4,1.0,21.0,4.0,93.0,,252.0,,2580.0,947.0,119.0,1040.0,947.0,421.0,0.0,0.0,0.3657471480170225,,2969.867514124,4370.0
1789904989.6,0.0,22.0,3.0,94.0,,252.0,,2580.0,947.0,119.0,1041.0,947.0,421.0,0.0,0.0,0.36630145191860675,,2969.867514124,4370.0
1789904994.0,0.0,22.0,0.0,97.0,,252.0,,2580.0,947.0,119.0,1044.0,947.0,421.0,0.0,0.0,0.2761658262704288,,2969.867514124,4370.0
1789904998.4,0.0,22.0,0.0,97.0,,252.0,,2580.0,947.0,119.0,1044.0,947.0,421.0,0.0,0.0,0.2761658262704288,,2969.867514124,4370.0
1789905002.7,0.0,22.0,0.0,97.0,,252.0,,2580.0,947.0,119.0,1044.0,947.0,421.0,0.0,0.0,0.2761658262704288,,2969.867514124,4370.0
1789905007.0,0.0,22.0,0.0,97.0,,252.0,,2580.0,947.0,119.0,1044.0,947.0,421.0,0.0,0.0,0.2761658262704288,,2969.867514124,4370.0
1789905011.3,0.0,22.0,0.0,97.0,,252.0,,2580.0,947.0,119.0,1044.0,947.0,421.0,0.0,0.0,0.2761658262704288,,2969.867514124,4370.0
1789905015.6,0.0,22.0,0.0,97.0,,252.0,,2580.0,947.0,119.0,1044.0,947.0,421.0,0.0,0.0,0.2761658262704288,,2969.867514124,4370.0
1789905019.9,0.0,22.0,0.0,97.0,,252.0,,2580.0,947.0,119.0,1044.0,947.0,421.0,0.0,0.0,0.2761658262704288,,2969.867514124,4370.0
1789905024.2,0.0,22.0,0.0,97.0,,252.0,,2580.0,947.0,119.0,1044.0,947.0,421.0,0.0,0.0,0.2761658262704288,,2969.867514124,4370.0
1789905028.5,0.0,22.0,0.0,97.0,,252.0,,2580.0,947.0,119.0,1044.0,947.0,421.0,0.0,0.0,0.2761658262704288,,2969.867514124,4370.0
1789905032.7,0.0,22.0,0.0,97.0,,252.0,,2580.0,947.0,119.0,1044.0,947.0,421.0,0.0,0.0,0.2761658262704288,,2969.867514124,4370.0
1789905037.0,0.0,22.0,0.0,97.0,,252.0,,2580.0,947.0,119.0,1044.0,947.0,421.0,0.0,0.0,0.2761658262704288,,2969.867514124,4370.0
1789905041.2,0.0,22.0,0.0,97.0,,252.0,,2580.0,947.0,119.0,1044.0,947.0,421.0,0.0,0.0,0.2761658262704288,,2969.867514124,4370.0
1789905045.5,0.0,22.0,0.0,97.0,,252.0,,2580.0,947.0,119.0,1044.0,947.0,421.0,0.0,0.0,0.2761658262704288,,2969.867514124,4370.0
1789905049.8,0.0,22.0,0.0,97.0,,252.0,,2580.0,947.0,119.0,1044.0,947.0,421.0,0.0,0.0,0.2761658262704288,,2969.867514124,4370.0
1789905054.0,0.0,22.0,0.0,97.0,,252.0,,2580.0,947.0,119.0,1044.0,947.0,421.0,0.0,0.0,0.2761658262704288,,2969.867514124,4370.0
1789905058.3,0.0,22.0,0.0,97.0,,252.0,,2580.0,947.0,119.0,1044.0,947.0,421.0,0.0,0.0,0.2761658262704288,,2969.867514124,4370.0
1789905062.6,0.0,22.0,0.0,97.0,,252.0,,2580.0,947.0,119.0,1044.0,947.0,421.0,0.0,0.0,0.2761658262704288,,2969.867514124,4370.0
1789905066.9,0.0,22.0,0.0,97.0,,252.0,,2580.0,947.0,119.0,1044.0,947.0,421.0,0.0,0.0,0.2761658262704288,,2969.867514124,4370.0
1789905071.2,0.0,22.0,0.0,97.0,,252.0,,2580.0,947.0,119.0,1044.0,947.0,421.0,0.0,0.0,0.2761658262704288,,2969.867514124,4370.0
1789905075.4,0.0,22.0,0.0,97.0,,252.0,,2580.0,947.0,119.0,1044.0,947.0,421.0,0.0,0.0,0.2761658262704288,,2969.867514124,4370.0
1789905079.7,0.0,22.0,0.0,97.0,,252.0,,2580.0,947.0,119.0,1044.0,947.0,421.0,0.0,0.0,0.2761658262704288,,2969.867514124,4370.0
1789905084.0,0.0,22.0,0.0,97.0,,252.0,,2580.0,947.0,119.0,1044.0,947.0,421.0,0.0,0.0,0.2761658262704288,,2969.867514124,4370.0
1789905088.3,0.0,22.0,0.0,97.0,,252.0,,2580.0,947.0,119.0,1044.0,947.0,421.0,0.0,0.0,0.2761658262704288,,2969.867514124,4370.0
1789905092.6,0.0,22.0,0.0,97.0,,252.0,,2580.0,947.0,119.0,1044.0,947.0,421.0,0.0,0.0,0.2761658262704288,,2969.867514124,4370.0
1789905096.9,0.0,22.0,0.0,97.0,,252.0,,2580.0,947.0,119.0,1044.0,947.0,421.0,0.0,0.0,0.2761658262704288,,2969.867514124,4370.0
1789905101.2,0.0,22.0,0.0,97.0,,252.0,,2580.0,947.0,119.0,1044.0,947.0,421.0,0.0,0.0,0.2761658262704288,,2969.867514124,4370.0
1789905105.4,0.0,22.0,0.0,97.0,,252.0,,2580.0,947.0,119.0,1044.0,947.0,421.0,0.0,0.0,0.2761658262704288,,2969.867514124,4370.0
1789905109.7,0.0,22.0,0.0,97.0,,252.0,,2580.0,947.0,119.0,1044.0,947.0,421.0,0.0,0.0,0.2761658262704288,,2969.867514124,4370.0
1789905114.0,0.0,22.0,0.0,97.0,,252.0,,2580.0,947.0,119.0,1044.0,947.0,421.0,0.0,0.0,0.2761658262704288,,2969.867514124,4370.0
1789905118.3,0.0,22.0,0.0,97.0,,252.0,,2580.0,947.0,119.0,1044.0,947.0,421.0,0.0,0.0,0.2761658262704288,,2969.867514124,4370.0
1789905122.6,0.0,22.0,0.0,97.0,,252.0,,2580.0,947.0,119.0,1044.0,947.0,421.0,0.0,0.0,0.2761658262704288,,2969.867514124,4370.0
1789905126.9,0.0,22.0,0.0,97.0,,252.0,,2580.0,947.0,119.0,1044.0,947.0,421.0,0.0,0.0,0.2761658262704288,,2969.867514124,4370.0
1789905131.3,0.0,22.0,0.0,97.0,,252.0,,2580.0,947.0,119.0,1044.0,947.0,421.0,0.0,0.0,0.2761658262704288,,2969.867514124,4370.0
1789905136.1,0.0,22.0,0.0,97.0,,252.0,,2580.0,947.0,119.0,1044.0,947.0,421.0,0.0,0.0,0.2761658262704288,,2969.867514124,4370.0
1789905140.4,0.0,22.0,0.0,97.0,,252.0,,2580.0,947.0,119.0,1044.0,947.0,421.0,0.0,0.0,0.2761658262704288,,2969.867514124,4370.0
1789905144.6,0.0,22.0,0.0,97.0,,252.0,,2580.0,947.0,119.0,1044.0,947.0,421.0,0.0,0.0,0.2761658262704288,,2969.867514124,4370.0
1789905148.9,0.0,22.0,0.0,97.0,,252.0,,2580.0,947.0,119.0,1044.0,947.0,421.0,0.0,0.0,0.2761658262704288,,2969.867514124,4370.0
1789905153.2,0.0,22.0,0.0,97.0,,252.0,,2580.0,947.0,119.0,1044.0,947.0,421.0,0.0,0.0,0.2761658262704288,,2969.867514124,4370.0
1789905157.5,0.0,22.0,0.0,97.0,,252.0,,2580.0,947.0,119.0,1044.0,947.0,421.0,0.0,0.0,0.2761658262704288,,2969.867514124,4370.0
1789905161.8,0.0,22.0,0.0,97.0,,252.0,,2580.0,947.0,119.0,1044.0,947.0,421.0,0.0,0.0,0.2761658262704288,,2969.867514124,4370.0
1789905166.1,0.0,22.0,0.0,97.0,,252.0,,2580.0,947.0,119.0,1044.0,947.0,421.0,0.0,0.0,0.2761658262704288,,2969.867514124,4370.0
1789905170.4,0.0,22.0,0.0,97.0,,252.0,,2580.0,947.0,119.0,1044.0,947.0,421.0,0.0,0.0,0.2761658262704288,,2969.867514124,4370.0
1789905174.6,0.0,22.0,0.0,97.0,,252.0,,2580.0,947.0,119.0,1044.0,947.0,421.0,0.0,0.0,0.2761658262704288,,2969.867514124,4370.0
1789905178.9,0.0,22.0,0.0,97.0,,252.0,,2580.0,947.0,119.0,1044.0,947.0,421.0,0.0,0.0,0.2761658262704288,,2969.867514124,4370.0
1789905183.2,0.0,22.0,0.0,97.0,,252.0,,2580.0,947.0,119.0,1044.0,947.0,421.0,0.0,0.0,0.2761658262704288,,2969.867514124,4370.0
1789905187.5,0.0,22.0,0.0,97.0,,252.0,,2580.0,947.0,119.0,1044.0,947.0,421.0,0.0,0.0,0.2761658262704288,,2969.867514124,4370.0
1789905191.8,0.0,22.0,0.0,97.0,,252.0,,2580.0,947.0,119.0,1044.0,947.0,421.0,0.0,0.0,0.2761658262704288,,2969.867514124,4370.0
1789905196.1,0.0,22.0,0.0,97.0,,252.0,,2580.0,947.0,119.0,1044.0,947.0,421.0,0.0,0.0,0.2761658262704288,,2969.867514124,4370.0
1789905200.4,0.0,22.0,0.0,97.0,,252.0,,2580.0,947.0,119.0,1044.0,947.0,421.0,0.0,0.0,0.2761658262704288,,2969.867514124,4370.0
1789905204.7,0.0,22.0,0.0,97.0,,252.0,,2580.0,947.0,119.0,1044.0,947.0,421.0,0.0,0.0,0.2761658262704288,,2969.867514124,4370.0
1789905209.0,0.0,22.0,0.0,97.0,,252.0,,2580.0,947.0,119.0,1044.0,947.0,421.0,0.0,0.0,0.2761658262704288,,2969.867514124,4370.0
1789905213.2,0.0,22.0,0.0,97.0,,252.0,,2580.0,947.0,119.0,1044.0,947.0,421.0,0.0,0.0,0.2761658262704288,,2969.867514124,4370.0
1789905217.5,0.0,22.0,0.0,97.0,,252.0,,2580.0,947.0,119.0,1044.0,947.0,421.0,0.0,0.0,0.2761658262704288,,2969.867514124,4370.0
1789905221.8,0.0,22.0,0.0,97.0,,252.0,,2580.0,947.0,119.0,1044.0,947.0,421.0,0.0,0.0,0.2761658262704288,,2969.867514124,4370.0
1789905226.1,0.0,22.0,0.0,97.0,,252.0,,2580.0,947.0,119.0,1044.0,947.0,421.0,0.0,0.0,0.2761658262704288,,2969.867514124,4370.0
1789905230.4,0.0,22.0,0.0,97.0,,252.0,,2580.0,947.0,119.0,1044.0,947.0,421.0,0.0,0.0,0.2761658262704288,,2969.867514124,4370.0
1789905234.7,0.0,22.0,0.0,97.0,,252.0,,2580.0,947.0,119.0,1044.0,947.0,421.0,0.0,0.0,0.2761658262704288,,2969.867514124,4370.0
1789905239.0,0.0,22.0,0.0,97.0,,252.0,,2580.0,947.0,119.0,1044.0,947.0,421.0,0.0,0.0,0.2761658262704288,,2969.867514124,4370.0
1789905243.3,0.0,22.0,0.0,97.0,,252.0,,2580.0,947.0,119.0,1044.0,947.0,421.0,0.0,0.0,0.2761658262704288,,2969.867514124,4370.0
1789905247.6,0.0,22.0,0.0,97.0,,252.0,,2580.0,947.0,119.0,1044.0,947.0,421.0,0.0,0.0,0.2761658262704288,,2969.867514124,4370.0
1789905251.9,0.0,22.0,0.0,97.0,,252.0,,2580.0,947.0,119.0,1044.0,947.0,421.0,0.0,0.0,0.2761658262704288,,2969.867514124,4370.0
1789905256.1,0.0,22.0,0.0,97.0,,252.0,,2580.0,947.0,119.0,1044.0,947.0,421.0,0.0,0.0,0.2761658262704288,,2969.867514124,4370.0
1789905260.5,0.0,22.0,0.0,97.0,,252.0,,2580.0,947.0,119.0,1044.0,947.0,421.0,0.0,0.0,0.2761658262704288,,2969.867514124,4370.0
1789905264.8,0.0,22.0,0.0,97.0,,252.0,,2580.0,947.0,119.0,1044.0,947.0,421.0,0.0,0.0,0.2761658262704288,,2969.867514124,4370.0
1789905269.1,0.0,22.0,0.0,97.0,,252.0,,2580.0,947.0,119.0,1044.0,947.0,421.0,0.0,0.0,0.2761658262704288,,2969.867514124,4370.0
1789905273.4,0.0,22.0,0.0,97.0,,252.0,,2580.0,947.0,119.0,1044.0,947.0,421.0,0.0,0.0,0.2761658262704288,,2969.867514124,4370.0
1789905277.7,0.0,22.0,0.0,97.0,,252.0,,2580.0,947.0,119.0,1044.0,947.0,421.0,0.0,0.0,0.2761658262704288,,,
1789905281.6,0.0,22.0,0.0,97.0,,252.0,,2580.0,947.0,119.0,1044.0,947.0,421.0,0.0,0.0,0.2761658262704288,,,
1789905285.5,0.0,22.0,0.0,97.0,,252.0,,2580.0,947.0,119.0,1044.0,947.0,421.0,0.0,0.0,0.2761658262704288,,,
1789905289.4,0.0,22.0,0.0,97.0,,252.0,,2580.0,947.0,119.0,1044.0,947.0,421.0,0.0,0.0,0.2761658262704288,,,
1789905293.3,0.0,22.0,0.0,97.0,,252.0,,2580.0,947.0,119.0,1044.0,947.0,421.0,0.0,0.0,0.2761658262704288,,,
1789905297.2,0.0,22.0,0.0,97.0,,252.0,,2580.0,947.0,119.0,1044.0,947.0,421.0,0.0,0.0,0.2761658262704288,,,
1789905301.1,0.0,22.0,0.0,97.0,,252.0,,2580.0,947.0,119.0,1044.0,947.0,421.0,0.0,0.0,0.2761658262704288,,,
1789905305.0,0.0,22.0,0.0,97.0,,252.0,,2580.0,947.0,119.0,1044.0,947.0,421.0,0.0,0.0,0.2761658262704288,,,
1789905308.9,0.0,22.0,0.0,97.0,,252.0,,2580.0,947.0,119.0,1044.0,947.0,421.0,0.0,0.0,0.2761658262704288,,,
1789905312.9,0.0,22.0,0.0,97.0,,252.0,,2580.0,947.0,119.0,1044.0,947.0,421.0,0.0,0.0,0.2761658262704288,,,
1789905316.8,0.0,22.0,0.0,97.0,,252.0,,2580.0,947.0,119.0,1044.0,947.0,421.0,0.0,0.0,0.2761658262704288,,,
1789905320.8,0.0,22.0,0.0,97.0,,252.0,,2580.0,947.0,119.0,1044.0,947.0,421.0,0.0,0.0,0.2761658262704288,,,
1789905324.7,0.0,22.0,0.0,97.0,,252.0,,2580.0,947.0,119.0,1044.0,947.0,421.0,0.0,0.0,0.2761658262704288,,,
1789905328.6,0.0,22.0,0.0,97.0,,252.0,,2580.0,947.0,119.0,1044.0,947.0,421.0,0.0,0.0,0.2761658262704288,,,
1789905332.5,0.0,22.0,0.0,97.0,,252.0,,2580.0,947.0,119.0,1044.0,947.0,421.0,0.0,0.0,0.2761658262704288,,,
1789905336.4,0.0,22.0,0.0,97.0,,252.0,,2580.0,947.0,119.0,1044.0,947.0,421.0,0.0,0.0,0.2761658262704288,,,
1789905340.3,0.0,22.0,0.0,97.0,,252.0,,2580.0,947.0,119.0,1044.0,947.0,421.0,0.0,0.0,0.2761658262704288,,,
1789905344.2,0.0,22.0,0.0,97.0,,252.0,,2580.0,947.0,119.0,1044.0,947.0,421.0,0.0,0.0,0.2761658262704288,,,
1789905348.1,0.0,22.0,0.0,97.0,,252.0,,2580.0,947.0,119.0,1044.0,947.0,421.0,0.0,0.0,0.2761658262704288,,,
1789905352.0,0.0,22.0,0.0,97.0,,252.0,,2580.0,947.0,119.0,1044.0,947.0,421.0,0.0,0.0,0.2761658262704288,,,
1789905355.9,0.0,22.0,0.0,97.0,,252.0,,2580.0,947.0,119.0,1044.0,947.0,421.0,0.0,0.0,0.2761658262704288,,,
1789905359.8,0.0,22.0,0.0,97.0,,252.0,,2580.0,947.0,119.0,1044.0,947.0,421.0,0.0,0.0,0.2761658262704288,,,
1789905363.7,0.0,22.0,0.0,97.0,,252.0,,2580.0,947.0,119.0,1044.0,947.0,421.0,0.0,0.0,0.2761658262704288,,,
1789905367.6,0.0,22.0,0.0,97.0,,252.0,,2580.0,947.0,119.0,1044.0,947.0,421.0,0.0,0.0,0.2761658262704288,,,
1789905371.5,0.0,22.0,0.0,97.0,,252.0,,2580.0,947.0,119.0,1044.0,947.0,421.0,0.0,0.0,0.2761658262704288,,,
1789905375.4,0.0,22.0,0.0,97.0,,252.0,,2580.0,947.0,119.0,1044.0,947.0,421.0,0.0,0.0,0.2761658262704288,,,
1789905379.3,0.0,22.0,0.0,97.0,,252.0,,2580.0,947.0,119.0,1044.0,947.0,421.0,0.0,0.0,0.2761658262704288,,,
1789905383.2,0.0,22.0,0.0,97.0,,252.0,,2580.0,947.0,119.0,1044.0,947.0,421.0,0.0,0.0,0.2761658262704288,,,
1789905387.1,0.0,22.0,0.0,97.0,,252.0,,2580.0,947.0,119.0,1044.0,947.0,421.0,0.0,0.0,0.2761658262704288,,,
1789905391.0,0.0,22.0,0.0,97.0,,252.0,,2580.0,947.0,119.0,1044.0,947.0,421.0,0.0,0.0,0.2761658262704288,,,
1789905394.9,0.0,22.0,0.0,97.0,,252.0,,2580.0,947.0,119.0,1044.0,947.0,421.0,0.0,0.0,0.2761658262704288,,,
1789905398.8,0.0,22.0,0.0,97.0,,252.0,,2580.0,947.0,119.0,1044.0,947.0,421.0,0.0,0.0,0.2761658262704288,,,
1789905402.7,0.0,22.0,0.0,97.0,,252.0,,2580.0,947.0,119.0,1044.0,947.0,421.0,0.0,0.0,0.2761658262704288,,,
1789905406.6,0.0,22.0,0.0,97.0,,252.0,,2580.0,947.0,119.0,1044.0,947.0,421.0,0.0,0.0,0.2761658262704288,,,
1789905410.5,0.0,22.0,0.0,97.0,,252.0,,2580.0,947.0,119.0,1044.0,947.0,421.0,0.0,0.0,0.2761658262704288,,,
1789905414.4,0.0,22.0,0.0,97.0,,252.0,,2580.0,947.0,119.0,1044.0,947.0,421.0,0.0,0.0,0.2761658262704288,,,
1789905418.3,0.0,22.0,0.0,97.0,,252.0,,2580.0,947.0,119.0,1044.0,947.0,421.0,0.0,0.0,0.2761658262704288,,,
1789905422.2,0.0,22.0,0.0,97.0,,252.0,,2580.0,947.0,119.0,1044.0,947.0,421.0,0.0,0.0,0.2761658262704288,,,
1789905426.1,0.0,22.0,0.0,97.0,,252.0,,2580.0,947.0,119.0,1044.0,947.0,421.0,0.0,0.0,0.2761658262704288,,,
1789905430.1,0.0,22.0,0.0,97.0,,252.0,,2580.0,947.0,119.0,1044.0,947.0,421.0,0.0,0.0,0.2761658262704288,,,
1789905434.0,0.0,22.0,0.0,97.0,,252.0,,2580.0,947.0,119.0,1044.0,947.0,421.0,0.0,0.0,0.2761658262704288,,,
1789905437.9,0.0,22.0,0.0,97.0,,252.0,,2580.0,947.0,119.0,1044.0,947.0,421.0,0.0,0.0,0.2761658262704288,,,
1789905441.8,0.0,22.0,0.0,97.0,,252.0,,2580.0,947.0,119.0,1044.0,947.0,421.0,0.0,0.0,0.2761658262704288,,,
1789905445.7,0.0,22.0,0.0,97.0,,252.0,,2580.0,947.0,119.0,1044.0,947.0,421.0,0.0,0.0,0.2761658262704288,,,
1789905449.6,0.0,22.0,0.0,97.0,,252.0,,2580.0,947.0,119.0,1044.0,947.0,421.0,0.0,0.0,0.2761658262704288,,,
1789905453.5,0.0,22.0,0.0,97.0,,252.0,,2580.0,947.0,119.0,1044.0,947.0,421.0,0.0,0.0,0.2761658262704288,,,
1789905457.4,0.0,22.0,0.0,97.0,,252.0,,2580.0,947.0,119.0,1044.0,947.0,421.0,0.0,0.0,0.2761658262704288,,,
1789905461.2,0.0,22.0,0.0,97.0,,252.0,,2580.0,947.0,119.0,1044.0,947.0,421.0,0.0,0.0,0.2761658262704288,,,
1789905465.1,0.0,22.0,0.0,97.0,,252.0,,2580.0,947.0,119.0,1044.0,947.0,421.0,0.0,0.0,0.2761658262704288,,,
1789905469.0,0.0,22.0,0.0,97.0,,252.0,,2580.0,947.0,119.0,1044.0,947.0,421.0,0.0,0.0,0.2761658262704288,,,
1789905472.9,0.0,22.0,0.0,97.0,,252.0,,2580.0,947.0,119.0,1044.0,947.0,421.0,0.0,0.0,0.2761658262704288,,,
1789905476.8,0.0,22.0,0.0,97.0,,252.0,,2580.0,947.0,119.0,1044.0,947.0,421.0,0.0,0.0,0.2761658262704288,,,
1789905480.7,0.0,22.0,0.0,97.0,,252.0,,2580.0,947.0,119.0,1044.0,947.0,421.0,0.0,0.0,0.2761658262704288,,,
1789905484.6,0.0,22.0,0.0,97.0,,252.0,,2580.0,947.0,119.0,1044.0,947.0,421.0,0.0,0.0,0.2761658262704288,,,
1789905488.5,0.0,22.0,0.0,97.0,,252.0,,2580.0,947.0,119.0,1044.0,947.0,421.0,0.0,0.0,0.2761658262704288,,,
1789905492.4,0.0,22.0,0.0,97.0,,252.0,,2580.0,947.0,119.0,1044.0,947.0,421.0,0.0,0.0,0.2761658262704288,,,
1789905496.3,0.0,22.0,0.0,97.0,,252.0,,2580.0,947.0,119.0,1044.0,947.0,421.0,0.0,0.0,0.2761658262704288,,,
1789905500.3,0.0,22.0,0.0,97.0,,252.0,,2580.0,947.0,119.0,1044.0,947.0,421.0,0.0,0.0,0.2761658262704288,,,
1789905504.2,0.0,22.0,0.0,97.0,,252.0,,2580.0,947.0,119.0,1044.0,947.0,421.0,0.0,0.0,0.2761658262704288,,,
1789905508.1,0.0,22.0,0.0,97.0,,252.0,,2580.0,947.0,119.0,1044.0,947.0,421.0,0.0,0.0,0.2761658262704288,,,
1789905512.0,0.0,22.0,0.0,97.0,,252.0,,2580.0,947.0,119.0,1044.0,947.0,421.0,0.0,0.0,0.2761658262704288,,,
1789905515.9,0.0,22.0,0.0,97.0,,252.0,,2580.0,947.0,119.0,1044.0,947.0,421.0,0.0,0.0,0.2761658262704288,,,
1789905519.8,0.0,22.0,0.0,97.0,,252.0,,2580.0,947.0,119.0,1044.0,947.0,421.0,0.0,0.0,0.2761658262704288,,,
1789905523.7,0.0,22.0,0.0,97.0,,252.0,,2580.0,947.0,119.0,1044.0,947.0,421.0,0.0,0.0,0.2761658262704288,,,
1789905527.6,0.0,22.0,0.0,97.0,,252.0,,2580.0,947.0,119.0,1044.0,947.0,421.0,0.0,0.0,0.2761658262704288,,,
1789905531.5,0.0,22.0,0.0,97.0,,252.0,,2580.0,947.0,119.0,1044.0,947.0,421.0,0.0,0.0,0.2761658262704288,,,
1789905535.4,0.0,22.0,0.0,97.0,,252.0,,2580.0,947.0,119.0,1044.0,947.0,421.0,0.0,0.0,0.2761658262704288,,,
1789905539.3,0.0,22.0,0.0,97.0,,252.0,,2580.0,947.0,119.0,1044.0,947.0,421.0,0.0,0.0,0.2761658262704288,,,
1789905543.2,0.0,22.0,0.0,97.0,,252.0,,2580.0,947.0,119.0,1044.0,947.0,421.0,0.0,0.0,0.2761658262704288,,,
1789905547.1,0.0,22.0,0.0,97.0,,252.0,,2580.0,947.0,119.0,1044.0,947.0,421.0,0.0,0.0,0.2761658262704288,,,
1789905551.0,0.0,22.0,0.0,97.0,,252.0,,2580.0,947.0,119.0,1044.0,947.0,421.0,0.0,0.0,0.2761658262704288,,,
1789905555.0,0.0,22.0,0.0,97.0,,252.0,,2580.0,947.0,119.0,1044.0,947.0,421.0,0.0,0.0,0.2761658262704288,,,
1789905558.9,0.0,22.0,0.0,97.0,,252.0,,2580.0,947.0,119.0,1044.0,947.0,421.0,0.0,0.0,0.2761658262704288,,,
1789905562.8,0.0,22.0,0.0,97.0,,252.0,,2580.0,947.0,119.0,1044.0,947.0,421.0,0.0,0.0,0.2761658262704288,,,
1789905566.6,0.0,22.0,0.0,97.0,,252.0,,2580.0,947.0,119.0,1044.0,947.0,421.0,0.0,0.0,0.2761658262704288,,,
1789905570.5,0.0,22.0,0.0,97.0,,252.0,,2580.0,947.0,119.0,1044.0,947.0,421.0,0.0,0.0,0.2761658262704288,,,
1789905574.4,0.0,22.0,0.0,97.0,,252.0,,2580.0,947.0,119.0,1044.0,947.0,421.0,0.0,0.0,0.2761658262704288,,,
1789905578.3,0.0,22.0,0.0,97.0,,252.0,,2580.0,947.0,119.0,1044.0,947.0,421.0,0.0,0.0,0.2761658262704288,,,
1789905582.2,0.0,22.0,0.0,97.0,,252.0,,2580.0,947.0,119.0,1044.0,947.0,421.0,0.0,0.0,0.2761658262704288,,,
1789905586.1,0.0,22.0,0.0,97.0,,252.0,,2580.0,947.0,119.0,1044.0,947.0,421.0,0.0,0.0,0.2761658262704288,,,
1789905590.0,0.0,22.0,0.0,97.0,,252.0,,2580.0,947.0,119.0,1044.0,947.0,421.0,0.0,0.0,0.2761658262704288,,,
1789905593.9,0.0,22.0,0.0,97.0,,252.0,,2580.0,947.0,119.0,1044.0,947.0,421.0,0.0,0.0,0.2761658262704288,,,
1789905597.7,0.0,22.0,0.0,97.0,,252.0,,2580.0,947.0,119.0,1044.0,947.0,421.0,0.0,0.0,0.2761658262704288,,,
1789905601.7,0.0,22.0,0.0,97.0,,252.0,,2580.0,947.0,119.0,1044.0,947.0,421.0,0.0,0.0,0.2761658262704288,,,
1789905605.6,0.0,22.0,0.0,97.0,,252.0,,2580.0,947.0,119.0,1044.0,947.0,421.0,0.0,0.0,0.2761658262704288,,,
1789905609.5,0.0,22.0,0.0,97.0,,252.0,,2580.0,947.0,119.0,1044.0,947.0,421.0,0.0,0.0,0.2761658262704288,,,
1789905613.5,0.0,22.0,0.0,97.0,,252.0,,2580.0,947.0,119.0,1044.0,947.0,421.0,0.0,0.0,0.2761658262704288,,,
1789905617.4,0.0,22.0,0.0,97.0,,252.0,,2580.0,947.0,119.0,1044.0,947.0,421.0,0.0,0.0,0.2761658262704288,,,
1789905621.4,0.0,22.0,0.0,97.0,,252.0,,2580.0,947.0,119.0,1044.0,947.0,421.0,0.0,0.0,0.2761658262704288,,,
1789905623.3,0.0,22.0,0.0,97.0,,252.0,,2580.0,947.0,119.0,1044.0,947.0,421.0,0.0,0.0,0.2761658262704288,,,
