1789905739,program-aware-scheduling-epp-65c9d4c7cc-5bmc9,551m,45Mi
1789905739,program-aware-vllm-decode-9c9b54cb6-f9qsh,105m,23519Mi
1789905739,program-aware-vllm-decode-9c9b54cb6-gkzmr,113m,23465Mi
1789905739,program-aware-vllm-decode-9c9b54cb6-kccxc,107m,23480Mi
1789905739,program-aware-vllm-decode-9c9b54cb6-mngw2,104m,23495Mi
1789905739,weka-bench-epp-thunder-origin-c96-r3-8sdm4,943m,103Mi
1789905771,program-aware-scheduling-epp-65c9d4c7cc-5bmc9,543m,44Mi
1789905771,program-aware-vllm-decode-9c9b54cb6-f9qsh,106m,23519Mi
1789905771,program-aware-vllm-decode-9c9b54cb6-gkzmr,108m,23465Mi
1789905771,program-aware-vllm-decode-9c9b54cb6-kccxc,107m,23480Mi
1789905771,program-aware-vllm-decode-9c9b54cb6-mngw2,105m,23496Mi
1789905771,weka-bench-epp-thunder-origin-c96-r3-8sdm4,1242m,125Mi
1789905803,program-aware-scheduling-epp-65c9d4c7cc-5bmc9,546m,44Mi
1789905803,program-aware-vllm-decode-9c9b54cb6-f9qsh,108m,23519Mi
1789905803,program-aware-vllm-decode-9c9b54cb6-gkzmr,112m,23465Mi
1789905803,program-aware-vllm-decode-9c9b54cb6-kccxc,110m,23479Mi
1789905803,program-aware-vllm-decode-9c9b54cb6-mngw2,105m,23495Mi
1789905803,weka-bench-epp-thunder-origin-c96-r3-8sdm4,1456m,3161Mi
1789905835,program-aware-scheduling-epp-65c9d4c7cc-5bmc9,547m,45Mi
1789905835,program-aware-vllm-decode-9c9b54cb6-f9qsh,106m,23519Mi
1789905835,program-aware-vllm-decode-9c9b54cb6-gkzmr,108m,23465Mi
1789905835,program-aware-vllm-decode-9c9b54cb6-kccxc,109m,23479Mi
1789905835,program-aware-vllm-decode-9c9b54cb6-mngw2,105m,23495Mi
1789905835,weka-bench-epp-thunder-origin-c96-r3-8sdm4,8046m,4853Mi
1789905867,program-aware-scheduling-epp-65c9d4c7cc-5bmc9,542m,44Mi
1789905867,program-aware-vllm-decode-9c9b54cb6-f9qsh,108m,23519Mi
1789905867,program-aware-vllm-decode-9c9b54cb6-gkzmr,109m,23465Mi
1789905867,program-aware-vllm-decode-9c9b54cb6-kccxc,110m,23480Mi
1789905867,program-aware-vllm-decode-9c9b54cb6-mngw2,106m,23496Mi
1789905867,weka-bench-epp-thunder-origin-c96-r3-8sdm4,8062m,5437Mi
1789905899,program-aware-scheduling-epp-65c9d4c7cc-5bmc9,546m,46Mi
1789905899,program-aware-vllm-decode-9c9b54cb6-f9qsh,110m,23519Mi
1789905899,program-aware-vllm-decode-9c9b54cb6-gkzmr,108m,23465Mi
1789905899,program-aware-vllm-decode-9c9b54cb6-kccxc,337m,23423Mi
1789905899,program-aware-vllm-decode-9c9b54cb6-mngw2,392m,23447Mi
1789905899,weka-bench-epp-thunder-origin-c96-r3-8sdm4,7979m,6739Mi
1789905931,program-aware-scheduling-epp-65c9d4c7cc-5bmc9,687m,235Mi
1789905931,program-aware-vllm-decode-9c9b54cb6-f9qsh,2915m,23472Mi
1789905931,program-aware-vllm-decode-9c9b54cb6-gkzmr,2860m,23419Mi
1789905931,program-aware-vllm-decode-9c9b54cb6-kccxc,3172m,23423Mi
1789905931,program-aware-vllm-decode-9c9b54cb6-mngw2,3207m,23464Mi
1789905931,weka-bench-epp-thunder-origin-c96-r3-8sdm4,9483m,6861Mi
1789905963,program-aware-scheduling-epp-65c9d4c7cc-5bmc9,1452m,274Mi
1789905963,program-aware-vllm-decode-9c9b54cb6-f9qsh,2114m,23473Mi
1789905963,program-aware-vllm-decode-9c9b54cb6-gkzmr,2009m,23418Mi
1789905963,program-aware-vllm-decode-9c9b54cb6-kccxc,2178m,23428Mi
1789905963,program-aware-vllm-decode-9c9b54cb6-mngw2,2998m,23502Mi
1789905963,weka-bench-epp-thunder-origin-c96-r3-8sdm4,3100m,6978Mi
1789905995,program-aware-scheduling-epp-65c9d4c7cc-5bmc9,1700m,294Mi
1789905995,program-aware-vllm-decode-9c9b54cb6-f9qsh,2156m,23476Mi
1789905995,program-aware-vllm-decode-9c9b54cb6-gkzmr,2232m,23424Mi
1789905995,program-aware-vllm-decode-9c9b54cb6-kccxc,2100m,23429Mi
1789905995,program-aware-vllm-decode-9c9b54cb6-mngw2,2156m,23501Mi
1789905995,weka-bench-epp-thunder-origin-c96-r3-8sdm4,3381m,7089Mi
1789906027,program-aware-scheduling-epp-65c9d4c7cc-5bmc9,1626m,308Mi
1789906027,program-aware-vllm-decode-9c9b54cb6-f9qsh,2162m,23484Mi
1789906027,program-aware-vllm-decode-9c9b54cb6-gkzmr,2002m,23430Mi
1789906027,program-aware-vllm-decode-9c9b54cb6-kccxc,1869m,23434Mi
1789906027,program-aware-vllm-decode-9c9b54cb6-mngw2,2225m,23506Mi
1789906027,weka-bench-epp-thunder-origin-c96-r3-8sdm4,3427m,7182Mi
1789906058,program-aware-scheduling-epp-65c9d4c7cc-5bmc9,1582m,335Mi
1789906058,program-aware-vllm-decode-9c9b54cb6-f9qsh,1868m,23487Mi
1789906058,program-aware-vllm-decode-9c9b54cb6-gkzmr,1825m,23431Mi
1789906058,program-aware-vllm-decode-9c9b54cb6-kccxc,2103m,23440Mi
1789906058,program-aware-vllm-decode-9c9b54cb6-mngw2,2090m,23526Mi
1789906058,weka-bench-epp-thunder-origin-c96-r3-8sdm4,3414m,7282Mi
1789906090,program-aware-scheduling-epp-65c9d4c7cc-5bmc9,1449m,352Mi
1789906090,program-aware-vllm-decode-9c9b54cb6-f9qsh,2001m,23492Mi
1789906090,program-aware-vllm-decode-9c9b54cb6-gkzmr,1772m,23436Mi
1789906090,program-aware-vllm-decode-9c9b54cb6-kccxc,1693m,23444Mi
1789906090,program-aware-vllm-decode-9c9b54cb6-mngw2,2610m,23537Mi
1789906090,weka-bench-epp-thunder-origin-c96-r3-8sdm4,3418m,7432Mi
1789906122,program-aware-scheduling-epp-65c9d4c7cc-5bmc9,1441m,356Mi
1789906122,program-aware-vllm-decode-9c9b54cb6-f9qsh,1792m,23493Mi
1789906122,program-aware-vllm-decode-9c9b54cb6-gkzmr,1646m,23436Mi
1789906122,program-aware-vllm-decode-9c9b54cb6-kccxc,2054m,23449Mi
1789906122,program-aware-vllm-decode-9c9b54cb6-mngw2,2596m,23536Mi
1789906122,weka-bench-epp-thunder-origin-c96-r3-8sdm4,3618m,7518Mi
1789906154,program-aware-scheduling-epp-65c9d4c7cc-5bmc9,1509m,360Mi
1789906154,program-aware-vllm-decode-9c9b54cb6-f9qsh,1727m,23492Mi
1789906154,program-aware-vllm-decode-9c9b54cb6-gkzmr,1764m,23437Mi
1789906154,program-aware-vllm-decode-9c9b54cb6-kccxc,1794m,23451Mi
1789906154,program-aware-vllm-decode-9c9b54cb6-mngw2,2627m,23535Mi
1789906154,weka-bench-epp-thunder-origin-c96-r3-8sdm4,3657m,7624Mi
1789906186,program-aware-scheduling-epp-65c9d4c7cc-5bmc9,1481m,364Mi
1789906186,program-aware-vllm-decode-9c9b54cb6-f9qsh,1672m,23492Mi
1789906186,program-aware-vllm-decode-9c9b54cb6-gkzmr,1863m,23442Mi
1789906186,program-aware-vllm-decode-9c9b54cb6-kccxc,1938m,23460Mi
1789906186,program-aware-vllm-decode-9c9b54cb6-mngw2,2452m,23535Mi
1789906186,weka-bench-epp-thunder-origin-c96-r3-8sdm4,3533m,7700Mi
1789906218,program-aware-scheduling-epp-65c9d4c7cc-5bmc9,1297m,392Mi
1789906218,program-aware-vllm-decode-9c9b54cb6-f9qsh,2055m,23493Mi
1789906218,program-aware-vllm-decode-9c9b54cb6-gkzmr,1599m,23445Mi
1789906218,program-aware-vllm-decode-9c9b54cb6-kccxc,2111m,23477Mi
1789906218,program-aware-vllm-decode-9c9b54cb6-mngw2,2778m,23534Mi
1789906218,weka-bench-epp-thunder-origin-c96-r3-8sdm4,3388m,7772Mi
1789906250,program-aware-scheduling-epp-65c9d4c7cc-5bmc9,1442m,393Mi
1789906250,program-aware-vllm-decode-9c9b54cb6-f9qsh,1654m,23493Mi
1789906250,program-aware-vllm-decode-9c9b54cb6-gkzmr,1962m,23446Mi
1789906250,program-aware-vllm-decode-9c9b54cb6-kccxc,1641m,23476Mi
1789906250,program-aware-vllm-decode-9c9b54cb6-mngw2,2657m,23535Mi
1789906250,weka-bench-epp-thunder-origin-c96-r3-8sdm4,3615m,7825Mi
1789906282,program-aware-scheduling-epp-65c9d4c7cc-5bmc9,1341m,395Mi
1789906282,program-aware-vllm-decode-9c9b54cb6-f9qsh,2174m,23496Mi
1789906282,program-aware-vllm-decode-9c9b54cb6-gkzmr,1697m,23449Mi
1789906282,program-aware-vllm-decode-9c9b54cb6-kccxc,1499m,23478Mi
1789906282,program-aware-vllm-decode-9c9b54cb6-mngw2,2679m,23538Mi
1789906282,weka-bench-epp-thunder-origin-c96-r3-8sdm4,3595m,7873Mi
1789906314,program-aware-scheduling-epp-65c9d4c7cc-5bmc9,1328m,412Mi
1789906314,program-aware-vllm-decode-9c9b54cb6-f9qsh,1729m,23496Mi
1789906314,program-aware-vllm-decode-9c9b54cb6-gkzmr,1790m,23452Mi
1789906314,program-aware-vllm-decode-9c9b54cb6-kccxc,1984m,23481Mi
1789906314,program-aware-vllm-decode-9c9b54cb6-mngw2,2557m,23536Mi
1789906314,weka-bench-epp-thunder-origin-c96-r3-8sdm4,3498m,7972Mi
1789906346,program-aware-scheduling-epp-65c9d4c7cc-5bmc9,1413m,405Mi
1789906346,program-aware-vllm-decode-9c9b54cb6-f9qsh,1753m,23497Mi
1789906346,program-aware-vllm-decode-9c9b54cb6-gkzmr,1623m,23453Mi
1789906346,program-aware-vllm-decode-9c9b54cb6-kccxc,1585m,23482Mi
1789906346,program-aware-vllm-decode-9c9b54cb6-mngw2,2521m,23537Mi
1789906346,weka-bench-epp-thunder-origin-c96-r3-8sdm4,3956m,8055Mi
1789906378,program-aware-scheduling-epp-65c9d4c7cc-5bmc9,1401m,410Mi
1789906378,program-aware-vllm-decode-9c9b54cb6-f9qsh,2104m,23500Mi
1789906378,program-aware-vllm-decode-9c9b54cb6-gkzmr,1615m,23453Mi
1789906378,program-aware-vllm-decode-9c9b54cb6-kccxc,1595m,23483Mi
1789906378,program-aware-vllm-decode-9c9b54cb6-mngw2,2398m,23538Mi
1789906378,weka-bench-epp-thunder-origin-c96-r3-8sdm4,4219m,8278Mi
1789906410,program-aware-scheduling-epp-65c9d4c7cc-5bmc9,1408m,414Mi
1789906410,program-aware-vllm-decode-9c9b54cb6-f9qsh,1688m,23505Mi
1789906410,program-aware-vllm-decode-9c9b54cb6-gkzmr,2007m,23454Mi
1789906410,program-aware-vllm-decode-9c9b54cb6-kccxc,2014m,23482Mi
1789906410,program-aware-vllm-decode-9c9b54cb6-mngw2,2787m,23538Mi
1789906410,weka-bench-epp-thunder-origin-c96-r3-8sdm4,3747m,8348Mi
1789906442,program-aware-scheduling-epp-65c9d4c7cc-5bmc9,1374m,424Mi
1789906442,program-aware-vllm-decode-9c9b54cb6-f9qsh,1626m,23509Mi
1789906442,program-aware-vllm-decode-9c9b54cb6-gkzmr,1761m,23453Mi
1789906442,program-aware-vllm-decode-9c9b54cb6-kccxc,1770m,23482Mi
1789906442,program-aware-vllm-decode-9c9b54cb6-mngw2,2605m,23536Mi
1789906442,weka-bench-epp-thunder-origin-c96-r3-8sdm4,3674m,8432Mi
1789906474,program-aware-scheduling-epp-65c9d4c7cc-5bmc9,1425m,424Mi
1789906474,program-aware-vllm-decode-9c9b54cb6-f9qsh,1750m,23516Mi
1789906474,program-aware-vllm-decode-9c9b54cb6-gkzmr,1648m,23453Mi
1789906474,program-aware-vllm-decode-9c9b54cb6-kccxc,1441m,23482Mi
1789906474,program-aware-vllm-decode-9c9b54cb6-mngw2,2349m,23540Mi
1789906474,weka-bench-epp-thunder-origin-c96-r3-8sdm4,4212m,8490Mi
1789906506,program-aware-scheduling-epp-65c9d4c7cc-5bmc9,1490m,425Mi
1789906506,program-aware-vllm-decode-9c9b54cb6-f9qsh,1563m,23519Mi
1789906506,program-aware-vllm-decode-9c9b54cb6-gkzmr,1616m,23454Mi
1789906506,program-aware-vllm-decode-9c9b54cb6-kccxc,1585m,23483Mi
1789906506,program-aware-vllm-decode-9c9b54cb6-mngw2,2387m,23539Mi
1789906506,weka-bench-epp-thunder-origin-c96-r3-8sdm4,4374m,8589Mi
1789906538,program-aware-scheduling-epp-65c9d4c7cc-5bmc9,1325m,428Mi
1789906538,program-aware-vllm-decode-9c9b54cb6-f9qsh,1878m,23524Mi
1789906538,program-aware-vllm-decode-9c9b54cb6-gkzmr,1915m,23455Mi
1789906538,program-aware-vllm-decode-9c9b54cb6-kccxc,1678m,23483Mi
1789906538,program-aware-vllm-decode-9c9b54cb6-mngw2,2583m,23541Mi
1789906538,weka-bench-epp-thunder-origin-c96-r3-8sdm4,3860m,8651Mi
1789906569,program-aware-scheduling-epp-65c9d4c7cc-5bmc9,1332m,430Mi
1789906569,program-aware-vllm-decode-9c9b54cb6-f9qsh,1594m,23526Mi
1789906569,program-aware-vllm-decode-9c9b54cb6-gkzmr,1902m,23455Mi
1789906569,program-aware-vllm-decode-9c9b54cb6-kccxc,1802m,23484Mi
1789906569,program-aware-vllm-decode-9c9b54cb6-mngw2,2612m,23542Mi
1789906569,weka-bench-epp-thunder-origin-c96-r3-8sdm4,3975m,8889Mi
1789906601,program-aware-scheduling-epp-65c9d4c7cc-5bmc9,1340m,441Mi
1789906601,program-aware-vllm-decode-9c9b54cb6-f9qsh,2582m,23536Mi
1789906601,program-aware-vllm-decode-9c9b54cb6-gkzmr,1568m,23454Mi
1789906601,program-aware-vllm-decode-9c9b54cb6-kccxc,1657m,23482Mi
1789906601,program-aware-vllm-decode-9c9b54cb6-mngw2,2525m,23542Mi
1789906601,weka-bench-epp-thunder-origin-c96-r3-8sdm4,3707m,9013Mi
1789906633,program-aware-scheduling-epp-65c9d4c7cc-5bmc9,1388m,445Mi
1789906633,program-aware-vllm-decode-9c9b54cb6-f9qsh,1700m,23539Mi
1789906633,program-aware-vllm-decode-9c9b54cb6-gkzmr,1958m,23455Mi
1789906633,program-aware-vllm-decode-9c9b54cb6-kccxc,1629m,23483Mi
1789906633,program-aware-vllm-decode-9c9b54cb6-mngw2,2418m,23541Mi
1789906633,weka-bench-epp-thunder-origin-c96-r3-8sdm4,3691m,9081Mi
1789906665,program-aware-scheduling-epp-65c9d4c7cc-5bmc9,1448m,438Mi
1789906665,program-aware-vllm-decode-9c9b54cb6-f9qsh,1633m,23547Mi
1789906665,program-aware-vllm-decode-9c9b54cb6-gkzmr,1525m,23455Mi
1789906665,program-aware-vllm-decode-9c9b54cb6-kccxc,1593m,23483Mi
1789906665,program-aware-vllm-decode-9c9b54cb6-mngw2,2352m,23541Mi
1789906665,weka-bench-epp-thunder-origin-c96-r3-8sdm4,3860m,9139Mi
1789906697,program-aware-scheduling-epp-65c9d4c7cc-5bmc9,1418m,444Mi
1789906697,program-aware-vllm-decode-9c9b54cb6-f9qsh,1502m,23553Mi
1789906697,program-aware-vllm-decode-9c9b54cb6-gkzmr,1858m,23461Mi
1789906697,program-aware-vllm-decode-9c9b54cb6-kccxc,1555m,23483Mi
1789906697,program-aware-vllm-decode-9c9b54cb6-mngw2,2195m,23542Mi
1789906697,weka-bench-epp-thunder-origin-c96-r3-8sdm4,3836m,9216Mi
1789906729,program-aware-scheduling-epp-65c9d4c7cc-5bmc9,1370m,449Mi
1789906729,program-aware-vllm-decode-9c9b54cb6-f9qsh,1571m,23552Mi
1789906729,program-aware-vllm-decode-9c9b54cb6-gkzmr,1573m,23461Mi
1789906729,program-aware-vllm-decode-9c9b54cb6-kccxc,1602m,23483Mi
1789906729,program-aware-vllm-decode-9c9b54cb6-mngw2,2455m,23541Mi
1789906729,weka-bench-epp-thunder-origin-c96-r3-8sdm4,3746m,9257Mi
1789906760,program-aware-scheduling-epp-65c9d4c7cc-5bmc9,1379m,449Mi
1789906760,program-aware-vllm-decode-9c9b54cb6-f9qsh,1709m,23551Mi
1789906760,program-aware-vllm-decode-9c9b54cb6-gkzmr,1917m,23462Mi
1789906760,program-aware-vllm-decode-9c9b54cb6-kccxc,1816m,23482Mi
1789906760,program-aware-vllm-decode-9c9b54cb6-mngw2,2178m,23541Mi
1789906760,weka-bench-epp-thunder-origin-c96-r3-8sdm4,3766m,9349Mi
1789906793,program-aware-scheduling-epp-65c9d4c7cc-5bmc9,1473m,451Mi
1789906793,program-aware-vllm-decode-9c9b54cb6-f9qsh,1462m,23550Mi
1789906793,program-aware-vllm-decode-9c9b54cb6-gkzmr,1603m,23471Mi
1789906793,program-aware-vllm-decode-9c9b54cb6-kccxc,1785m,23482Mi
1789906793,program-aware-vllm-decode-9c9b54cb6-mngw2,2185m,23541Mi
1789906793,weka-bench-epp-thunder-origin-c96-r3-8sdm4,4144m,9440Mi
1789906824,program-aware-scheduling-epp-65c9d4c7cc-5bmc9,1424m,451Mi
1789906824,program-aware-vllm-decode-9c9b54cb6-f9qsh,1466m,23551Mi
1789906824,program-aware-vllm-decode-9c9b54cb6-gkzmr,1627m,23476Mi
1789906824,program-aware-vllm-decode-9c9b54cb6-kccxc,1586m,23483Mi
1789906824,program-aware-vllm-decode-9c9b54cb6-mngw2,1870m,23542Mi
1789906824,weka-bench-epp-thunder-origin-c96-r3-8sdm4,3964m,9526Mi
1789906856,program-aware-scheduling-epp-65c9d4c7cc-5bmc9,1397m,454Mi
1789906856,program-aware-vllm-decode-9c9b54cb6-f9qsh,1510m,23551Mi
1789906856,program-aware-vllm-decode-9c9b54cb6-gkzmr,1746m,23476Mi
1789906856,program-aware-vllm-decode-9c9b54cb6-kccxc,1677m,23483Mi
1789906856,program-aware-vllm-decode-9c9b54cb6-mngw2,2176m,23541Mi
1789906856,weka-bench-epp-thunder-origin-c96-r3-8sdm4,3805m,9588Mi
1789906888,program-aware-scheduling-epp-65c9d4c7cc-5bmc9,1328m,460Mi
1789906888,program-aware-vllm-decode-9c9b54cb6-f9qsh,1524m,23553Mi
1789906888,program-aware-vllm-decode-9c9b54cb6-gkzmr,2181m,23479Mi
1789906888,program-aware-vllm-decode-9c9b54cb6-kccxc,1553m,23483Mi
1789906888,program-aware-vllm-decode-9c9b54cb6-mngw2,2286m,23542Mi
1789906888,weka-bench-epp-thunder-origin-c96-r3-8sdm4,4059m,9652Mi
1789906920,program-aware-scheduling-epp-65c9d4c7cc-5bmc9,1377m,470Mi
1789906920,program-aware-vllm-decode-9c9b54cb6-f9qsh,1452m,23555Mi
1789906920,program-aware-vllm-decode-9c9b54cb6-gkzmr,1792m,23491Mi
1789906920,program-aware-vllm-decode-9c9b54cb6-kccxc,2074m,23485Mi
1789906920,program-aware-vllm-decode-9c9b54cb6-mngw2,2178m,23541Mi
1789906920,weka-bench-epp-thunder-origin-c96-r3-8sdm4,3849m,9681Mi
1789906952,program-aware-scheduling-epp-65c9d4c7cc-5bmc9,1407m,473Mi
1789906952,program-aware-vllm-decode-9c9b54cb6-f9qsh,1445m,23554Mi
1789906952,program-aware-vllm-decode-9c9b54cb6-gkzmr,1714m,23491Mi
1789906952,program-aware-vllm-decode-9c9b54cb6-kccxc,1726m,23487Mi
1789906952,program-aware-vllm-decode-9c9b54cb6-mngw2,2156m,23540Mi
1789906952,weka-bench-epp-thunder-origin-c96-r3-8sdm4,4162m,9757Mi
1789906984,program-aware-scheduling-epp-65c9d4c7cc-5bmc9,1472m,479Mi
1789906984,program-aware-vllm-decode-9c9b54cb6-f9qsh,1442m,23554Mi
1789906984,program-aware-vllm-decode-9c9b54cb6-gkzmr,1820m,23498Mi
1789906984,program-aware-vllm-decode-9c9b54cb6-kccxc,1696m,23486Mi
1789906984,program-aware-vllm-decode-9c9b54cb6-mngw2,2197m,23542Mi
1789906984,weka-bench-epp-thunder-origin-c96-r3-8sdm4,4082m,9834Mi
1789907016,program-aware-scheduling-epp-65c9d4c7cc-5bmc9,1405m,479Mi
1789907016,program-aware-vllm-decode-9c9b54cb6-f9qsh,2127m,23554Mi
1789907016,program-aware-vllm-decode-9c9b54cb6-gkzmr,1977m,23499Mi
1789907016,program-aware-vllm-decode-9c9b54cb6-kccxc,1711m,23487Mi
1789907016,program-aware-vllm-decode-9c9b54cb6-mngw2,1828m,23540Mi
1789907016,weka-bench-epp-thunder-origin-c96-r3-8sdm4,3968m,9909Mi
1789907048,program-aware-scheduling-epp-65c9d4c7cc-5bmc9,1184m,478Mi
1789907048,program-aware-vllm-decode-9c9b54cb6-f9qsh,1736m,23556Mi
1789907048,program-aware-vllm-decode-9c9b54cb6-gkzmr,2262m,23499Mi
1789907048,program-aware-vllm-decode-9c9b54cb6-kccxc,1650m,23487Mi
1789907048,program-aware-vllm-decode-9c9b54cb6-mngw2,2505m,23541Mi
1789907048,weka-bench-epp-thunder-origin-c96-r3-8sdm4,3679m,9996Mi
1789907079,program-aware-scheduling-epp-65c9d4c7cc-5bmc9,1316m,482Mi
1789907079,program-aware-vllm-decode-9c9b54cb6-f9qsh,2038m,23556Mi
1789907079,program-aware-vllm-decode-9c9b54cb6-gkzmr,1691m,23498Mi
1789907079,program-aware-vllm-decode-9c9b54cb6-kccxc,1674m,23497Mi
1789907079,program-aware-vllm-decode-9c9b54cb6-mngw2,2192m,23541Mi
1789907079,weka-bench-epp-thunder-origin-c96-r3-8sdm4,3860m,10020Mi
1789907111,program-aware-scheduling-epp-65c9d4c7cc-5bmc9,1380m,485Mi
1789907111,program-aware-vllm-decode-9c9b54cb6-f9qsh,1842m,23554Mi
1789907111,program-aware-vllm-decode-9c9b54cb6-gkzmr,1934m,23499Mi
1789907111,program-aware-vllm-decode-9c9b54cb6-kccxc,1671m,23497Mi
1789907111,program-aware-vllm-decode-9c9b54cb6-mngw2,2149m,23542Mi
1789907111,weka-bench-epp-thunder-origin-c96-r3-8sdm4,4132m,10168Mi
1789907143,program-aware-scheduling-epp-65c9d4c7cc-5bmc9,1355m,481Mi
1789907143,program-aware-vllm-decode-9c9b54cb6-f9qsh,1859m,23555Mi
1789907143,program-aware-vllm-decode-9c9b54cb6-gkzmr,1965m,23499Mi
1789907143,program-aware-vllm-decode-9c9b54cb6-kccxc,1695m,23498Mi
1789907143,program-aware-vllm-decode-9c9b54cb6-mngw2,2109m,23541Mi
1789907143,weka-bench-epp-thunder-origin-c96-r3-8sdm4,4087m,10209Mi
1789907175,program-aware-scheduling-epp-65c9d4c7cc-5bmc9,1346m,484Mi
1789907175,program-aware-vllm-decode-9c9b54cb6-f9qsh,1373m,23554Mi
1789907175,program-aware-vllm-decode-9c9b54cb6-gkzmr,1992m,23500Mi
1789907175,program-aware-vllm-decode-9c9b54cb6-kccxc,1603m,23504Mi
1789907175,program-aware-vllm-decode-9c9b54cb6-mngw2,2418m,23541Mi
1789907175,weka-bench-epp-thunder-origin-c96-r3-8sdm4,4408m,10263Mi
1789907207,program-aware-scheduling-epp-65c9d4c7cc-5bmc9,1274m,495Mi
1789907207,program-aware-vllm-decode-9c9b54cb6-f9qsh,1976m,23555Mi
1789907207,program-aware-vllm-decode-9c9b54cb6-gkzmr,1743m,23500Mi
1789907207,program-aware-vllm-decode-9c9b54cb6-kccxc,1674m,23503Mi
1789907207,program-aware-vllm-decode-9c9b54cb6-mngw2,2231m,23541Mi
1789907207,weka-bench-epp-thunder-origin-c96-r3-8sdm4,4103m,10354Mi
1789907239,program-aware-scheduling-epp-65c9d4c7cc-5bmc9,1260m,501Mi
1789907239,program-aware-vllm-decode-9c9b54cb6-f9qsh,1987m,23555Mi
1789907239,program-aware-vllm-decode-9c9b54cb6-gkzmr,1899m,23500Mi
1789907239,program-aware-vllm-decode-9c9b54cb6-kccxc,2034m,23504Mi
1789907239,program-aware-vllm-decode-9c9b54cb6-mngw2,2372m,23541Mi
1789907239,weka-bench-epp-thunder-origin-c96-r3-8sdm4,3998m,10403Mi
1789907271,program-aware-scheduling-epp-65c9d4c7cc-5bmc9,1369m,493Mi
1789907271,program-aware-vllm-decode-9c9b54cb6-f9qsh,1530m,23555Mi
1789907271,program-aware-vllm-decode-9c9b54cb6-gkzmr,1796m,23499Mi
1789907271,program-aware-vllm-decode-9c9b54cb6-kccxc,1556m,23504Mi
1789907271,program-aware-vllm-decode-9c9b54cb6-mngw2,2080m,23542Mi
1789907271,weka-bench-epp-thunder-origin-c96-r3-8sdm4,4250m,10458Mi
1789907303,program-aware-scheduling-epp-65c9d4c7cc-5bmc9,1314m,498Mi
1789907303,program-aware-vllm-decode-9c9b54cb6-f9qsh,1717m,23554Mi
1789907303,program-aware-vllm-decode-9c9b54cb6-gkzmr,2037m,23500Mi
1789907303,program-aware-vllm-decode-9c9b54cb6-kccxc,1531m,23504Mi
1789907303,program-aware-vllm-decode-9c9b54cb6-mngw2,2365m,23542Mi
1789907303,weka-bench-epp-thunder-origin-c96-r3-8sdm4,4005m,10494Mi
1789907335,program-aware-scheduling-epp-65c9d4c7cc-5bmc9,1213m,501Mi
1789907335,program-aware-vllm-decode-9c9b54cb6-f9qsh,2069m,23555Mi
1789907335,program-aware-vllm-decode-9c9b54cb6-gkzmr,1957m,23499Mi
1789907335,program-aware-vllm-decode-9c9b54cb6-kccxc,1558m,23504Mi
1789907335,program-aware-vllm-decode-9c9b54cb6-mngw2,2274m,23540Mi
1789907335,weka-bench-epp-thunder-origin-c96-r3-8sdm4,3993m,10568Mi
1789907367,program-aware-scheduling-epp-65c9d4c7cc-5bmc9,1122m,493Mi
1789907367,program-aware-vllm-decode-9c9b54cb6-f9qsh,1970m,23554Mi
1789907367,program-aware-vllm-decode-9c9b54cb6-gkzmr,1973m,23499Mi
1789907367,program-aware-vllm-decode-9c9b54cb6-kccxc,1667m,23504Mi
1789907367,program-aware-vllm-decode-9c9b54cb6-mngw2,2588m,23542Mi
1789907367,weka-bench-epp-thunder-origin-c96-r3-8sdm4,3813m,10633Mi
1789907399,program-aware-scheduling-epp-65c9d4c7cc-5bmc9,1202m,484Mi
1789907399,program-aware-vllm-decode-9c9b54cb6-f9qsh,1640m,23557Mi
1789907399,program-aware-vllm-decode-9c9b54cb6-gkzmr,2209m,23500Mi
1789907399,program-aware-vllm-decode-9c9b54cb6-kccxc,1830m,23504Mi
1789907399,program-aware-vllm-decode-9c9b54cb6-mngw2,2758m,23542Mi
1789907399,weka-bench-epp-thunder-origin-c96-r3-8sdm4,3569m,10673Mi
1789907430,program-aware-scheduling-epp-65c9d4c7cc-5bmc9,1295m,499Mi
1789907430,program-aware-vllm-decode-9c9b54cb6-f9qsh,1500m,23558Mi
1789907430,program-aware-vllm-decode-9c9b54cb6-gkzmr,1968m,23500Mi
1789907430,program-aware-vllm-decode-9c9b54cb6-kccxc,1619m,23504Mi
1789907430,program-aware-vllm-decode-9c9b54cb6-mngw2,2284m,23541Mi
1789907430,weka-bench-epp-thunder-origin-c96-r3-8sdm4,3765m,10738Mi
1789907462,program-aware-scheduling-epp-65c9d4c7cc-5bmc9,1376m,493Mi
1789907462,program-aware-vllm-decode-9c9b54cb6-f9qsh,1627m,23557Mi
1789907462,program-aware-vllm-decode-9c9b54cb6-gkzmr,1825m,23499Mi
1789907462,program-aware-vllm-decode-9c9b54cb6-kccxc,1670m,23504Mi
1789907462,program-aware-vllm-decode-9c9b54cb6-mngw2,1991m,23540Mi
1789907462,weka-bench-epp-thunder-origin-c96-r3-8sdm4,3997m,10802Mi
1789907494,program-aware-scheduling-epp-65c9d4c7cc-5bmc9,1285m,485Mi
1789907494,program-aware-vllm-decode-9c9b54cb6-f9qsh,1494m,23557Mi
1789907494,program-aware-vllm-decode-9c9b54cb6-gkzmr,1499m,23500Mi
1789907494,program-aware-vllm-decode-9c9b54cb6-kccxc,1642m,23504Mi
1789907494,program-aware-vllm-decode-9c9b54cb6-mngw2,2688m,23541Mi
1789907494,weka-bench-epp-thunder-origin-c96-r3-8sdm4,4351m,10854Mi
1789907526,program-aware-scheduling-epp-65c9d4c7cc-5bmc9,1319m,487Mi
1789907526,program-aware-vllm-decode-9c9b54cb6-f9qsh,1523m,23558Mi
1789907526,program-aware-vllm-decode-9c9b54cb6-gkzmr,2052m,23500Mi
1789907526,program-aware-vllm-decode-9c9b54cb6-kccxc,1541m,23504Mi
1789907526,program-aware-vllm-decode-9c9b54cb6-mngw2,2439m,23540Mi
1789907526,weka-bench-epp-thunder-origin-c96-r3-8sdm4,4231m,10927Mi
1789907558,program-aware-scheduling-epp-65c9d4c7cc-5bmc9,1317m,490Mi
1789907558,program-aware-vllm-decode-9c9b54cb6-f9qsh,1691m,23558Mi
1789907558,program-aware-vllm-decode-9c9b54cb6-gkzmr,1708m,23500Mi
1789907558,program-aware-vllm-decode-9c9b54cb6-kccxc,1750m,23505Mi
1789907558,program-aware-vllm-decode-9c9b54cb6-mngw2,2495m,23540Mi
1789907558,weka-bench-epp-thunder-origin-c96-r3-8sdm4,4140m,10969Mi
1789907590,program-aware-scheduling-epp-65c9d4c7cc-5bmc9,1247m,494Mi
1789907590,program-aware-vllm-decode-9c9b54cb6-f9qsh,1600m,23559Mi
1789907590,program-aware-vllm-decode-9c9b54cb6-gkzmr,1925m,23500Mi
1789907590,program-aware-vllm-decode-9c9b54cb6-kccxc,1805m,23505Mi
1789907590,program-aware-vllm-decode-9c9b54cb6-mngw2,2270m,23542Mi
1789907590,weka-bench-epp-thunder-origin-c96-r3-8sdm4,3946m,11097Mi
1789907622,program-aware-scheduling-epp-65c9d4c7cc-5bmc9,1291m,487Mi
1789907622,program-aware-vllm-decode-9c9b54cb6-f9qsh,1391m,23559Mi
1789907622,program-aware-vllm-decode-9c9b54cb6-gkzmr,1908m,23500Mi
1789907622,program-aware-vllm-decode-9c9b54cb6-kccxc,1764m,23514Mi
1789907622,program-aware-vllm-decode-9c9b54cb6-mngw2,2346m,23542Mi
1789907622,weka-bench-epp-thunder-origin-c96-r3-8sdm4,4074m,11149Mi
1789907654,program-aware-scheduling-epp-65c9d4c7cc-5bmc9,1291m,481Mi
1789907654,program-aware-vllm-decode-9c9b54cb6-f9qsh,1529m,23558Mi
1789907654,program-aware-vllm-decode-9c9b54cb6-gkzmr,1545m,23499Mi
1789907654,program-aware-vllm-decode-9c9b54cb6-kccxc,1894m,23524Mi
1789907654,program-aware-vllm-decode-9c9b54cb6-mngw2,2208m,23541Mi
1789907654,weka-bench-epp-thunder-origin-c96-r3-8sdm4,4126m,11198Mi
1789907686,program-aware-scheduling-epp-65c9d4c7cc-5bmc9,1333m,457Mi
1789907686,program-aware-vllm-decode-9c9b54cb6-f9qsh,1528m,23559Mi
1789907686,program-aware-vllm-decode-9c9b54cb6-gkzmr,1491m,23499Mi
1789907686,program-aware-vllm-decode-9c9b54cb6-kccxc,1926m,23524Mi
1789907686,program-aware-vllm-decode-9c9b54cb6-mngw2,2567m,23541Mi
1789907686,weka-bench-epp-thunder-origin-c96-r3-8sdm4,3860m,11264Mi
1789907718,program-aware-scheduling-epp-65c9d4c7cc-5bmc9,1447m,360Mi
1789907718,program-aware-vllm-decode-9c9b54cb6-f9qsh,1489m,23559Mi
1789907718,program-aware-vllm-decode-9c9b54cb6-gkzmr,1595m,23499Mi
1789907718,program-aware-vllm-decode-9c9b54cb6-kccxc,1786m,23523Mi
1789907718,program-aware-vllm-decode-9c9b54cb6-mngw2,2467m,23541Mi
1789907718,weka-bench-epp-thunder-origin-c96-r3-8sdm4,2667m,11312Mi
1789907749,program-aware-scheduling-epp-65c9d4c7cc-5bmc9,1558m,267Mi
1789907749,program-aware-vllm-decode-9c9b54cb6-f9qsh,1719m,23558Mi
1789907749,program-aware-vllm-decode-9c9b54cb6-gkzmr,1798m,23499Mi
1789907749,program-aware-vllm-decode-9c9b54cb6-kccxc,1663m,23523Mi
1789907749,program-aware-vllm-decode-9c9b54cb6-mngw2,2807m,23540Mi
1789907749,weka-bench-epp-thunder-origin-c96-r3-8sdm4,2945m,11361Mi
1789907781,program-aware-scheduling-epp-65c9d4c7cc-5bmc9,1196m,163Mi
1789907781,program-aware-vllm-decode-9c9b54cb6-f9qsh,1104m,23523Mi
1789907781,program-aware-vllm-decode-9c9b54cb6-gkzmr,1831m,23464Mi
1789907781,program-aware-vllm-decode-9c9b54cb6-kccxc,1954m,23522Mi
1789907781,program-aware-vllm-decode-9c9b54cb6-mngw2,2881m,23541Mi
1789907781,weka-bench-epp-thunder-origin-c96-r3-8sdm4,2250m,11406Mi
1789907813,program-aware-scheduling-epp-65c9d4c7cc-5bmc9,1006m,112Mi
1789907813,program-aware-vllm-decode-9c9b54cb6-f9qsh,107m,23523Mi
1789907813,program-aware-vllm-decode-9c9b54cb6-gkzmr,108m,23463Mi
1789907813,program-aware-vllm-decode-9c9b54cb6-kccxc,890m,23485Mi
1789907813,program-aware-vllm-decode-9c9b54cb6-mngw2,1571m,23540Mi
1789907813,weka-bench-epp-thunder-origin-c96-r3-8sdm4,1751m,11424Mi
1789907845,program-aware-scheduling-epp-65c9d4c7cc-5bmc9,700m,109Mi
1789907845,program-aware-vllm-decode-9c9b54cb6-f9qsh,106m,23523Mi
1789907845,program-aware-vllm-decode-9c9b54cb6-gkzmr,111m,23464Mi
1789907845,program-aware-vllm-decode-9c9b54cb6-kccxc,110m,23486Mi
1789907845,program-aware-vllm-decode-9c9b54cb6-mngw2,294m,23485Mi
1789907845,weka-bench-epp-thunder-origin-c96-r3-8sdm4,1752m,5505Mi
1789907877,program-aware-scheduling-epp-65c9d4c7cc-5bmc9,629m,113Mi
1789907877,program-aware-vllm-decode-9c9b54cb6-f9qsh,106m,23524Mi
1789907877,program-aware-vllm-decode-9c9b54cb6-gkzmr,110m,23463Mi
1789907877,program-aware-vllm-decode-9c9b54cb6-kccxc,109m,23486Mi
1789907877,program-aware-vllm-decode-9c9b54cb6-mngw2,105m,23484Mi
1789907877,weka-bench-epp-thunder-origin-c96-r3-8sdm4,1564m,5511Mi
1789907909,program-aware-scheduling-epp-65c9d4c7cc-5bmc9,623m,110Mi
1789907909,program-aware-vllm-decode-9c9b54cb6-f9qsh,104m,23523Mi
1789907909,program-aware-vllm-decode-9c9b54cb6-gkzmr,109m,23463Mi
1789907909,program-aware-vllm-decode-9c9b54cb6-kccxc,110m,23485Mi
1789907909,program-aware-vllm-decode-9c9b54cb6-mngw2,106m,23484Mi
1789907909,weka-bench-epp-thunder-origin-c96-r3-8sdm4,1565m,5514Mi
1789907941,program-aware-scheduling-epp-65c9d4c7cc-5bmc9,623m,108Mi
1789907941,program-aware-vllm-decode-9c9b54cb6-f9qsh,106m,23523Mi
1789907941,program-aware-vllm-decode-9c9b54cb6-gkzmr,111m,23464Mi
1789907941,program-aware-vllm-decode-9c9b54cb6-kccxc,109m,23485Mi
1789907941,program-aware-vllm-decode-9c9b54cb6-mngw2,103m,23484Mi
1789907941,weka-bench-epp-thunder-origin-c96-r3-8sdm4,1550m,5518Mi
1789907973,program-aware-scheduling-epp-65c9d4c7cc-5bmc9,628m,108Mi
1789907973,program-aware-vllm-decode-9c9b54cb6-f9qsh,104m,23523Mi
1789907973,program-aware-vllm-decode-9c9b54cb6-gkzmr,106m,23463Mi
1789907973,program-aware-vllm-decode-9c9b54cb6-kccxc,106m,23485Mi
1789907973,program-aware-vllm-decode-9c9b54cb6-mngw2,104m,23484Mi
1789907973,weka-bench-epp-thunder-origin-c96-r3-8sdm4,1525m,5524Mi
1789908004,program-aware-scheduling-epp-65c9d4c7cc-5bmc9,633m,108Mi
1789908004,program-aware-vllm-decode-9c9b54cb6-f9qsh,103m,23523Mi
1789908004,program-aware-vllm-decode-9c9b54cb6-gkzmr,108m,23463Mi
1789908004,program-aware-vllm-decode-9c9b54cb6-kccxc,108m,23486Mi
1789908004,program-aware-vllm-decode-9c9b54cb6-mngw2,105m,23484Mi
1789908004,weka-bench-epp-thunder-origin-c96-r3-8sdm4,1580m,5528Mi
1789908036,program-aware-scheduling-epp-65c9d4c7cc-5bmc9,624m,109Mi
1789908036,program-aware-vllm-decode-9c9b54cb6-f9qsh,101m,23523Mi
1789908036,program-aware-vllm-decode-9c9b54cb6-gkzmr,110m,23463Mi
1789908036,program-aware-vllm-decode-9c9b54cb6-kccxc,107m,23485Mi
1789908036,program-aware-vllm-decode-9c9b54cb6-mngw2,105m,23484Mi
1789908036,weka-bench-epp-thunder-origin-c96-r3-8sdm4,1510m,5532Mi
1789908068,program-aware-scheduling-epp-65c9d4c7cc-5bmc9,628m,107Mi
1789908068,program-aware-vllm-decode-9c9b54cb6-f9qsh,103m,23523Mi
1789908068,program-aware-vllm-decode-9c9b54cb6-gkzmr,109m,23463Mi
1789908068,program-aware-vllm-decode-9c9b54cb6-kccxc,107m,23485Mi
1789908068,program-aware-vllm-decode-9c9b54cb6-mngw2,104m,23484Mi
1789908068,weka-bench-epp-thunder-origin-c96-r3-8sdm4,1560m,5536Mi
1789908100,program-aware-scheduling-epp-65c9d4c7cc-5bmc9,624m,102Mi
1789908100,program-aware-vllm-decode-9c9b54cb6-f9qsh,104m,23524Mi
1789908100,program-aware-vllm-decode-9c9b54cb6-gkzmr,110m,23464Mi
1789908100,program-aware-vllm-decode-9c9b54cb6-kccxc,109m,23485Mi
1789908100,program-aware-vllm-decode-9c9b54cb6-mngw2,103m,23485Mi
1789908100,weka-bench-epp-thunder-origin-c96-r3-8sdm4,1554m,5517Mi
1789908132,program-aware-scheduling-epp-65c9d4c7cc-5bmc9,633m,104Mi
1789908132,program-aware-vllm-decode-9c9b54cb6-f9qsh,108m,23523Mi
1789908132,program-aware-vllm-decode-9c9b54cb6-gkzmr,109m,23463Mi
1789908132,program-aware-vllm-decode-9c9b54cb6-kccxc,111m,23485Mi
1789908132,program-aware-vllm-decode-9c9b54cb6-mngw2,105m,23484Mi
1789908132,weka-bench-epp-thunder-origin-c96-r3-8sdm4,1496m,5518Mi
1789908164,program-aware-scheduling-epp-65c9d4c7cc-5bmc9,626m,105Mi
1789908164,program-aware-vllm-decode-9c9b54cb6-f9qsh,108m,23522Mi
1789908164,program-aware-vllm-decode-9c9b54cb6-gkzmr,108m,23463Mi
1789908164,program-aware-vllm-decode-9c9b54cb6-kccxc,112m,23486Mi
1789908164,program-aware-vllm-decode-9c9b54cb6-mngw2,105m,23484Mi
1789908164,weka-bench-epp-thunder-origin-c96-r3-8sdm4,1492m,5523Mi
1789908196,program-aware-scheduling-epp-65c9d4c7cc-5bmc9,620m,103Mi
1789908196,program-aware-vllm-decode-9c9b54cb6-f9qsh,105m,23522Mi
1789908196,program-aware-vllm-decode-9c9b54cb6-gkzmr,109m,23464Mi
1789908196,program-aware-vllm-decode-9c9b54cb6-kccxc,109m,23485Mi
1789908196,program-aware-vllm-decode-9c9b54cb6-mngw2,107m,23484Mi
1789908196,weka-bench-epp-thunder-origin-c96-r3-8sdm4,1518m,5525Mi
1789908228,program-aware-scheduling-epp-65c9d4c7cc-5bmc9,635m,105Mi
1789908228,program-aware-vllm-decode-9c9b54cb6-f9qsh,107m,23523Mi
1789908228,program-aware-vllm-decode-9c9b54cb6-gkzmr,112m,23463Mi
1789908228,program-aware-vllm-decode-9c9b54cb6-kccxc,108m,23486Mi
1789908228,program-aware-vllm-decode-9c9b54cb6-mngw2,107m,23485Mi
1789908228,weka-bench-epp-thunder-origin-c96-r3-8sdm4,1465m,5530Mi
1789908260,program-aware-scheduling-epp-65c9d4c7cc-5bmc9,623m,108Mi
1789908260,program-aware-vllm-decode-9c9b54cb6-f9qsh,107m,23523Mi
1789908260,program-aware-vllm-decode-9c9b54cb6-gkzmr,111m,23463Mi
1789908260,program-aware-vllm-decode-9c9b54cb6-kccxc,110m,23485Mi
1789908260,program-aware-vllm-decode-9c9b54cb6-mngw2,108m,23484Mi
1789908260,weka-bench-epp-thunder-origin-c96-r3-8sdm4,1527m,5532Mi
1789908291,program-aware-scheduling-epp-65c9d4c7cc-5bmc9,635m,106Mi
1789908291,program-aware-vllm-decode-9c9b54cb6-f9qsh,105m,23523Mi
1789908291,program-aware-vllm-decode-9c9b54cb6-gkzmr,111m,23463Mi
1789908291,program-aware-vllm-decode-9c9b54cb6-kccxc,113m,23485Mi
1789908291,program-aware-vllm-decode-9c9b54cb6-mngw2,108m,23485Mi
1789908291,weka-bench-epp-thunder-origin-c96-r3-8sdm4,1477m,5535Mi
1789908323,program-aware-scheduling-epp-65c9d4c7cc-5bmc9,630m,103Mi
1789908323,program-aware-vllm-decode-9c9b54cb6-f9qsh,103m,23523Mi
1789908323,program-aware-vllm-decode-9c9b54cb6-gkzmr,110m,23463Mi
1789908323,program-aware-vllm-decode-9c9b54cb6-kccxc,115m,23485Mi
1789908323,program-aware-vllm-decode-9c9b54cb6-mngw2,108m,23484Mi
1789908323,weka-bench-epp-thunder-origin-c96-r3-8sdm4,1522m,5516Mi
1789908355,program-aware-scheduling-epp-65c9d4c7cc-5bmc9,631m,104Mi
1789908355,program-aware-vllm-decode-9c9b54cb6-f9qsh,105m,23523Mi
1789908355,program-aware-vllm-decode-9c9b54cb6-gkzmr,109m,23463Mi
1789908355,program-aware-vllm-decode-9c9b54cb6-kccxc,110m,23486Mi
1789908355,program-aware-vllm-decode-9c9b54cb6-mngw2,108m,23484Mi
1789908355,weka-bench-epp-thunder-origin-c96-r3-8sdm4,1484m,5521Mi
1789908387,program-aware-scheduling-epp-65c9d4c7cc-5bmc9,624m,104Mi
1789908387,program-aware-vllm-decode-9c9b54cb6-f9qsh,105m,23523Mi
1789908387,program-aware-vllm-decode-9c9b54cb6-gkzmr,108m,23463Mi
1789908387,program-aware-vllm-decode-9c9b54cb6-kccxc,109m,23485Mi
1789908387,program-aware-vllm-decode-9c9b54cb6-mngw2,107m,23484Mi
1789908387,weka-bench-epp-thunder-origin-c96-r3-8sdm4,1506m,5530Mi
1789908418,program-aware-scheduling-epp-65c9d4c7cc-5bmc9,621m,106Mi
1789908418,program-aware-vllm-decode-9c9b54cb6-f9qsh,105m,23523Mi
1789908418,program-aware-vllm-decode-9c9b54cb6-gkzmr,108m,23463Mi
1789908418,program-aware-vllm-decode-9c9b54cb6-kccxc,111m,23486Mi
1789908418,program-aware-vllm-decode-9c9b54cb6-mngw2,106m,23484Mi
1789908418,weka-bench-epp-thunder-origin-c96-r3-8sdm4,1509m,5539Mi
1789908450,program-aware-scheduling-epp-65c9d4c7cc-5bmc9,627m,104Mi
1789908450,program-aware-vllm-decode-9c9b54cb6-f9qsh,106m,23523Mi
1789908450,program-aware-vllm-decode-9c9b54cb6-gkzmr,110m,23463Mi
1789908450,program-aware-vllm-decode-9c9b54cb6-kccxc,110m,23486Mi
1789908450,program-aware-vllm-decode-9c9b54cb6-mngw2,110m,23484Mi
1789908450,weka-bench-epp-thunder-origin-c96-r3-8sdm4,1517m,5550Mi
1789908482,program-aware-scheduling-epp-65c9d4c7cc-5bmc9,619m,103Mi
1789908482,program-aware-vllm-decode-9c9b54cb6-f9qsh,105m,23523Mi
1789908482,program-aware-vllm-decode-9c9b54cb6-gkzmr,109m,23463Mi
1789908482,program-aware-vllm-decode-9c9b54cb6-kccxc,112m,23486Mi
1789908482,program-aware-vllm-decode-9c9b54cb6-mngw2,106m,23484Mi
1789908482,weka-bench-epp-thunder-origin-c96-r3-8sdm4,1481m,5564Mi
1789908514,program-aware-scheduling-epp-65c9d4c7cc-5bmc9,628m,104Mi
1789908514,program-aware-vllm-decode-9c9b54cb6-f9qsh,104m,23522Mi
1789908514,program-aware-vllm-decode-9c9b54cb6-gkzmr,110m,23463Mi
1789908514,program-aware-vllm-decode-9c9b54cb6-kccxc,110m,23485Mi
1789908514,program-aware-vllm-decode-9c9b54cb6-mngw2,103m,23484Mi
1789908514,weka-bench-epp-thunder-origin-c96-r3-8sdm4,1510m,5571Mi
1789908546,program-aware-scheduling-epp-65c9d4c7cc-5bmc9,621m,105Mi
1789908546,program-aware-vllm-decode-9c9b54cb6-f9qsh,104m,23523Mi
1789908546,program-aware-vllm-decode-9c9b54cb6-gkzmr,110m,23463Mi
1789908546,program-aware-vllm-decode-9c9b54cb6-kccxc,111m,23486Mi
1789908546,program-aware-vllm-decode-9c9b54cb6-mngw2,101m,23484Mi
1789908546,weka-bench-epp-thunder-origin-c96-r3-8sdm4,1504m,5579Mi
